# https://github.com/mikedh/trimesh
v 1.37569804 2.13052202 1.03244667 0.32549020 0.24313725 0.17647059
v 1.38045695 2.12437612 1.04784671 0.30588235 0.23137255 0.17254902
v 1.36659558 2.13581491 1.08262090 0.27450980 0.21176471 0.16470588
v 1.37978275 2.21901768 1.05454879 0.34509804 0.25882353 0.18431373
v 1.37944443 2.24738874 1.09322914 0.31372549 0.23921569 0.17254902
v 1.37576378 2.00817871 1.02027244 0.24705882 0.18823529 0.15686275
v 1.28121948 1.47880840 0.86543995 0.30980392 0.23529412 0.17647059
v 1.32930015 1.55735575 0.88176064 0.34509804 0.25882353 0.18431373
v 1.32349167 1.35992849 0.83221898 0.32549020 0.24705882 0.17647059
v 1.34834598 1.51252396 0.87651577 0.33333333 0.25098039 0.18431373
v 1.34900314 1.38824327 0.84869986 0.33725490 0.25490196 0.18431373
v 1.35229804 1.41682994 0.86982900 0.30588235 0.24313725 0.20000000
v 1.32153900 0.79366639 0.69563847 0.36862745 0.27843137 0.18431373
v 1.31777217 0.84111400 0.73576028 0.30588235 0.23529412 0.17647059
v 1.29042780 0.86330699 0.70147452 0.32549020 0.24705882 0.17647059
v 1.32606015 0.86111594 0.72519607 0.34509804 0.26274510 0.18431373
v 1.32703857 0.77334126 0.70679511 0.37647059 0.28235294 0.18823529
v 1.32650531 0.94342047 0.73400932 0.32941176 0.25098039 0.18039216
v 1.31354387 0.66210612 0.66253565 0.34509804 0.25882353 0.18431373
v 1.32410399 0.70418245 0.69499613 0.35686275 0.26666667 0.18431373
v 1.30019972 0.76955634 0.68174576 0.35686275 0.26666667 0.18431373
v 1.38476562 2.41894531 1.09882838 0.34901961 0.25882353 0.18431373
v 1.38595519 2.42673794 1.13441740 0.30588235 0.23137255 0.17254902
v 1.39323685 2.38790894 1.10539717 0.34509804 0.25882353 0.18431373
v 1.38129187 2.31878670 1.12304516 0.33333333 0.25098039 0.18039216
v 1.38869132 2.29505578 1.08056641 0.34509804 0.25882353 0.18431373
v 1.35206531 2.27338438 1.05760945 0.34509804 0.25882353 0.18431373
v 1.37357931 2.26743482 1.16404329 0.27843137 0.21176471 0.16470588
v 1.30872397 0.99366097 0.73517109 0.30588235 0.23137255 0.17254902
v 1.28258261 1.03436697 0.74346094 0.27843137 0.21176471 0.16470588
v 1.31439228 1.07577991 0.75604607 0.30980392 0.23529412 0.17254902
v 1.33101326 1.02267227 0.75621363 0.33333333 0.25098039 0.18039216
v 1.31441353 0.41017668 0.61468560 0.34509804 0.25882353 0.18431373
v 1.30303809 0.49278579 0.61733967 0.35686275 0.26666667 0.18431373
v 1.32002845 0.47705808 0.63345180 0.35294118 0.26274510 0.18431373
v 1.32872009 2.44503615 1.09536737 0.36078431 0.27058824 0.18431373
v 1.32916260 2.52196602 1.11378657 0.36862745 0.27843137 0.18431373
v 1.26675271 2.46608393 1.09707482 0.35686275 0.26666667 0.18431373
v 1.38864151 2.51021320 1.13050100 0.34901961 0.25882353 0.18431373
v 1.33469009 2.36405875 1.07810676 0.34509804 0.25882353 0.18431373
v 1.34188843 2.16580166 1.03023185 0.32549020 0.24705882 0.17647059
v 1.26669022 0.49987756 0.62597275 0.34509804 0.25882353 0.18431373
v 1.29951105 0.49049854 0.67622172 0.32941176 0.24705882 0.18039216
v 1.28424876 0.40183383 0.67142459 0.35686275 0.26666667 0.18431373
v 1.27659989 0.40888250 0.69906279 0.31372549 0.23921569 0.17647059
v 1.28339107 0.46783758 0.71393980 0.27450980 0.21176471 0.16470588
v 1.32218384 0.52807617 0.64548010 0.36470588 0.27450980 0.18431373
v 1.26645775 0.36330515 0.67838195 0.34509804 0.26274510 0.18431373
v 1.27689975 0.37089447 0.65226656 0.34901961 0.26274510 0.18431373
v 1.28564453 0.35692548 0.62334836 0.34509804 0.25882353 0.18431373
v 1.21075743 0.34933597 0.68453562 0.30980392 0.23529412 0.17254902
v 1.19481528 0.43154451 0.70646152 0.25882353 0.20000000 0.16470588
v 1.23711282 0.36430840 0.68378294 0.33333333 0.25098039 0.18039216
v 1.24321545 0.37112829 0.63449839 0.34509804 0.25882353 0.18431373
v 1.14308055 0.18127841 0.54593660 0.32156863 0.24313725 0.18039216
v 1.14246835 0.18366462 0.52328253 0.34117647 0.25882353 0.18039216
v 1.10011651 0.18962716 0.50950701 0.31764706 0.24313725 0.17647059
v 1.12674113 0.19558492 0.57464305 0.34509804 0.25882353 0.18431373
v 1.19248749 0.19857135 0.53941237 0.27058824 0.20784314 0.16078431
v 1.25083872 2.22523634 1.03722388 0.32549020 0.24313725 0.17647059
v 1.23722509 2.34000423 1.06346275 0.31764706 0.24313725 0.18039216
v 1.26737895 2.08710094 1.00878878 0.28627451 0.21960784 0.16862745
v 1.34470718 2.06421712 1.00740644 0.29019608 0.22352941 0.17254902
v 1.12271489 2.10235238 0.98069557 0.29411765 0.22352941 0.17254902
v 1.18498266 2.18827147 1.01073368 0.32549020 0.24313725 0.17647059
v 1.24204301 2.04321757 0.99121471 0.25098039 0.19607843 0.16078431
v 1.25916454 0.78517531 0.68481256 0.37647059 0.28235294 0.18823529
v 1.21730042 0.86627482 0.69365378 0.30196078 0.22745098 0.16862745
v 1.18545532 0.80432129 0.66875840 0.36078431 0.27058824 0.18431373
v 1.22202123 0.75467852 0.67497823 0.36862745 0.27843137 0.18431373
v 1.13447329 0.77610175 0.65123041 0.37647059 0.28235294 0.18823529
v 1.13122559 0.88244629 0.68155081 0.34509804 0.25882353 0.18039216
v 1.00742610 0.81934260 0.64410464 0.34901961 0.26274510 0.18431373
v 0.99815589 0.90439404 0.66738137 0.30980392 0.23529412 0.17647059
v 1.28085499 0.73577187 0.75364872 0.34509804 0.25882353 0.18431373
v 1.28240567 0.80859375 0.74414062 0.32941176 0.24705882 0.17647059
v 1.28593049 0.73027039 0.73145932 0.35686275 0.26666667 0.18431373
v 1.28652112 0.78213501 0.77002896 0.36862745 0.27843137 0.18823529
v 1.31278785 0.76311332 0.71970335 0.36862745 0.27450980 0.18431373
v 1.26483420 0.71185154 0.67479897 0.36862745 0.27450980 0.18431373
v 1.30163770 0.70294189 0.71525798 0.36862745 0.27450980 0.18431373
v 1.29359616 0.65879361 0.72375014 0.33725490 0.25490196 0.18039216
v 1.29330720 0.70295878 0.76046157 0.32549020 0.24705882 0.17647059
v 0.89676124 0.79860625 0.62246167 0.32941176 0.24705882 0.17647059
v 0.79604292 0.74221005 0.59602768 0.29803922 0.22745098 0.17647059
v 0.96609536 0.72447465 0.61694192 0.36078431 0.27058824 0.18431373
v 1.17408053 0.73241562 0.64954660 0.37647059 0.28235294 0.18823529
v 1.12536810 0.69258881 0.63456409 0.37647059 0.28235294 0.18823529
v 1.17201157 0.66696167 0.64334321 0.37647059 0.28235294 0.18823529
v 1.06024170 0.71075239 0.62709094 0.37647059 0.28235294 0.18823529
v 1.09841008 0.60888999 0.62313142 0.33333333 0.25098039 0.18431373
v 1.19762741 0.58859052 0.64178433 0.35294118 0.26666667 0.18431373
v 1.22374968 0.64498134 0.65996369 0.36470588 0.27450980 0.18431373
v 1.20113269 0.46968051 0.60646173 0.38039216 0.28627451 0.18823529
v 1.17862736 0.42925400 0.58936744 0.37647059 0.28235294 0.18823529
v 1.17058578 0.54034241 0.60879111 0.38039216 0.28627451 0.19215686
v 1.20965911 0.40876297 0.58662720 0.37647059 0.28235294 0.18823529
v 1.24232805 0.46864568 0.61491150 0.36078431 0.27058824 0.18431373
v 1.21557156 0.54022388 0.63347105 0.35686275 0.26666667 0.18431373
v 1.26199341 0.36155310 0.56748448 0.35294118 0.26666667 0.18431373
v 1.27485657 0.42507389 0.59640879 0.35294118 0.26666667 0.18431373
v 1.29608639 0.37681859 0.58014730 0.34509804 0.25882353 0.18431373
v 1.30266078 0.33964659 0.58786113 0.33725490 0.25490196 0.19215686
v 0.98565366 0.19449652 0.49261363 0.33725490 0.25490196 0.18039216
v 1.04217529 0.18376221 0.50643694 0.34509804 0.26274510 0.18431373
v 0.79215959 0.20044833 0.50266654 0.32549020 0.24705882 0.17647059
v 0.86556232 0.20160621 0.47837359 0.35686275 0.26666667 0.18431373
v 0.82470703 0.23687744 0.47075894 0.33333333 0.25098039 0.17647059
v 0.93921885 0.23919562 0.49323981 0.32941176 0.24705882 0.18039216
v 1.10333218 0.92962734 0.68669269 0.32156863 0.24313725 0.17647059
v 1.09458733 0.44580078 0.57450579 0.37647059 0.28235294 0.18823529
v 1.13514776 0.51142042 0.59174001 0.38039216 0.28627451 0.19215686
v 0.97850966 0.44845581 0.55965782 0.35686275 0.26666667 0.18431373
v 1.04657580 0.51579461 0.57670604 0.36078431 0.27058824 0.18431373
v 1.03617811 0.37088668 0.55152192 0.36078431 0.27058824 0.18431373
v 1.10755396 0.39704436 0.57221014 0.36862745 0.27450980 0.18431373
v 1.20788574 0.35336377 0.55977646 0.36862745 0.27450980 0.18431373
v 1.14913940 0.33092725 0.54907123 0.36862745 0.27843137 0.18431373
v 1.12111282 0.27916054 0.53104114 0.35294118 0.26666667 0.18431373
v 1.08797836 0.33610292 0.54265579 0.35294118 0.26666667 0.18431373
v 1.21124662 0.28126621 0.53452674 0.30588235 0.23137255 0.17254902
v 1.06098644 0.21390275 0.50490034 0.32549020 0.24705882 0.17647059
v 1.05920410 0.23288854 0.51369157 0.32941176 0.25098039 0.18039216
v 0.69565962 0.20770881 0.48783273 0.34901961 0.26274510 0.18431373
v 0.76015392 0.21003566 0.46646318 0.37647059 0.28235294 0.18823529
v 0.70251465 0.25298199 0.45353365 0.34117647 0.25882353 0.18039216
v 0.75253143 0.21854755 0.50583093 0.30588235 0.23137255 0.17254902
v 0.66784137 0.21683702 0.45475355 0.31764706 0.23921569 0.17254902
v 0.64063141 0.22458788 0.49186785 0.31764706 0.24313725 0.17647059
v 0.65361023 0.23685605 0.49898858 0.27843137 0.21176471 0.16470588
v 1.28062282 0.56045486 0.64110132 0.35294118 0.26666667 0.18431373
v 1.24371090 0.54509317 0.64334764 0.35294118 0.26274510 0.18431373
v 1.24545136 0.59123541 0.65812512 0.34901961 0.25882353 0.18431373
v 1.31440319 0.54220917 0.66026119 0.30588235 0.23137255 0.17254902
v 1.31484356 0.58583251 0.64549777 0.36078431 0.27058824 0.18431373
v 1.32032677 0.57530956 0.65913875 0.36078431 0.27058824 0.18431373
v 1.07155162 0.56285543 0.59242484 0.34117647 0.25882353 0.18039216
v 1.15470712 0.57403678 0.62117607 0.34117647 0.25882353 0.18431373
v 0.99562829 0.30038864 0.51941260 0.36470588 0.27450980 0.18431373
v 1.04241180 0.32402838 0.52890737 0.36470588 0.27450980 0.18431373
v 0.81370369 0.35794828 0.51114398 0.31764706 0.23921569 0.17647059
v 0.89695172 0.31432754 0.50698611 0.33333333 0.25098039 0.18039216
v 0.32390515 0.24143869 0.41147164 0.34509804 0.25882353 0.18431373
v 0.39770508 0.27245398 0.41695253 0.32156863 0.24313725 0.17647059
v 0.25585938 0.27539062 0.39656997 0.30980392 0.23529412 0.17254902
v 0.35005569 0.29414921 0.42230422 0.30588235 0.23137255 0.17254902
v 0.29794155 0.32979038 0.43018061 0.30588235 0.23137255 0.17254902
v 0.30586463 0.23709196 0.43818335 0.32156863 0.24705882 0.18431373
v 0.40874221 0.23442382 0.42224771 0.30196078 0.22745098 0.17254902
v 1.36402800 2.58453369 1.13781191 0.37647059 0.28235294 0.19215686
v 1.38206378 2.56715046 1.16056930 0.35686275 0.26666667 0.18431373
v 1.37122821 2.59981414 1.15356445 0.37254902 0.27843137 0.18823529
v 0.15275515 2.27882891 0.88612517 0.36078431 0.27058824 0.18431373
v 0.21475281 2.42948388 0.93676438 0.37647059 0.28235294 0.18823529
v 0.82201385 0.42256154 0.53207620 0.32941176 0.25490196 0.20000000
v 0.85943765 0.45834351 0.54243192 0.32549020 0.25098039 0.18823529
v 0.88655938 0.37460088 0.52586501 0.35294118 0.26666667 0.18431373
v 0.59400802 0.53286987 0.51166461 0.25490196 0.19607843 0.15686275
v 0.24734497 0.36071777 0.43021341 0.29803922 0.22745098 0.16862745
v 0.24610138 0.39634125 0.43996072 0.24313725 0.18431373 0.15294118
v 1.29339218 1.63426343 0.90526816 0.34509804 0.25882353 0.18431373
v 1.31772571 1.76843950 0.93791477 0.31764706 0.23921569 0.17647059
v 1.34613073 1.68843093 0.91927116 0.34509804 0.25882353 0.18431373
v 1.34686743 1.81481891 0.94918626 0.28627451 0.21960784 0.16862745
v 1.36160759 1.78545806 0.94990243 0.31372549 0.23921569 0.17647059
v 1.35950895 1.64916992 0.92465310 0.32549020 0.24705882 0.18431373
v 1.36580705 1.75851332 0.95616138 0.29019608 0.21960784 0.16862745
v 0.24982896 0.25161080 0.40109519 0.31372549 0.23921569 0.17647059
v 0.19435946 0.32849212 0.41849414 0.30588235 0.23137255 0.17254902
v 1.01917263 0.67154968 0.61677821 0.34117647 0.25882353 0.18039216
v 1.19305323 0.29951584 0.68681236 0.27058824 0.20784314 0.16862745
v 1.22691532 0.30856336 0.66924924 0.32156863 0.24705882 0.18431373
v 1.20176851 0.29361271 0.61063396 0.32549020 0.24705882 0.18431373
v 1.22387774 0.33901533 0.63832770 0.34509804 0.25882353 0.18431373
v 1.19108138 0.28831922 0.63754287 0.31764706 0.24313725 0.18039216
v 1.22837590 0.31666375 0.66059668 0.32941176 0.25098039 0.18431373
v 1.24228738 0.34248534 0.66547208 0.34509804 0.25882353 0.18431373
v 1.24218556 0.36778277 0.65856770 0.34509804 0.25882353 0.18431373
v 1.24397419 0.35522772 0.61789663 0.33725490 0.25490196 0.19215686
v 0.44791210 0.57899209 0.50898956 0.29803922 0.22745098 0.17647059
v 0.38634616 0.64741725 0.52427932 0.28627451 0.21960784 0.16862745
v 0.51001364 0.57066451 0.51247825 0.31372549 0.23529412 0.17647059
v 0.48607160 0.64335880 0.53423326 0.29019608 0.22352941 0.17254902
v 0.65801324 1.86486143 0.86027694 0.27058824 0.20784314 0.16470588
v 0.72680029 1.89884395 0.87801034 0.25098039 0.19607843 0.16470588
v 0.62250629 1.92824391 0.86680268 0.27058824 0.20392157 0.16078431
v 0.62031237 1.80218195 0.93550941 0.35686275 0.28627451 0.22352941
v 0.56216564 1.21863682 0.69491059 0.25490196 0.20000000 0.16078431
v 0.62884278 1.22238660 0.70486757 0.32156863 0.24705882 0.18431373
v 0.65290164 1.16821871 0.68952992 0.30588235 0.23137255 0.17647059
v 0.87970143 2.19211237 0.96812880 0.26274510 0.20392157 0.16862745
v 0.88096262 2.14611656 1.00792529 0.27843137 0.21176471 0.16470588
v 0.94548536 2.17761282 0.97300499 0.24313725 0.18823529 0.15294118
v 0.96193257 2.08442269 1.06622278 0.25490196 0.19607843 0.15686275
v 0.88030686 2.07502220 1.04911175 0.27843137 0.21568627 0.16862745
v 0.86702804 2.09104054 1.03420346 0.26274510 0.20392157 0.16078431
v 0.88410356 2.09818432 1.04447894 0.31764706 0.24313725 0.18039216
v 0.87140379 2.10453689 1.02153291 0.30980392 0.23529412 0.17254902
v 0.88955382 2.12095926 1.02110554 0.31372549 0.23921569 0.17647059
v 0.86925779 2.12786946 1.01021380 0.29411765 0.22352941 0.16862745
v 0.91182017 2.08186540 1.05038165 0.34509804 0.25882353 0.18431373
v 0.90242485 2.08985329 1.03780467 0.34509804 0.25882353 0.18431373
v 0.90351750 2.12388488 1.03195279 0.32156863 0.24313725 0.17647059
v 0.92110410 2.10693297 1.03289844 0.34509804 0.25882353 0.18431373
v 0.94446103 2.05809224 1.05638760 0.27843137 0.21176471 0.16470588
v 0.92635995 2.07858798 1.03370568 0.32156863 0.24313725 0.18039216
v 0.93570648 2.13902038 1.02508563 0.29019608 0.21960784 0.17254902
v 0.95762693 2.05582048 1.04350190 0.32156863 0.24313725 0.18039216
v 0.94935756 2.11781864 1.02608873 0.31372549 0.24313725 0.18431373
v 0.94058846 2.06257655 1.03028876 0.30588235 0.23137255 0.17254902
v 0.67878874 1.26767637 0.81840429 0.28627451 0.21960784 0.16862745
v 0.69384648 1.23756836 0.81248599 0.29803922 0.22745098 0.16862745
v 0.72805937 1.28191971 0.82360538 0.32156863 0.24313725 0.18039216
v 0.70453244 1.31882595 0.82801631 0.28235294 0.21960784 0.17254902
v 0.76509079 1.23826079 0.81764572 0.30196078 0.22745098 0.17254902
v 0.75569118 1.33750838 0.83337465 0.31372549 0.23921569 0.18039216
v 0.79758175 1.32492453 0.83826349 0.30980392 0.23529412 0.17647059
v 0.24972057 1.24132627 0.65234487 0.27450980 0.21176471 0.16470588
v 0.24047852 1.31594920 0.66611231 0.31372549 0.23921569 0.17647059
v 0.36219431 1.33015919 0.68533620 0.27450980 0.21176471 0.16862745
v 0.92046349 1.18483128 0.82066695 0.33725490 0.25098039 0.18039216
v 0.85547936 1.19557939 0.81485607 0.32549020 0.24705882 0.18039216
v 0.91776259 1.15200114 0.81140004 0.34117647 0.25882353 0.18431373
v 1.11527268 1.79964469 1.00103021 0.29803922 0.22745098 0.17647059
v 1.08468325 1.84964405 1.01315010 0.31764706 0.24313725 0.18431373
v 1.16577254 1.84026968 1.02053890 0.34509804 0.25882353 0.18431373
v 1.11381417 1.88555033 1.02947839 0.32156863 0.24705882 0.18431373
v 1.18726115 1.79984943 1.01555830 0.30980392 0.24313725 0.20000000
v 1.21248797 1.91088536 1.04990743 0.30980392 0.23921569 0.18431373
v 1.27388495 0.67365323 0.66790416 0.34901961 0.26274510 0.18431373
v 1.28257074 0.61242184 0.65436465 0.34509804 0.25882353 0.18431373
v 1.31416421 0.63513184 0.68670500 0.33333333 0.25098039 0.18039216
v 1.32177939 0.63014924 0.66691005 0.35294118 0.26274510 0.18431373
v 0.36887652 0.92556865 0.58250023 0.33333333 0.25098039 0.18039216
v 0.45400976 0.90264247 0.58908863 0.31764706 0.24313725 0.17647059
v 0.43507022 0.99982344 0.61019084 0.34509804 0.25882353 0.18039216
v 0.57411611 0.98399440 0.62631196 0.29803922 0.22745098 0.17647059
v 0.50898293 1.04905884 0.63158825 0.26274510 0.20392157 0.16078431
v 0.62389227 0.56352244 0.74611921 0.27843137 0.21176471 0.16470588
v 0.62505693 0.62618964 0.75067234 0.30980392 0.23921569 0.18039216
v 0.64597815 0.59866121 0.76019166 0.27450980 0.20784314 0.16470588
v 0.43897603 2.04497921 0.86772274 0.29019608 0.21960784 0.16862745
v 0.50537208 2.12116886 0.89535546 0.27843137 0.21176471 0.16470588
v 0.60699081 2.05101219 0.89502577 0.29411765 0.22352941 0.17254902
v 0.61192121 2.12061937 0.91143212 0.27843137 0.21176471 0.16862745
v 1.27681606 0.30175246 0.55909057 0.29411765 0.22352941 0.17254902
v 0.10414444 1.18863490 0.61427958 0.28235294 0.21568627 0.16862745
v 1.14456482 2.26465252 1.13485403 0.34509804 0.25882353 0.18431373
v 1.12214470 2.24443016 1.13340767 0.29411765 0.22745098 0.18431373
v 1.15408448 2.25118621 1.15140049 0.32549020 0.24705882 0.18039216
v 1.11758982 2.26781815 1.13585762 0.31372549 0.23921569 0.17647059
v 1.12697203 2.27496185 1.14437443 0.34901961 0.25882353 0.18431373
v 1.12301806 2.28069220 1.12816143 0.31372549 0.23921569 0.17647059
v 1.14037765 2.28600757 1.13920583 0.34901961 0.25882353 0.18431373
v 1.12949925 2.30403199 1.14929258 0.34901961 0.25882353 0.18431373
v 1.13532419 2.31132095 1.11740705 0.27450980 0.21176471 0.16470588
v 1.13609659 2.32486803 1.15708991 0.30196078 0.22745098 0.17254902
v 1.15945700 2.28105567 1.15908861 0.34901961 0.26274510 0.18431373
v 1.14955689 2.30506304 1.13479797 0.32941176 0.25098039 0.18431373
v 1.15469976 2.31773222 1.14337286 0.32156863 0.24705882 0.18431373
v 1.14965467 2.24997305 1.13036207 0.32941176 0.25098039 0.18823529
v 1.16311257 2.30828993 1.16514770 0.32156863 0.24313725 0.17647059
v 1.20670362 2.32438861 1.17761159 0.27058824 0.20784314 0.16470588
v 1.21273154 2.24889580 1.16382677 0.35294118 0.26666667 0.18431373
v 0.76754367 1.55879130 0.79696563 0.29411765 0.22352941 0.16862745
v 0.71173857 1.62946200 0.80814581 0.29019608 0.22352941 0.17647059
v 0.80958366 1.66057981 0.82798822 0.27058824 0.20784314 0.16078431
v 0.86449582 1.52100193 0.80147855 0.30980392 0.23921569 0.18039216
v 0.92744712 1.23563382 0.83143286 0.31372549 0.23921569 0.17647059
v 0.93222881 1.27066210 0.83837664 0.34117647 0.25490196 0.18039216
v 0.96687426 1.29801707 0.84814441 0.33725490 0.25490196 0.18039216
v 0.92805388 1.31552351 0.84799598 0.30196078 0.23529412 0.18039216
v 1.00407702 1.23602437 0.83850833 0.32549020 0.24705882 0.17647059
v 1.00987054 1.27923796 0.84795962 0.36470588 0.27450980 0.18431373
v 0.19759369 1.45600048 0.69379347 0.30196078 0.23137255 0.17647059
v 0.24235781 1.50359277 0.71000758 0.29019608 0.22352941 0.17254902
v 0.26840482 1.39540550 0.68445906 0.29803922 0.22745098 0.17254902
v 1.23246002 0.62986668 0.76939892 0.33333333 0.25098039 0.18039216
v 1.18536205 0.63641521 0.77676617 0.31764706 0.24313725 0.18039216
v 1.21336009 0.57592888 0.74938998 0.32549020 0.24705882 0.17647059
v 1.25207520 0.57222199 0.75897937 0.30980392 0.23529412 0.17254902
v 1.22755558 0.52999768 0.73796141 0.26274510 0.20392157 0.16078431
v 0.24473592 2.06096734 0.94203469 0.30196078 0.23529412 0.18431373
v 0.27033541 2.07949513 0.93853962 0.32941176 0.25098039 0.18431373
v 0.28578235 2.06843119 0.94830755 0.32156863 0.24313725 0.18039216
v 0.29488959 2.09895467 0.93242917 0.34509804 0.25882353 0.18431373
v 0.29486258 2.06010862 0.92958420 0.29411765 0.21960784 0.16862745
v 0.28190357 2.12134429 0.94250849 0.33333333 0.25098039 0.18431373
v 0.28672311 2.11116284 0.94216476 0.34509804 0.25882353 0.18431373
v 0.29688834 2.12196824 0.94883102 0.36078431 0.27058824 0.18431373
v 0.31486975 2.06898337 0.93169883 0.30588235 0.23137255 0.17254902
v 0.33529988 2.09840047 0.92280305 0.31372549 0.23921569 0.18039216
v 0.32655217 2.11502549 0.93960307 0.34509804 0.25882353 0.18431373
v 0.59413704 0.25732422 0.43918985 0.31764706 0.24313725 0.17647059
v 0.56541499 0.30025499 0.45520707 0.32156863 0.24313725 0.18039216
v 0.55391583 0.34296304 0.46997732 0.30588235 0.23529412 0.17647059
v 0.65112252 0.28408131 0.46409632 0.34117647 0.25882353 0.18039216
v 0.65753174 0.32830305 0.48307538 0.32549020 0.24705882 0.18431373
v 0.16805136 0.50227662 0.55952110 0.26274510 0.20392157 0.16078431
v 0.22680327 0.51556378 0.57781733 0.30196078 0.22745098 0.17254902
v 0.17847002 0.45926522 0.55148983 0.29803922 0.22745098 0.17254902
v 0.26288331 0.46150859 0.57055587 0.32549020 0.24313725 0.17647059
v 0.26091720 0.42516193 0.56002765 0.30588235 0.23137255 0.17254902
v 0.26746488 0.51375749 0.58666492 0.28627451 0.21960784 0.16862745
v 0.81718955 2.65141585 1.07443903 0.34509804 0.26274510 0.19215686
v 0.87292480 2.64569923 1.08638424 0.34509804 0.26274510 0.18823529
v 0.91772270 2.69600459 1.09917065 0.32941176 0.24705882 0.18039216
v 0.96439872 2.61799529 1.09111908 0.36470588 0.27450980 0.18431373
v 0.98902796 2.66155937 1.10426409 0.36862745 0.27843137 0.18431373
v 0.95567090 0.41303152 0.55046888 0.35686275 0.26666667 0.18431373
v 0.57436475 0.20605960 0.56831125 0.33333333 0.25098039 0.18431373
v 0.63528972 0.22451669 0.54200020 0.30588235 0.23137255 0.17254902
v 0.62098962 0.22798087 0.58289391 0.32549020 0.24705882 0.17647059
v 0.72948001 0.22920194 0.60019016 0.26666667 0.20392157 0.16078431
v 0.71942139 0.20242442 0.57130757 0.29019608 0.22352941 0.16862745
v 0.70093204 0.20040898 0.58798974 0.30196078 0.22745098 0.17254902
v 0.67555278 0.27353452 0.59507267 0.28627451 0.22352941 0.17647059
v 0.52488401 2.75261773 1.10347497 0.30196078 0.23137255 0.17647059
v 0.48834396 2.75727228 1.10471887 0.29803922 0.22745098 0.17254902
v 0.50683698 2.75089601 1.13104974 0.32941176 0.25098039 0.18431373
v 0.50705687 2.76850451 1.06513834 0.34509804 0.25882353 0.18431373
v 0.51728654 2.77715062 1.09299108 0.34509804 0.25882353 0.18431373
v 0.48747898 2.77034052 1.07831604 0.26274510 0.20000000 0.16078431
v 0.50302367 2.79170137 1.06583207 0.30196078 0.23137255 0.18039216
v 0.49519596 2.83310617 1.07773718 0.26274510 0.20392157 0.16470588
v 0.52243879 2.81744878 1.06901136 0.28627451 0.21960784 0.16862745
v 0.52462164 2.74595713 1.12775221 0.32941176 0.25098039 0.18431373
v 0.52567044 2.76903442 1.12263446 0.34509804 0.25882353 0.18431373
v 0.53379877 2.77140959 1.07538459 0.34509804 0.25882353 0.18431373
v 0.51584832 2.77200023 1.14324756 0.32941176 0.25098039 0.18431373
v 0.54700257 2.76035402 1.11160595 0.34509804 0.25882353 0.18431373
v 0.53681182 2.73950058 1.12044831 0.34117647 0.25882353 0.18431373
v 0.53796827 2.80512580 1.08150490 0.28627451 0.21960784 0.16862745
v 0.54471130 2.75871314 1.13873180 0.34509804 0.25882353 0.18431373
v 0.55763816 2.74346367 1.11253960 0.31372549 0.23921569 0.18039216
v 0.55814788 2.79182604 1.07931805 0.34509804 0.25882353 0.18431373
v 0.55733195 2.81998929 1.09517241 0.23529412 0.18039216 0.15294118
v 0.56788599 2.75555299 1.11771954 0.26666667 0.20784314 0.16862745
v 0.42424068 2.68192432 1.02782230 0.30196078 0.22745098 0.17254902
v 0.30732563 2.67431596 1.00818667 0.34117647 0.25882353 0.18039216
v 0.43114687 2.74220276 1.04336749 0.33725490 0.25490196 0.18431373
v 0.46407960 2.75294611 1.04269884 0.30196078 0.23529412 0.18431373
v 1.31489116 1.06925427 0.80892346 0.27843137 0.21568627 0.17647059
v 1.32024702 1.13147256 0.81663471 0.29019608 0.22352941 0.18039216
v 1.28853299 1.16283079 0.77997984 0.31372549 0.23921569 0.17647059
v 1.33186650 1.22237017 0.79795919 0.34901961 0.25882353 0.18431373
v 1.31254032 1.12547199 0.82567125 0.26666667 0.20392157 0.16862745
v 1.31900959 1.00996797 0.79833790 0.30196078 0.23137255 0.17647059
v 1.33571888 1.11058331 0.78914544 0.29803922 0.22745098 0.17647059
v 1.33659944 1.13653839 0.78309744 0.34509804 0.25882353 0.18431373
v 0.12833171 0.68919887 0.60097976 0.29803922 0.22745098 0.17254902
v 0.14289366 0.71655764 0.60876689 0.31764706 0.23921569 0.17647059
v 0.12866306 0.77260435 0.62057180 0.32156863 0.24705882 0.18431373
v 0.16943706 0.77448788 0.63117314 0.29019608 0.21960784 0.17254902
v 0.19558229 0.71970252 0.62444964 0.25882353 0.20000000 0.16078431
v 0.05132990 0.67098999 0.57877612 0.34509804 0.25882353 0.18431373
v 0.04962930 0.66795842 0.55044448 0.34509804 0.25882353 0.18431373
v 0.04718460 0.73983765 0.56048407 0.31764706 0.24313725 0.18039216
v 0.05165363 0.73883515 0.59983524 0.31764706 0.24313725 0.18039216
v 0.06729338 0.68375316 0.59256894 0.30588235 0.23137255 0.17254902
v 0.06520022 0.76212623 0.62005944 0.30196078 0.23137255 0.17647059
v 0.53176883 0.29647827 0.57912831 0.32941176 0.25098039 0.18431373
v 0.51245553 0.37473683 0.59226495 0.28627451 0.21960784 0.16862745
v 0.57295659 0.34853975 0.60060101 0.29411765 0.22745098 0.17647059
v 0.59236070 0.29953087 0.59004041 0.30196078 0.22745098 0.17254902
v 0.18725814 0.65599313 0.49742835 0.26274510 0.20000000 0.16078431
v 0.11274803 0.74953274 0.51729204 0.33333333 0.27058824 0.21568627
v 0.38239708 2.71777838 1.15441690 0.30980392 0.23529412 0.17254902
v 0.36849913 2.70612326 1.12320798 0.32549020 0.24705882 0.18039216
v 0.32681213 2.73154251 1.15378020 0.26274510 0.21176471 0.18039216
v 0.38311293 2.73175954 1.13017901 0.35294118 0.26666667 0.18431373
v 0.37354576 2.75432262 1.13390367 0.35686275 0.27058824 0.18823529
v 0.42520573 2.67190206 1.13468157 0.30980392 0.23529412 0.17254902
v 0.39733811 2.69654135 1.11974080 0.30980392 0.23529412 0.17254902
v 0.42202776 2.72948231 1.16477338 0.35294118 0.26666667 0.18431373
v 0.40705542 2.76113754 1.14159227 0.34509804 0.25882353 0.18431373
v 0.42741980 2.73060063 1.13820489 0.34509804 0.25882353 0.18431373
v 0.43807983 2.69758327 1.15043418 0.35686275 0.26666667 0.18431373
v 0.44729483 2.70761112 1.12542390 0.33725490 0.25490196 0.19215686
v 0.44937521 2.75767301 1.14936129 0.32549020 0.25098039 0.19215686
v 0.47079889 2.73567884 1.17513424 0.32156863 0.24705882 0.18431373
v 0.73917989 0.38915338 0.68750461 0.31372549 0.23529412 0.17647059
v 0.79454149 0.35762565 0.67744880 0.31372549 0.23921569 0.17647059
v 0.77181086 0.44162904 0.70040432 0.29803922 0.22745098 0.17254902
v 0.71263848 0.43337214 0.68268970 0.27450980 0.20784314 0.16470588
v 0.84214181 0.37493261 0.69868698 0.33725490 0.25490196 0.18431373
v 0.83126767 0.44996705 0.71696365 0.27843137 0.21176471 0.16470588
v 0.07711344 0.69801356 0.49340464 0.32156863 0.24313725 0.17647059
v 0.05658175 0.70097629 0.49195132 0.30980392 0.23529412 0.17254902
v 0.07111347 0.78056870 0.51225526 0.33333333 0.26666667 0.20784314
v 0.08920311 0.64467074 0.48279527 0.28627451 0.21960784 0.16862745
v 1.15319741 0.58203025 0.74012624 0.30196078 0.23137255 0.17647059
v 0.05568290 0.61983572 0.57150432 0.30588235 0.23529412 0.17647059
v 0.04710288 0.69361877 0.51403809 0.33333333 0.25098039 0.18431373
v 0.04779306 0.62807083 0.51843204 0.31372549 0.23921569 0.17647059
v 0.87732270 2.45186779 1.12671712 0.34117647 0.25490196 0.18039216
v 0.89036233 2.44529732 1.13309135 0.32156863 0.24313725 0.17647059
v 0.87920229 2.41811290 1.14186499 0.30196078 0.23137255 0.17254902
v 0.86666423 2.46475304 1.15603007 0.33333333 0.25490196 0.18431373
v 0.89320001 2.47369724 1.12620598 0.36470588 0.27450980 0.18431373
v 0.89747434 2.45801786 1.16204145 0.34901961 0.26274510 0.18431373
v 0.89228191 2.51016529 1.17649937 0.32549020 0.24705882 0.18039216
v 0.88149852 2.48536357 1.12940872 0.35294118 0.26666667 0.18431373
v 0.88347126 2.50414265 1.13342048 0.34901961 0.26666667 0.19607843
v 0.89603208 2.43191655 1.14428378 0.30196078 0.23137255 0.17254902
v 0.91522922 2.50082487 1.12798118 0.34509804 0.25882353 0.18431373
v 0.91927264 2.48103559 1.17325151 0.34509804 0.25882353 0.18431373
v 0.91776875 2.42438113 1.15365845 0.27843137 0.21176471 0.16470588
v 0.90821900 2.46258552 1.12916927 0.35294118 0.26666667 0.18431373
v 0.92574457 2.45884927 1.14609295 0.33333333 0.25098039 0.18039216
v 0.91885247 2.52525825 1.15029984 0.29411765 0.22352941 0.17254902
v 0.92956216 2.48091768 1.12375010 0.37647059 0.28235294 0.18823529
v 0.93584405 2.43460974 1.14902728 0.29803922 0.22745098 0.17254902
v 0.95138338 2.44259846 1.16688345 0.32156863 0.24313725 0.17647059
v 0.96254828 2.46798861 1.17468788 0.33333333 0.25098039 0.18039216
v 0.94351014 2.50752687 1.18515071 0.29411765 0.22352941 0.17254902
v 0.94883848 2.47836786 1.13847563 0.28235294 0.21568627 0.16470588
v 0.95330227 1.10087062 0.70675631 0.32941176 0.25098039 0.18431373
v 0.99683008 1.14480575 0.72709352 0.32549020 0.24705882 0.17647059
v 1.03987553 1.18292154 0.74222467 0.32156863 0.24313725 0.17647059
v 1.05494521 1.16295767 0.74662023 0.30588235 0.23137255 0.17254902
v 1.14680198 1.11904136 0.74487514 0.28627451 0.21960784 0.16862745
v 1.00208334 1.20035157 0.74753460 0.27058824 0.20392157 0.16078431
v 0.92875607 2.74746441 1.09421291 0.30588235 0.25490196 0.23137255
v 0.23774492 0.95093502 0.69448111 0.31372549 0.23921569 0.18039216
v 0.22292139 0.99601082 0.70301510 0.27843137 0.21176471 0.16470588
v 0.29248872 0.93476204 0.70155495 0.32156863 0.24313725 0.17647059
v 0.31530227 0.97578442 0.71438079 0.32156863 0.24313725 0.18039216
v 0.29013451 1.02276371 0.71667634 0.30980392 0.23529412 0.17647059
v 0.49876131 2.31968521 1.05548030 0.32156863 0.24313725 0.17647059
v 0.50787588 2.30717200 1.06981997 0.29803922 0.22745098 0.17647059
v 0.48999340 2.32956076 1.07094474 0.29411765 0.22352941 0.16862745
v 0.50734146 2.34143510 1.07591049 0.30980392 0.23529412 0.17647059
v 0.49690384 2.36102871 1.07716423 0.29803922 0.23137255 0.17647059
v 0.50817397 2.37536539 1.07471692 0.32156863 0.24313725 0.17647059
v 0.49486989 2.36724229 1.06028117 0.29411765 0.22352941 0.16862745
v 0.53133710 2.37082506 1.06021478 0.32549020 0.24705882 0.17647059
v 0.51322722 2.39506474 1.08222074 0.27058824 0.20392157 0.16078431
v 0.52697079 2.31164109 1.05958193 0.32941176 0.24705882 0.18039216
v 0.57341476 2.37900818 1.07130859 0.29019608 0.21960784 0.16862745
v 0.54612168 2.34037369 1.05810354 0.33333333 0.25098039 0.18039216
v 0.51396524 2.34941299 1.05371907 0.30196078 0.23137255 0.17254902
v 0.54456494 2.30041616 1.05381945 0.30980392 0.23921569 0.18039216
v 0.54689899 2.37186943 1.04016188 0.34509804 0.25882353 0.18431373
v 0.52916665 2.30924730 1.02965980 0.27058824 0.21176471 0.17647059
v 0.54543771 2.29577352 1.03451070 0.27450980 0.21568627 0.17647059
v 0.57070100 2.33487750 1.03862854 0.23137255 0.18039216 0.15294118
v 0.56596359 2.31620337 1.05696660 0.30196078 0.22745098 0.17254902
v 0.58266148 2.35580501 1.06753653 0.27843137 0.21176471 0.16470588
v 0.57851998 2.30339610 0.94998437 0.28627451 0.21960784 0.17254902
v 0.57838947 2.36342438 0.96801923 0.28235294 0.21568627 0.16470588
v 0.46886063 2.35398157 0.94899991 0.33333333 0.25098039 0.18039216
v 0.62058265 2.68614857 1.10611599 0.34509804 0.25882353 0.18431373
v 0.61698090 2.69433734 1.11845898 0.32156863 0.24313725 0.17647059
v 0.63361629 2.71002777 1.12820204 0.30588235 0.23137255 0.17254902
v 0.61649216 2.71404911 1.11685351 0.30588235 0.23529412 0.17647059
v 0.62246848 2.72384989 1.10999603 0.34509804 0.25882353 0.18431373
v 0.55205536 2.73390029 1.05673026 0.31372549 0.23921569 0.17254902
v 0.63891504 2.72618345 1.12300055 0.31372549 0.23529412 0.17254902
v 0.64588379 2.73845148 1.06964767 0.29803922 0.22745098 0.16862745
v 0.61527308 2.72783043 1.12757045 0.28235294 0.21568627 0.16862745
v 0.63402820 2.75522551 1.12401882 0.27450980 0.21176471 0.16862745
v 0.63860951 2.76068113 1.08590389 0.21960784 0.16862745 0.14901961
v 0.63056970 2.67797409 1.11956973 0.33725490 0.25098039 0.18039216
v 0.64510197 2.69126032 1.12994289 0.23137255 0.17647059 0.14901961
v 0.63946173 2.72485165 1.14646968 0.27058824 0.20784314 0.16470588
v 0.64459528 2.75451144 1.11209538 0.21176471 0.16470588 0.14509804
v 0.65063860 2.69009962 1.11025358 0.22352941 0.17254902 0.14509804
v 0.65027756 2.70829399 1.11848139 0.21176471 0.16078431 0.14117647
v 0.60011292 2.71189837 1.05678901 0.26274510 0.20392157 0.16470588
v 0.65394842 2.72720702 1.11740688 0.21960784 0.16862745 0.14509804
v 0.74306875 2.71687440 1.07854875 0.25490196 0.19607843 0.16078431
v 0.63893170 2.75214440 1.13895239 0.25098039 0.19215686 0.15686275
v 0.68056149 2.69741477 1.11117556 0.21176471 0.16470588 0.14509804
v 0.67051891 2.68590194 1.12199826 0.20000000 0.15294118 0.13725490
v 0.67502975 2.70944419 1.12567430 0.19215686 0.14901961 0.13725490
v 0.65550900 2.76842905 1.12786111 0.24313725 0.18823529 0.15294118
v 0.66688907 2.66921682 1.09983409 0.27450980 0.21176471 0.16470588
v 0.65466577 2.68073587 1.13889976 0.23529412 0.18039216 0.14901961
v 0.71470336 2.73018363 1.07571477 0.23529412 0.18039216 0.15294118
v 0.31367095 2.00569237 0.89967788 0.17254902 0.13333333 0.12941176
v 0.32994134 1.99849302 0.91772964 0.17254902 0.13333333 0.12941176
v 0.31011080 2.00724780 0.92772637 0.17254902 0.13333333 0.12941176
v 0.32053972 1.99374934 0.93343181 0.23137255 0.18039216 0.15294118
v 0.32754036 2.02104302 0.89528651 0.17254902 0.13333333 0.12941176
v 0.31908954 2.02535416 0.90899043 0.17254902 0.13333333 0.12941176
v 0.30677312 2.01403297 0.91217089 0.17254902 0.13333333 0.12941176
v 0.32601476 2.02066615 0.92214596 0.17647059 0.13725490 0.12941176
v 0.32512650 2.01959436 0.94244501 0.22352941 0.17254902 0.14901961
v 0.30332707 2.04297400 0.92181227 0.20392157 0.15686275 0.14117647
v 0.33862606 2.03650725 0.92633345 0.17254902 0.13333333 0.12941176
v 0.32736916 2.05824722 0.92339644 0.22352941 0.17254902 0.14901961
v 0.30832637 2.03702710 0.94653424 0.24313725 0.18823529 0.15686275
v 0.32303900 2.07340545 0.94964212 0.25098039 0.19215686 0.15686275
v 0.34711165 2.01118255 0.89791876 0.17254902 0.13333333 0.12941176
v 0.34095603 2.05108860 0.90501363 0.17254902 0.13333333 0.12941176
v 0.35027281 2.07462175 0.93347063 0.19607843 0.15294118 0.13725490
v 0.35111182 2.04006978 0.90650481 0.17254902 0.13333333 0.12941176
v 0.35013174 2.06123097 0.92462152 0.17647059 0.13725490 0.12941176
v 0.36077476 2.06923078 0.94229501 0.18431373 0.14509804 0.13333333
v 0.22468567 1.14970167 0.61849696 0.20000000 0.15686275 0.14117647
v 0.32430302 1.16605572 0.63562362 0.16470588 0.12549020 0.12549020
v 0.35460184 1.20191754 0.65143512 0.20000000 0.15686275 0.14117647
v 0.27755731 1.12505515 0.61734898 0.16470588 0.12549020 0.12549020
v 0.63968295 0.54905493 0.65606700 0.15686275 0.12156863 0.12156863
v 0.58796367 0.56984644 0.65172249 0.16078431 0.12549020 0.12156863
v 0.64102935 0.55875849 0.68667392 0.15686275 0.12156863 0.12156863
v 0.62921623 0.59387494 0.66795657 0.17647059 0.13725490 0.12941176
v 0.63811699 0.58744703 0.68817710 0.17254902 0.13333333 0.12941176
v 0.64646283 0.62306822 0.67528896 0.17254902 0.13333333 0.12941176
v 0.63466441 0.63343016 0.69122326 0.19607843 0.15294118 0.13725490
v 0.65145912 0.57493320 0.65968246 0.17254902 0.13333333 0.12941176
v 0.64741103 0.63182358 0.68960002 0.18431373 0.14117647 0.13333333
v 0.67451314 0.59568302 0.68887519 0.17254902 0.13333333 0.12941176
v 0.66516954 0.56216348 0.68000867 0.16078431 0.12549020 0.12156863
v 0.66170897 0.56247111 0.66026579 0.15686275 0.12156863 0.12156863
v 0.65108151 0.61377159 0.69945283 0.19607843 0.14901961 0.13725490
v 0.67962378 0.58821605 0.67367999 0.17254902 0.13333333 0.12941176
v 0.66920438 0.62821354 0.68477392 0.17254902 0.13333333 0.12941176
v 0.58052063 2.00847631 0.87966856 0.23137255 0.17647059 0.14901961
v 0.48956663 1.96068993 0.85439151 0.23137255 0.18039216 0.15294118
v 0.50334830 0.74446858 0.68379043 0.17254902 0.13333333 0.12941176
v 0.50814387 0.76785048 0.69812659 0.17254902 0.13333333 0.12941176
v 0.52980315 0.75738026 0.68960629 0.17254902 0.13333333 0.12941176
v 0.54583870 0.76113104 0.70250046 0.16862745 0.12941176 0.12549020
v 0.53947224 0.76199019 0.68389635 0.18039216 0.13725490 0.13333333
v 0.54703676 0.73953037 0.68031794 0.17254902 0.13333333 0.12941176
v 0.56907150 0.71094164 0.68813505 0.19607843 0.15294118 0.13725490
v 0.57041913 0.73813837 0.69480370 0.17647059 0.13725490 0.12941176
v 0.56590535 0.75531575 0.68657565 0.18431373 0.14509804 0.13333333
v 0.36476186 2.39708361 1.07038406 0.25098039 0.19215686 0.15686275
v 0.34558457 2.33299436 1.05247803 0.27450980 0.21176471 0.16862745
v 0.40021451 2.38395618 1.07222334 0.20000000 0.15294118 0.14117647
v 0.91129679 1.81819300 0.89167300 0.20392157 0.16078431 0.14509804
v 0.84152995 1.86061648 0.88493917 0.18823529 0.14509804 0.13725490
v 0.54472394 0.89750426 0.59922513 0.22352941 0.17254902 0.14901961
v 0.32054152 1.65850833 0.86946998 0.16078431 0.12549020 0.12549020
v 0.33037785 1.69504274 0.88222680 0.17254902 0.13333333 0.12941176
v 0.35447796 1.67242685 0.87435073 0.17254902 0.13333333 0.12941176
v 0.37501782 1.69184282 0.88604578 0.20000000 0.15686275 0.14117647
v 0.37701957 1.65503873 0.87299803 0.17254902 0.13333333 0.12941176
v 0.73410058 2.09977061 0.92477010 0.23137255 0.18039216 0.15686275
v 0.80341857 2.68317715 1.16128768 0.22745098 0.17647059 0.15294118
v 0.82891151 2.69244685 1.17036699 0.17254902 0.13333333 0.12941176
v 0.81735653 2.67506676 1.16380283 0.21176471 0.16470588 0.14509804
v 0.82115739 2.71860071 1.17856051 0.20392157 0.15686275 0.14117647
v 0.83330095 2.69601886 1.12952187 0.18431373 0.14117647 0.13333333
v 0.79439403 2.72762604 1.13482596 0.19215686 0.14901961 0.13725490
v 0.81021784 2.74902317 1.18108179 0.26666667 0.20784314 0.16862745
v 0.83035245 2.73486827 1.14009927 0.17254902 0.13333333 0.12941176
v 0.79184605 2.74544855 1.11881750 0.17254902 0.13333333 0.12941176
v 0.84949582 2.70324284 1.17643278 0.17254902 0.13333333 0.12941176
v 0.85679203 2.73388158 1.13440192 0.17254902 0.13333333 0.12941176
v 0.83633484 2.67799348 1.15670616 0.19607843 0.15294118 0.13725490
v 0.86766121 2.68812522 1.13173861 0.17254902 0.13333333 0.12941176
v 0.87884681 2.71711316 1.14589063 0.17254902 0.13333333 0.12941176
v 0.86571381 2.67756190 1.16007155 0.21176471 0.16078431 0.14509804
v 0.87700780 2.69182052 1.16556713 0.20392157 0.15686275 0.14117647
v 0.89712626 2.73464613 1.13606741 0.18823529 0.14509804 0.13725490
v 0.88740274 2.70269819 1.18273018 0.18039216 0.14117647 0.13333333
v 0.89598286 2.68573356 1.18752830 0.22352941 0.17254902 0.14901961
v 0.79100994 1.72088457 0.84905628 0.21176471 0.16078431 0.14509804
v 0.88924026 1.77975760 0.88182937 0.17254902 0.13333333 0.12941176
v 0.95718765 1.75689551 0.87973579 0.19215686 0.14901961 0.13725490
v 0.98503434 1.75195312 0.87247519 0.19215686 0.14901961 0.13725490
v 0.67858696 2.53833990 1.13144433 0.21176471 0.16470588 0.14509804
v 0.69461309 2.55716059 1.14222903 0.17254902 0.13333333 0.12941176
v 0.67721104 2.56189007 1.14133661 0.23137255 0.18039216 0.15294118
v 0.71436663 2.52088530 1.13336203 0.17254902 0.13333333 0.12941176
v 0.71192197 2.54779948 1.14357054 0.17254902 0.13333333 0.12941176
v 0.72525604 2.58677501 1.16184260 0.21960784 0.16862745 0.14509804
v 0.70487709 2.49238330 1.11796479 0.22745098 0.17254902 0.14901961
v 0.73480585 2.55428166 1.14964822 0.17254902 0.13333333 0.12941176
v 0.73559281 2.50866204 1.12346183 0.20784314 0.16078431 0.14509804
v 0.74397742 2.49988978 1.12951895 0.22352941 0.17254902 0.15294118
v 0.75671856 2.56611694 1.15441754 0.23137255 0.18039216 0.15686275
v 0.76522441 2.50299447 1.13023132 0.25882353 0.20000000 0.16862745
v 0.76321113 2.53125072 1.13676955 0.24313725 0.18823529 0.15686275
v 0.86769104 1.69641208 0.84699819 0.18823529 0.14509804 0.13725490
v 0.98356959 1.71579335 0.86708467 0.19215686 0.14901961 0.13725490
v 0.98767222 1.66474060 0.85276097 0.21176471 0.16470588 0.14901961
v 0.96556205 1.43945943 0.89193524 0.19215686 0.14901961 0.13725490
v 0.93227707 1.47838385 0.89814157 0.20784314 0.16078431 0.14509804
v 0.96211641 1.49059010 0.90654845 0.19607843 0.14901961 0.13725490
v 1.00494463 1.46175391 0.90252906 0.19607843 0.15294118 0.14117647
v 1.01695557 1.41981183 0.89444940 0.21960784 0.17254902 0.15294118
v 1.00583243 1.51992798 0.92021010 0.22745098 0.17647059 0.15294118
v 0.91650416 1.61149917 0.82903544 0.23529412 0.18039216 0.15294118
v 0.34453508 1.32086708 0.78350675 0.17254902 0.13333333 0.12941176
v 0.37634022 1.34080898 0.79496487 0.17254902 0.13333333 0.12941176
v 0.41279790 1.37287313 0.81037877 0.17254902 0.13333333 0.12941176
v 0.35091762 1.34817817 0.79478039 0.18039216 0.14117647 0.13333333
v 0.38385873 1.38983257 0.80681705 0.18823529 0.14509804 0.13725490
v 0.42327278 1.31343500 0.79820373 0.17254902 0.13333333 0.12941176
v 0.41693141 1.33932226 0.80415001 0.17254902 0.13333333 0.12941176
v 0.46098394 1.38484432 0.82644199 0.19215686 0.14901961 0.13725490
v 0.30663848 0.75053359 0.66479649 0.21568627 0.17254902 0.15686275
v 0.31756367 0.79834573 0.68021455 0.16470588 0.12941176 0.12549020
v 0.36677391 0.77189552 0.68463465 0.18823529 0.14509804 0.13725490
v 0.38244262 0.78324384 0.67201336 0.20784314 0.16470588 0.14509804
v 0.37473724 0.78840583 0.66224567 0.20392157 0.16078431 0.14509804
v 0.40174435 0.74422761 0.68340910 0.17647059 0.13725490 0.13333333
v 0.38281564 0.81820291 0.67922470 0.19215686 0.14901961 0.13725490
v 0.31521847 1.08006506 0.60971133 0.18823529 0.14509804 0.13333333
v 0.93630398 1.26048138 0.74947811 0.21176471 0.16470588 0.14509804
v 0.91022303 1.34883109 0.76251302 0.24313725 0.18823529 0.16078431
v 1.04414872 1.29781159 0.77048955 0.20392157 0.15686275 0.14117647
v 1.04877761 1.24333191 0.76572446 0.21176471 0.16470588 0.14117647
v 0.58665776 1.11365993 0.76574691 0.16470588 0.12941176 0.12549020
v 0.53697291 1.13969236 0.76574860 0.18039216 0.14117647 0.13333333
v 0.57977009 1.19198246 0.78797326 0.20392157 0.15686275 0.14117647
v 0.62417619 1.16264813 0.78734363 0.17254902 0.13333333 0.12941176
v 0.62983840 1.13250127 0.77857398 0.16078431 0.12156863 0.12156863
v 0.63213139 1.19807142 0.79492446 0.19215686 0.14901961 0.13725490
v 0.77285004 0.58454846 0.77330446 0.15686275 0.12156863 0.12156863
v 0.79878998 0.61873884 0.77934497 0.18431373 0.14117647 0.13333333
v 0.74945854 0.64217721 0.77738805 0.17254902 0.13333333 0.12941176
v 0.76811218 0.52436962 0.75141841 0.16470588 0.12941176 0.12549020
v 0.81658923 0.55060870 0.75893276 0.18823529 0.14509804 0.13333333
v 0.80966228 0.65384919 0.78146490 0.21960784 0.17254902 0.15294118
v 1.25238037 0.85399577 0.82967034 0.21176471 0.16470588 0.14509804
v 1.24856676 0.93044769 0.83861093 0.15686275 0.12156863 0.12156863
v 1.28239138 0.95201979 0.85186141 0.17254902 0.13333333 0.12941176
v 1.28951960 0.85123359 0.82385132 0.23529412 0.18039216 0.15294118
v 1.30338228 0.88784790 0.81671756 0.21568627 0.16862745 0.14509804
v 1.30357638 0.93847150 0.81152638 0.23529412 0.18431373 0.16078431
v 0.34437535 1.75901790 0.89958670 0.14509804 0.11372549 0.11764706
v 0.39321350 1.75443986 0.90525712 0.17647059 0.13725490 0.12941176
v 0.40434041 1.81296698 0.92214132 0.20000000 0.15686275 0.14509804
v 0.34731327 1.82490495 0.91381204 0.18823529 0.14509804 0.13333333
v 0.42819512 1.74127436 0.90415042 0.23137255 0.17647059 0.14901961
v 0.45222501 1.78952448 0.91959599 0.20784314 0.16078431 0.14117647
v 0.42700958 1.82294074 0.82275427 0.20392157 0.15686275 0.14117647
v 0.35551071 1.80558902 0.81226101 0.23529412 0.18431373 0.16078431
v 0.53444262 0.22170729 0.44987428 0.19215686 0.14901961 0.13725490
v 0.53035482 0.22675402 0.43610342 0.23137255 0.17647059 0.15294118
v 0.60593895 0.21459511 0.47744813 0.23137255 0.18039216 0.15294118
v 0.54248584 0.23751295 0.48016639 0.22745098 0.17647059 0.15294118
v 0.56500977 0.24741456 0.50140705 0.23921569 0.18431373 0.15686275
v 1.25473645 0.48820191 0.73394245 0.19607843 0.15294118 0.13725490
v 1.26949765 0.46179127 0.72519023 0.21960784 0.16862745 0.14509804
v 1.27714412 0.53164690 0.74432525 0.23137255 0.17647059 0.14901961
v 1.29014155 0.54677582 0.72973717 0.23921569 0.18431373 0.15294118
v 1.24651539 0.39456355 0.69921483 0.23921569 0.18431373 0.15294118
v 1.36474083 2.11789820 1.11907647 0.18823529 0.14509804 0.13333333
v 1.37392192 2.20099876 1.11355357 0.21176471 0.16470588 0.14509804
v 1.36955943 2.17556257 1.14112067 0.16470588 0.12941176 0.12549020
v 0.38467690 0.68787372 0.53191144 0.20784314 0.16078431 0.14509804
v 0.36276608 0.74711892 0.54181027 0.17254902 0.13333333 0.12941176
v 0.45385355 0.73517111 0.55127374 0.18431373 0.14117647 0.13333333
v 0.24863219 0.60219139 0.48770679 0.19215686 0.14901961 0.13725490
v 0.31033707 0.64404810 0.51147107 0.20784314 0.15686275 0.14117647
v 0.28479595 0.55033755 0.48104765 0.19215686 0.14901961 0.13725490
v 0.36730194 0.59090432 0.50192690 0.23137255 0.17647059 0.15294118
v 0.11597724 0.97639557 0.57810314 0.18039216 0.14117647 0.13333333
v 0.16580843 1.04632734 0.58965658 0.18039216 0.14117647 0.13333333
v 0.11308253 1.07241425 0.59094564 0.21176471 0.16470588 0.14509804
v 0.20042419 0.97868160 0.57144066 0.18431373 0.14117647 0.13333333
v 0.06211722 0.48281222 0.43584577 0.18823529 0.14509804 0.13725490
v 0.05460289 0.57297466 0.45733214 0.23137255 0.17647059 0.14901961
v 0.08522359 0.55449782 0.46167744 0.19215686 0.14901961 0.13725490
v 0.10978599 0.50417724 0.45695284 0.18039216 0.14117647 0.13333333
v 0.15888596 0.56085047 0.46567332 0.17254902 0.13333333 0.12941176
v 0.75038910 0.81264668 0.60625911 0.26666667 0.20784314 0.17254902
v 1.31795561 2.02804457 1.12133482 0.18823529 0.14509804 0.13333333
v 1.30671815 2.08373533 1.13326369 0.23137255 0.18039216 0.15686275
v 1.33266570 1.99107499 1.11864025 0.18431373 0.14509804 0.13333333
v 1.35066288 2.01716020 1.07759489 0.16078431 0.12549020 0.12156863
v 1.36312567 2.06445950 1.11897034 0.17254902 0.13333333 0.12941176
v 1.35813968 1.99911378 1.10145082 0.17647059 0.13725490 0.12941176
v 1.36020460 2.08820605 1.06749163 0.21176471 0.16470588 0.14509804
v 1.34921746 2.07160038 1.14071529 0.19607843 0.14901961 0.13725490
v 0.34203879 0.35939734 0.43646254 0.23137255 0.18039216 0.15294118
v 0.37563280 0.38335355 0.44708335 0.22352941 0.17647059 0.15294118
v 1.19290214 2.63515853 1.06080763 0.15294118 0.11764706 0.12156863
v 1.21213775 2.62667289 1.02640817 0.17254902 0.13333333 0.12941176
v 0.14087248 0.97860025 0.68574151 0.19215686 0.14901961 0.13725490
v 0.16744421 1.02311627 0.70004619 0.19215686 0.14901961 0.13725490
v 0.12007938 1.05925533 0.70331738 0.17647059 0.13725490 0.12941176
v 0.09348221 1.03156164 0.69574043 0.18039216 0.14117647 0.13333333
v 0.16619393 1.07253034 0.71115806 0.16470588 0.12941176 0.12549020
v 0.24196905 1.05685236 0.71672175 0.21568627 0.16862745 0.14509804
v 0.50475063 2.42033275 1.08958867 0.17647059 0.13333333 0.12941176
v 0.52362794 2.40727619 1.08682434 0.19607843 0.14901961 0.13725490
v 0.50129098 2.44160826 1.08974422 0.16470588 0.12549020 0.12549020
v 0.53921960 2.39160627 1.07558385 0.22352941 0.17254902 0.14509804
v 0.53028731 2.43441715 1.09505356 0.17254902 0.13333333 0.12941176
v 0.54271849 2.41974724 1.09317916 0.17254902 0.13333333 0.12941176
v 0.54659981 2.45122813 1.10222687 0.17254902 0.13333333 0.12941176
v 0.55030417 2.40848514 1.08248444 0.17254902 0.13333333 0.12941176
v 0.55560111 2.44096351 1.09782461 0.17254902 0.13333333 0.12941176
v 0.57389471 2.42054531 1.08898448 0.20000000 0.15294118 0.13725490
v 0.37185207 2.56978786 1.07356985 0.16470588 0.12549020 0.12549020
v 0.39261491 2.56050601 1.07708010 0.16470588 0.12549020 0.12549020
v 0.36605892 2.57794206 1.09042143 0.16078431 0.12156863 0.12156863
v 0.38818941 2.56812896 1.10132615 0.16470588 0.12941176 0.12549020
v 0.39209197 2.58769641 1.06611960 0.17254902 0.13333333 0.12941176
v 0.37632268 2.58679134 1.10343781 0.17647059 0.13725490 0.12941176
v 0.37553911 2.58682123 1.05928046 0.16470588 0.12941176 0.12549020
v 0.38911639 2.60405095 1.10076365 0.17254902 0.13333333 0.12941176
v 0.38524486 2.60375315 1.06302933 0.17254902 0.13333333 0.12941176
v 0.36430490 2.59796180 1.07991322 0.16862745 0.12941176 0.12549020
v 0.38311086 2.62152113 1.11273538 0.20000000 0.15294118 0.13725490
v 0.38239309 2.61440894 1.08341490 0.17647059 0.13725490 0.12941176
v 0.36894889 2.62071370 1.07199376 0.15686275 0.12156863 0.12156863
v 0.38304425 2.63840936 1.09539794 0.16470588 0.12549020 0.12549020
v 0.35322833 2.62882222 1.11384610 0.19215686 0.14901961 0.13333333
v 0.40407360 2.58342101 1.09095031 0.17254902 0.13333333 0.12941176
v 0.39176399 2.63600339 1.06668923 0.17254902 0.13333333 0.12941176
v 0.40825279 2.62640172 1.06232903 0.20784314 0.16078431 0.14117647
v 0.40141328 2.62999563 1.08713090 0.20392157 0.15686275 0.14117647
v 0.40210015 2.55712434 1.09714290 0.15686275 0.12156863 0.12156863
v 0.40567375 2.60565187 1.10604328 0.17254902 0.13333333 0.12941176
v 0.41994078 2.58377773 1.05377035 0.17254902 0.13333333 0.12941176
v 0.41041811 2.61177631 1.06323489 0.17254902 0.13333333 0.12941176
v 0.40993801 2.63813332 1.10318500 0.20000000 0.15294118 0.13725490
v 0.41891966 2.60089390 1.11495901 0.17254902 0.13333333 0.12941176
v 0.41866488 2.59303508 1.07654940 0.17254902 0.13333333 0.12941176
v 0.41971670 2.64204367 1.12128710 0.20392157 0.15686275 0.14117647
v 0.42329115 2.55900936 1.08770317 0.17254902 0.13333333 0.12941176
v 0.42813813 2.57591395 1.09139797 0.17254902 0.13333333 0.12941176
v 0.42148305 2.58296175 1.10646517 0.17254902 0.13333333 0.12941176
v 0.43278791 2.62706430 1.10550475 0.22352941 0.17254902 0.14509804
v 0.41846225 2.55615628 1.06694082 0.16862745 0.12941176 0.12549020
v 0.43327908 2.59631544 1.06855939 0.20392157 0.15686275 0.13725490
v 0.44667021 2.63014698 1.06540878 0.21568627 0.16470588 0.14509804
v 0.43322346 2.56910444 1.06696524 0.21568627 0.16470588 0.14117647
v 0.44547063 2.56879298 1.10652481 0.18431373 0.14117647 0.13333333
v 0.44550106 2.58339366 1.09197098 0.21176471 0.16470588 0.14509804
v 0.44287088 2.60112136 1.09769093 0.20784314 0.15686275 0.14117647
v 0.42370629 2.60523071 1.05445657 0.17254902 0.13333333 0.12941176
v 0.45261591 2.58785981 1.11107822 0.24313725 0.18431373 0.15294118
v 0.45156401 2.61740074 1.12097150 0.25882353 0.20000000 0.16078431
v 0.45330712 2.63075039 1.10793418 0.29803922 0.22745098 0.17254902
v 0.44825761 2.61037504 1.06968876 0.23529412 0.18039216 0.15294118
v 0.44630847 2.56450985 1.08246981 0.24313725 0.18823529 0.15686275
v 0.33997114 2.62695536 1.00152160 0.25490196 0.19607843 0.16078431
v 0.42972255 2.60186086 1.00830151 0.27058824 0.20784314 0.16470588
v 0.37634381 2.55118385 1.06205356 0.16078431 0.12156863 0.12156863
v 0.39300201 2.56062534 1.05664857 0.15686275 0.12156863 0.12156863
v 0.41307751 2.55704493 1.04394357 0.15686275 0.12156863 0.12156863
v 0.43710795 2.56047412 1.04433219 0.25882353 0.20000000 0.16078431
v 0.68336038 1.44803704 0.75699286 0.20784314 0.15686275 0.14117647
v 0.64726830 1.53175192 0.77436325 0.21568627 0.16862745 0.14509804
v 0.77485894 1.45615631 0.77145826 0.27843137 0.21568627 0.17254902
v 0.66200682 1.50926516 0.87511733 0.21960784 0.17254902 0.16078431
v 0.71762872 1.51320123 0.87824793 0.18039216 0.14117647 0.13333333
v 0.72088140 1.55769967 0.89026423 0.20784314 0.16078431 0.14509804
v 0.76155623 1.49606723 0.87904961 0.21176471 0.16470588 0.14509804
v 0.28035994 0.73888146 0.52838232 0.16470588 0.12941176 0.12549020
v 0.30392224 0.79509295 0.53895260 0.21176471 0.16078431 0.14117647
v 0.21157837 0.79064655 0.52861282 0.20392157 0.15686275 0.14117647
v 0.69286937 2.33369207 1.06042013 0.19607843 0.14901961 0.13725490
v 0.69843544 2.31094161 1.06185853 0.26274510 0.21960784 0.19607843
v 0.70477099 2.32397718 1.06489980 0.20000000 0.15686275 0.14509804
v 0.69772114 2.36911665 1.04113615 0.17254902 0.13333333 0.12941176
v 0.68120308 2.38507552 1.03985186 0.17254902 0.13333333 0.12941176
v 0.70881528 2.38972071 1.04999362 0.22352941 0.17647059 0.15294118
v 0.73215256 2.34457494 1.06470364 0.25490196 0.20392157 0.18039216
v 0.72641140 2.38807244 1.05104609 0.17254902 0.13333333 0.12941176
v 0.73898169 2.38183951 1.05835682 0.19607843 0.14901961 0.13725490
v 0.76677221 2.35334341 1.04461464 0.27843137 0.21176471 0.16862745
v 0.75325849 2.38003879 1.05151649 0.25882353 0.20000000 0.16470588
v 0.76300644 2.35889074 1.06299548 0.25098039 0.19607843 0.16078431
v 0.74784611 2.13791920 1.04415597 0.16078431 0.12156863 0.12156863
v 0.75470196 2.16088042 1.04889705 0.17254902 0.13333333 0.12941176
v 0.73615064 2.18827123 1.05548252 0.19215686 0.14901961 0.13725490
v 0.78518180 2.16886782 1.06031198 0.17254902 0.13333333 0.12941176
v 0.78961859 2.12784936 1.04901522 0.16470588 0.12549020 0.12549020
v 0.78549515 2.20476983 1.06787513 0.19215686 0.14901961 0.13725490
v 0.80565282 2.15564874 1.06199591 0.16078431 0.12549020 0.12156863
v 0.79697829 2.20235574 1.05319618 0.20392157 0.16078431 0.14509804
v 0.82072061 2.16115164 1.03874385 0.15686275 0.12156863 0.12156863
v 0.81767265 2.20226127 1.06285562 0.17647059 0.13725490 0.12941176
v 0.81969689 2.13236459 1.05355569 0.16078431 0.12549020 0.12156863
v 0.29676495 0.87158356 0.68996736 0.22352941 0.17254902 0.14901961
v 1.16889310 2.75927128 1.12333525 0.30588235 0.23137255 0.17254902
v 0.62658037 2.05557500 1.00773144 0.20000000 0.15294118 0.13725490
v 0.64392218 2.01831865 0.99838303 0.21960784 0.16862745 0.14509804
v 0.69528888 2.03065902 1.00811239 0.17254902 0.13333333 0.12941176
v 0.67176032 1.98798569 0.99379633 0.27450980 0.23137255 0.20784314
v 0.44771880 2.38707518 1.05959567 0.16862745 0.13333333 0.12549020
v 0.44909240 2.40258439 1.08018845 0.16078431 0.12549020 0.12549020
v 0.44276343 2.42596261 1.07404850 0.15686275 0.12549020 0.12156863
v 0.42389383 2.42379209 1.07370177 0.19607843 0.15294118 0.14117647
v 0.43106398 2.44216988 1.07049062 0.19215686 0.14901961 0.13725490
v 0.44538032 2.44826571 1.08202961 0.14509804 0.11372549 0.11764706
v 0.45325673 2.43877929 1.06150385 0.18823529 0.14509804 0.13333333
v 0.46327698 2.39273926 1.04878444 0.16470588 0.12549020 0.12549020
v 0.46273697 2.37767618 1.06453938 0.17647059 0.13725490 0.12941176
v 0.47661013 2.40085012 1.08312523 0.19215686 0.14901961 0.13725490
v 0.45184118 2.41305972 1.05663264 0.17254902 0.13725490 0.12941176
v 0.47165312 2.43125688 1.08847474 0.15294118 0.11764706 0.11764706
v 0.46647174 2.44816624 1.09322234 0.14509804 0.11372549 0.11764706
v 0.48540300 2.40462178 1.07791863 0.14509804 0.11372549 0.11764706
v 0.78238021 1.79886576 0.86955561 0.20000000 0.15686275 0.14117647
v 1.19909832 2.74841062 1.00027288 0.14509804 0.11372549 0.11764706
v 1.18655349 2.74946327 1.01991162 0.16470588 0.12941176 0.12549020
v 1.19586430 2.76139325 0.99897233 0.14509804 0.11372549 0.11764706
v 1.18064932 2.74711520 1.03841460 0.26666667 0.20784314 0.16862745
v 1.19903432 2.67398095 1.06109335 0.14509804 0.11372549 0.11764706
v 1.23955184 2.70039166 0.99914574 0.14509804 0.11372549 0.11764706
v 1.19920334 2.67264483 1.04319384 0.14509804 0.11372549 0.11764706
v 1.21648823 2.65675036 1.02911622 0.15686275 0.12156863 0.12156863
v 1.22719472 2.66547370 1.05603406 0.14509804 0.11372549 0.11764706
v 1.23527343 2.67612014 0.99576701 0.14509804 0.11372549 0.11764706
v 1.24830006 1.07139037 0.86149418 0.14901961 0.11372549 0.11764706
v 1.25534764 1.13591157 0.88030222 0.16862745 0.12941176 0.12549020
v 1.28736426 1.05343191 0.87792715 0.17254902 0.13333333 0.12941176
v 1.31268015 1.08265617 0.86739929 0.20000000 0.15686275 0.14509804
v 1.31256436 1.10359013 0.84405239 0.18823529 0.14901961 0.13725490
v 0.77749803 2.35656940 0.99830130 0.24313725 0.18823529 0.15294118
v 0.69388502 2.34603710 0.98121483 0.23137255 0.18039216 0.15294118
v 0.88162231 2.28541516 0.99611993 0.21568627 0.16470588 0.14117647
v 0.25063725 0.73194155 0.64167525 0.22352941 0.17254902 0.15294118
v 0.26389843 0.77938283 0.66203030 0.15686275 0.12156863 0.12156863
v 0.22050659 0.82095245 0.66036545 0.20392157 0.16078431 0.14509804
v 0.27108573 0.74409589 0.64538258 0.25882353 0.20392157 0.17647059
v 0.26787830 0.83852703 0.67749062 0.17254902 0.13333333 0.12941176
v 0.63250785 2.78369831 1.06482815 0.20392157 0.16078431 0.14509804
v 0.65350020 2.78525477 1.07672440 0.20392157 0.16078431 0.14509804
v 0.54931537 2.18468860 1.02993500 0.14509804 0.11372549 0.11764706
v 0.57860845 2.16881565 1.03854998 0.14509804 0.11372549 0.11764706
v 0.59181217 2.21303996 1.05156440 0.14509804 0.11372549 0.11764706
v 0.55743537 2.24683776 1.05388651 0.15294118 0.11764706 0.11764706
v 0.53753305 2.22475983 1.04676418 0.14509804 0.11372549 0.11764706
v 0.57841732 2.24270599 1.05647421 0.14509804 0.11372549 0.11764706
v 0.58064313 2.27147336 1.05519071 0.17254902 0.13333333 0.12941176
v 0.61781301 2.23319912 1.06170262 0.16078431 0.12549020 0.12549020
v 0.61286436 2.26035707 1.06053750 0.18039216 0.14117647 0.13333333
v 0.62590523 2.18866821 1.04781556 0.14509804 0.11372549 0.11764706
v 0.64095072 2.24905640 1.06112367 0.23921569 0.19215686 0.16862745
v 0.64342107 2.19877420 1.04941331 0.21568627 0.16862745 0.15294118
v 0.57963552 2.11908237 1.02502202 0.17254902 0.13725490 0.12941176
v 0.56290559 2.14009921 1.02929330 0.14509804 0.11372549 0.11764706
v 0.59514885 2.14412137 1.03571913 0.16470588 0.12941176 0.12549020
v 0.63237421 2.15429742 1.04237972 0.16078431 0.12549020 0.12549020
v 0.63257387 2.09634442 1.02251546 0.18039216 0.14117647 0.12941176
v 0.49346279 2.18615512 1.02473860 0.16862745 0.13333333 0.12549020
v 0.52686475 2.18838147 1.02896519 0.14509804 0.11372549 0.11764706
v 0.49418333 2.19279326 1.03278618 0.17647059 0.13725490 0.13333333
v 0.52013882 2.20727677 1.02782495 0.16078431 0.12549020 0.12549020
v 0.50939878 2.21886565 1.03757917 0.15686275 0.12156863 0.12156863
v 0.48324109 2.21002992 1.02487211 0.19607843 0.15294118 0.14117647
v 0.49347953 2.22371832 1.04118170 0.18039216 0.14117647 0.13333333
v 0.52940895 2.24313072 1.04930682 0.14509804 0.11372549 0.11764706
v 0.47493988 2.25282445 1.04340583 0.21568627 0.16862745 0.14901961
v 0.49873135 2.27269633 1.05597353 0.19215686 0.14901961 0.13725490
v 0.52807829 2.26212184 1.04613751 0.16470588 0.12941176 0.12549020
v 0.51774885 2.17224739 1.02384435 0.14509804 0.11372549 0.11764706
v 0.49782954 2.13247266 1.01233324 0.18823529 0.14509804 0.13333333
v 0.53073071 2.13822481 1.02334164 0.14509804 0.11372549 0.11764706
v 0.53125480 2.11449403 1.01509412 0.17254902 0.13725490 0.12941176
v 0.52670940 2.16894385 0.99720229 0.14509804 0.11372549 0.11764706
v 0.53972508 2.16175704 1.02648343 0.14509804 0.11372549 0.11764706
v 0.55609306 2.11188361 1.01932691 0.19607843 0.15294118 0.14117647
v 0.55706787 2.18090175 0.96389534 0.14509804 0.11372549 0.11764706
v 0.49206879 2.13750494 0.98586664 0.17254902 0.13333333 0.12941176
v 0.51214133 2.14318313 0.99097225 0.14509804 0.11372549 0.11764706
v 0.50854436 2.16761402 0.96366562 0.14509804 0.11372549 0.11764706
v 0.48721611 2.17420406 0.99240559 0.18039216 0.13725490 0.12941176
v 0.47961096 2.16527227 0.96090991 0.16862745 0.12941176 0.12549020
v 0.50886755 2.17843442 0.97741625 0.14509804 0.11372549 0.11764706
v 0.49845465 2.18184429 0.96592206 0.16470588 0.12941176 0.12549020
v 0.50927938 2.20057210 0.97418668 0.16470588 0.12941176 0.12549020
v 0.54555641 2.16373311 0.95567777 0.14509804 0.11372549 0.11764706
v 0.53185993 2.18543484 0.96990593 0.14509804 0.11372549 0.11764706
v 0.54479088 2.19117964 0.98446268 0.14509804 0.11372549 0.11764706
v 0.67417205 2.17427050 0.93397677 0.23921569 0.18431373 0.15686275
v 0.56812770 2.21963848 0.92895172 0.22745098 0.17647059 0.14901961
v 1.13594894 2.46661208 1.18669001 0.17647059 0.13725490 0.12941176
v 1.12652367 2.48681779 1.18929510 0.16078431 0.12549020 0.12549020
v 1.14645578 2.46820310 1.19921318 0.14509804 0.11372549 0.11764706
v 1.11918821 2.49359728 1.19997669 0.17647059 0.13725490 0.12941176
v 1.13811526 2.49985071 1.19114332 0.15686275 0.12549020 0.12156863
v 1.14262432 2.44114334 1.18327791 0.21176471 0.16470588 0.14901961
v 1.15956497 2.45657829 1.19200758 0.16862745 0.12941176 0.12549020
v 1.14211543 2.51369657 1.20580743 0.17647059 0.13725490 0.13333333
v 1.16691780 2.50714599 1.21430518 0.19607843 0.15294118 0.14117647
v 1.15065293 2.51018351 1.19495446 0.19607843 0.15294118 0.13725490
v 1.18750096 2.50021590 1.18915277 0.21960784 0.16862745 0.14509804
v 1.17810730 2.45328494 1.20191635 0.14509804 0.11372549 0.11764706
v 1.17147452 2.42163215 1.19394135 0.15686275 0.12549020 0.12156863
v 1.20899547 2.49719845 1.22348283 0.20784314 0.15686275 0.13725490
v 1.21093750 0.22070312 0.52995479 0.23921569 0.18823529 0.15686275
v 1.23736665 0.23565990 0.54929499 0.20000000 0.15686275 0.14509804
v 1.19750977 0.21032535 0.56382567 0.21960784 0.16862745 0.14901961
v 1.16132073 0.23083496 0.51973740 0.25882353 0.20000000 0.16078431
v 1.25790482 0.26626433 0.57336310 0.22352941 0.17254902 0.15294118
v 0.46812717 2.28964112 0.92971810 0.22352941 0.17254902 0.14509804
v 0.80441900 2.06112356 1.02885452 0.20784314 0.16470588 0.15294118
v 0.82478468 2.09935567 1.04064446 0.14901961 0.11764706 0.11764706
v 0.84060204 2.12327878 1.04937347 0.14901961 0.11764706 0.11764706
v 0.84381405 2.11232616 1.01782041 0.18039216 0.14117647 0.13333333
v 0.83111264 2.12689929 1.03070523 0.14509804 0.11372549 0.11764706
v 0.83556415 2.05297289 1.03072905 0.19215686 0.14901961 0.13725490
v 0.84972299 2.13669943 1.01865606 0.17254902 0.13725490 0.12941176
v 0.84858438 2.12985437 1.04019592 0.14509804 0.11372549 0.11764706
v 0.85223695 2.10580211 1.02730167 0.20000000 0.15686275 0.13725490
v 0.85652857 2.10087287 1.04008664 0.21176471 0.16470588 0.14509804
v 0.90810977 2.00025395 0.92419585 0.16078431 0.12549020 0.12549020
v 1.02354225 1.99493256 0.93956740 0.22352941 0.17647059 0.14901961
v 0.40532392 1.11490248 0.63252863 0.20000000 0.15294118 0.13725490
v 0.47828957 1.13221563 0.64867945 0.19607843 0.15294118 0.14117647
v 1.20030325 2.68743691 1.07843083 0.14509804 0.11372549 0.11764706
v 1.20973175 2.68489637 1.10156009 0.14509804 0.11372549 0.11764706
v 1.19582308 2.69478045 1.13521670 0.15294118 0.11764706 0.12156863
v 1.16849828 2.70092710 1.11563456 0.18431373 0.14509804 0.13333333
v 1.20540388 2.70985365 1.08696926 0.14509804 0.11372549 0.11764706
v 1.19005044 2.74051968 1.08235075 0.18431373 0.14509804 0.13333333
v 0.80624181 1.88555830 0.98851694 0.18823529 0.14509804 0.13333333
v 0.80993314 1.92384418 0.99798315 0.14509804 0.11372549 0.11764706
v 0.82681773 1.94648039 1.00003556 0.16862745 0.12941176 0.12549020
v 0.79334512 1.92991768 0.99216268 0.19215686 0.15294118 0.14117647
v 0.85286536 1.91236135 1.00197259 0.17254902 0.13333333 0.12941176
v 0.89122616 1.85482322 0.99102369 0.16470588 0.12941176 0.12549020
v 0.86919321 1.93482428 1.00726733 0.20392157 0.15686275 0.14117647
v 0.17316452 0.34827805 0.53522352 0.16470588 0.12941176 0.12549020
v 0.22091116 0.36622566 0.54022249 0.14509804 0.11372549 0.11764706
v 0.19107533 0.41327621 0.54222538 0.21176471 0.16470588 0.14509804
v 0.24249204 0.39598752 0.54870442 0.20000000 0.15686275 0.13725490
v 0.80856821 1.81006628 0.96441148 0.21176471 0.16470588 0.14117647
v 0.80075189 1.74182503 0.94583558 0.18823529 0.14901961 0.13725490
v 0.88219398 1.79367085 0.97263404 0.17254902 0.13333333 0.12941176
v 0.85101490 1.71924251 0.94789427 0.16470588 0.12941176 0.12549020
v 0.91760106 1.74839535 0.96611151 0.17647059 0.13725490 0.12941176
v 0.24458958 0.31134033 0.54021221 0.16470588 0.12941176 0.12549020
v 0.29519966 0.35399628 0.54979963 0.20392157 0.15686275 0.14117647
v 0.72666608 0.51772010 0.74936320 0.15294118 0.11764706 0.12156863
v 0.39499692 1.41496484 0.82217590 0.18431373 0.14509804 0.13333333
v 0.36643998 1.43470385 0.81065353 0.18823529 0.14509804 0.13333333
v 0.38708927 1.44310827 0.82668250 0.21568627 0.16862745 0.15294118
v 0.33335686 1.49308530 0.72030191 0.20784314 0.15686275 0.14117647
v 0.36781199 1.55232718 0.73790617 0.16078431 0.12156863 0.12156863
v 0.45168994 1.45670115 0.72637561 0.15686275 0.12156863 0.12156863
v 0.53313618 1.55126922 0.76177785 0.16862745 0.12941176 0.12549020
v 0.52908373 1.32961737 0.71157084 0.14509804 0.11372549 0.11764706
v 0.47582920 1.38175128 0.71065541 0.17647059 0.13725490 0.13333333
v 0.63654327 1.38203537 0.73327903 0.17647059 0.13725490 0.12941176
v 0.64782715 1.30998663 0.71787951 0.20000000 0.15686275 0.13725490
v 0.87901699 2.42417127 1.12923903 0.29019608 0.22352941 0.17254902
v 0.89839562 2.40289638 1.13207622 0.18823529 0.14509804 0.13333333
v 0.90317554 2.40789176 1.13927880 0.20000000 0.15686275 0.14117647
v 0.90938821 2.37843663 1.13831901 0.16078431 0.12549020 0.12549020
v 0.93129995 2.37446784 1.13942445 0.18039216 0.14117647 0.13333333
v 0.92627519 2.39878790 1.13682141 0.14509804 0.11372549 0.11764706
v 0.94509612 2.41659927 1.14702026 0.21960784 0.16862745 0.14509804
v 0.94079273 2.40140395 1.15325577 0.23137255 0.17647059 0.15294118
v 0.93067838 2.36622344 1.12782729 0.15686275 0.12156863 0.12156863
v 0.95909446 2.35818010 1.12817656 0.20392157 0.15686275 0.14117647
v 0.95370510 2.39893364 1.13957953 0.24313725 0.18823529 0.15294118
v 0.68869791 1.38592208 0.84624215 0.16078431 0.12549020 0.12549020
v 0.69270482 1.41498100 0.85600565 0.15294118 0.11764706 0.12156863
v 0.67930974 1.43575129 0.87332176 0.20784314 0.16470588 0.15686275
v 0.67871293 1.44601513 0.86718757 0.20000000 0.16078431 0.15686275
v 0.72006226 1.44538268 0.86004872 0.14901961 0.11372549 0.11764706
v 0.72557423 1.37685056 0.84051214 0.16470588 0.12941176 0.12549020
v 0.74106839 1.42067149 0.85258770 0.16078431 0.12549020 0.12549020
v 0.75970227 1.45821243 0.86645767 0.18823529 0.14901961 0.13725490
v 0.78053421 1.40158722 0.84460215 0.20000000 0.15686275 0.14117647
v 1.13766623 0.88576849 0.80297533 0.20000000 0.15294118 0.13725490
v 1.14702311 0.86487822 0.83254685 0.20000000 0.15686275 0.14117647
v 1.16144949 0.89166889 0.81035498 0.16862745 0.12941176 0.12549020
v 1.17268887 0.94652762 0.81189540 0.18039216 0.13725490 0.12941176
v 1.21963858 0.86157227 0.81876606 0.17254902 0.13333333 0.12941176
v 1.21148106 0.92359924 0.81949016 0.14509804 0.11372549 0.11764706
v 0.82916243 0.49550856 0.73332473 0.20392157 0.15686275 0.14117647
v 0.47489566 1.34024552 0.81720798 0.16078431 0.12549020 0.12549020
v 0.51863040 1.32201064 0.81641460 0.17254902 0.13333333 0.12941176
v 0.52412229 1.37442995 0.83598548 0.16470588 0.12941176 0.12549020
v 0.46528703 1.27929188 0.68947616 0.17647059 0.13725490 0.13333333
v 0.98397576 0.18491826 0.52806099 0.27450980 0.21176471 0.16862745
v 0.82872511 2.18219259 1.07475047 0.15294118 0.11764706 0.12156863
v 0.31855393 2.63982999 1.08309720 0.18823529 0.14509804 0.13333333
v 0.31124182 2.64583693 1.09731811 0.15686275 0.12156863 0.12156863
v 0.33738840 2.60483583 1.10534833 0.20000000 0.15294118 0.13725490
v 0.30545768 2.64608713 1.12024041 0.16470588 0.12941176 0.12549020
v 0.32279286 2.67135866 1.07646187 0.14509804 0.11372549 0.11764706
v 0.30243911 2.66947541 1.10134467 0.16470588 0.12549020 0.12549020
v 0.31435109 2.66938726 1.06551310 0.14509804 0.11372549 0.11764706
v 0.30374834 2.67515099 1.08675175 0.15294118 0.11764706 0.12156863
v 0.31977559 2.68288340 1.11122054 0.15294118 0.12156863 0.12156863
v 0.32577173 2.69083434 1.08375016 0.15686275 0.12549020 0.12156863
v 0.29133001 2.70693185 1.11640612 0.23921569 0.18039216 0.15294118
v 0.30515296 2.68323055 1.06787948 0.14509804 0.11372549 0.11764706
v 0.34835517 2.66367008 1.10313990 0.14509804 0.11372549 0.11764706
v 0.32910919 2.68381193 1.13697002 0.19215686 0.14901961 0.13333333
v 0.33930528 2.62797435 1.08138598 0.16470588 0.12941176 0.12549020
v 0.35877914 2.64052519 1.08964344 0.14509804 0.11372549 0.11764706
v 0.34806339 2.68185180 1.07308146 0.16078431 0.12549020 0.12549020
v 0.34962396 2.66229538 1.08110708 0.14509804 0.11372549 0.11764706
v 0.35057478 2.71277163 1.08608507 0.20392157 0.15686275 0.14117647
v 0.35714594 2.68915775 1.11459884 0.20784314 0.16078431 0.14117647
v 0.37554705 2.65880326 1.12709200 0.20784314 0.15686275 0.14117647
v 0.35071073 2.61776529 1.08426579 0.15294118 0.11764706 0.11764706
v 0.37181500 2.66578308 1.08286358 0.16862745 0.12941176 0.12549020
v 0.36831644 2.62735783 1.08232975 0.16470588 0.12941176 0.12549020
v 0.37328875 2.68934858 1.09170481 0.22352941 0.17254902 0.14509804
v 0.39373629 2.64543197 1.08301189 0.20784314 0.16078431 0.14117647
v 0.39606448 2.66394161 1.10122194 0.20000000 0.15686275 0.13725490
v 0.25784457 1.01061569 0.58745002 0.17254902 0.13333333 0.12941176
v 1.26566361 1.48562158 0.97514046 0.18823529 0.14509804 0.13333333
v 1.25039381 1.54103385 0.98379911 0.17254902 0.13333333 0.12941176
v 1.30583452 1.52657829 1.00089903 0.14509804 0.11372549 0.11764706
v 1.30979319 1.45733881 0.98196451 0.18431373 0.14117647 0.13333333
v 1.32781922 1.50079004 0.97896752 0.17647059 0.13725490 0.13333333
v 0.34888751 1.07217845 0.72753192 0.19215686 0.14901961 0.13725490
v 0.38202659 1.04007391 0.72622026 0.18823529 0.14901961 0.13725490
v 0.36650888 1.10786560 0.73469310 0.18823529 0.14901961 0.13725490
v 0.41050305 1.09545517 0.73796258 0.14509804 0.11372549 0.11764706
v 0.45246760 1.13842647 0.75255009 0.19215686 0.15294118 0.14117647
v 0.40483866 1.03094419 0.72662415 0.18039216 0.13725490 0.12941176
v 0.44223022 1.04297653 0.72969563 0.18039216 0.13725490 0.12941176
v 0.47905064 1.08667687 0.74071241 0.17254902 0.13333333 0.12941176
v 1.29553127 0.60861557 0.72606890 0.25882353 0.20000000 0.16078431
v 0.48282441 1.18677330 0.66736781 0.20784314 0.16078431 0.14117647
v 1.19380257 2.62530850 1.12202674 0.24313725 0.19215686 0.16078431
v 1.15507507 2.69527917 1.13320380 0.22745098 0.17647059 0.15294118
v 0.27279670 0.94208487 0.57328063 0.23137255 0.17647059 0.14901961
v 0.79888686 1.96190111 0.99926460 0.18823529 0.15294118 0.14509804
v 0.81999008 1.98746833 1.00734945 0.20000000 0.15686275 0.14117647
v 0.84146713 1.97314907 1.00763089 0.18431373 0.14117647 0.13333333
v 0.82301331 1.92114693 0.89313437 0.17254902 0.13725490 0.12941176
v 0.80246752 1.98562577 0.90685400 0.18823529 0.14901961 0.13725490
v 1.01801280 1.08880981 0.81463687 0.18039216 0.14117647 0.13333333
v 0.98928538 1.11701963 0.81788804 0.21176471 0.16470588 0.14509804
v 1.05165858 1.11621452 0.82766936 0.16470588 0.12941176 0.12549020
v 1.03339454 1.14713344 0.83267146 0.17254902 0.13333333 0.12941176
v 1.00939435 1.07581855 0.80248553 0.20784314 0.16078431 0.14117647
v 1.06460171 1.07293028 0.81750743 0.19607843 0.15294118 0.14117647
v 0.53883433 1.03216364 0.73681173 0.20392157 0.15686275 0.14117647
v 0.59022505 1.04998034 0.75033573 0.20000000 0.15686275 0.14509804
v 0.59618352 1.06409942 0.72093602 0.14509804 0.11372549 0.11764706
v 0.60862745 1.10086153 0.73391007 0.14509804 0.11372549 0.11764706
v 0.62074227 1.12528969 0.74637280 0.18823529 0.14509804 0.13333333
v 0.62580904 1.07690965 0.72608071 0.19607843 0.15294118 0.14117647
v 0.58570729 1.10521766 0.65592153 0.20392157 0.16078431 0.14509804
v 0.67737152 1.07982898 0.66445065 0.24705882 0.19215686 0.16078431
v 0.61598250 1.07961649 0.76127427 0.17254902 0.13333333 0.12941176
v 0.64867202 1.08564321 0.76863897 0.16470588 0.12941176 0.12549020
v 0.66915722 1.06163896 0.76100265 0.20000000 0.15686275 0.14509804
v 0.67115189 1.12346207 0.78165268 0.14901961 0.11372549 0.11764706
v 0.66918182 1.11609198 0.74786508 0.16862745 0.12941176 0.12549020
v 0.68868950 1.07599517 0.77057453 0.17254902 0.13333333 0.12941176
v 0.69483047 1.10612696 0.77948710 0.15686275 0.12156863 0.12156863
v 0.69843767 1.12921180 0.75515860 0.19215686 0.14901961 0.13725490
v 1.20951222 1.03146745 0.83412781 0.15294118 0.11764706 0.12156863
v 1.15673914 0.98173101 0.81439521 0.21960784 0.16862745 0.14509804
v 1.17862565 1.02969360 0.82655463 0.19215686 0.14509804 0.13333333
v 1.23706081 0.97346497 0.83766172 0.14509804 0.11372549 0.11764706
v 1.24962521 1.01675938 0.85299244 0.14901961 0.11372549 0.11764706
v 0.87491495 1.24599455 0.82925446 0.26274510 0.20392157 0.16470588
v 0.08365463 0.30762382 0.50198584 0.18823529 0.14509804 0.13333333
v 0.07164756 0.33203125 0.52145074 0.16862745 0.12941176 0.12549020
v 0.11173782 0.27750067 0.52192041 0.14509804 0.11372549 0.11764706
v 0.13608056 0.26218455 0.51086563 0.16470588 0.12941176 0.12549020
v 0.11567688 0.33882224 0.53144478 0.18039216 0.13725490 0.12941176
v 0.15399285 0.27502930 0.53431199 0.14509804 0.11372549 0.11764706
v 0.90692277 0.88626885 0.64560251 0.23921569 0.18431373 0.15294118
v 0.91179857 0.94745062 0.66631224 0.23529412 0.18431373 0.16078431
v 0.89166834 2.15683936 1.01462622 0.20784314 0.16078431 0.14117647
v 0.87244104 2.15726141 1.01008166 0.20392157 0.16078431 0.14509804
v 0.88958326 2.17853464 1.02041500 0.17254902 0.13725490 0.12941176
v 0.86224082 2.18227418 1.02529004 0.14509804 0.11372549 0.11764706
v 0.88748276 2.19933427 1.03510006 0.14509804 0.11372549 0.11764706
v 0.85636534 2.17475947 1.03775853 0.14509804 0.11372549 0.11764706
v 0.91545096 2.15150011 1.02000735 0.19215686 0.14901961 0.13725490
v 0.92078665 2.17790563 1.01770918 0.16078431 0.12549020 0.12549020
v 0.93337529 2.19560338 1.01844668 0.16470588 0.12941176 0.12549020
v 0.94332722 2.16495699 1.02377299 0.17254902 0.13333333 0.12941176
v 0.99690444 2.49522843 1.18783460 0.20392157 0.16078431 0.14509804
v 1.02764952 2.50177842 1.18801948 0.17647059 0.13725490 0.12941176
v 1.05997694 2.50658800 1.19006342 0.22352941 0.17254902 0.14901961
v 0.41620636 2.12902232 0.88542111 0.23529412 0.18039216 0.14901961
v 0.38562931 2.13087588 0.95572294 0.16862745 0.13333333 0.12941176
v 0.39010239 2.14663559 0.93651659 0.15294118 0.11764706 0.12156863
v 0.43944029 2.13251201 0.95027881 0.17254902 0.13333333 0.12941176
v 0.46623230 2.21953236 0.91522551 0.16862745 0.12941176 0.12549020
v 0.65593591 0.90187032 0.61544752 0.22352941 0.17647059 0.15294118
v 1.24806246 0.92084022 0.70971696 0.19607843 0.15294118 0.13725490
v 1.29240970 0.93461785 0.71846374 0.22745098 0.17647059 0.14901961
v 1.29246920 0.89894207 0.75924553 0.20784314 0.16078431 0.14509804
v 1.28336758 0.84643555 0.74731854 0.22352941 0.17254902 0.14901961
v 1.27814732 0.87219238 0.76180398 0.20000000 0.15686275 0.14509804
v 1.20782471 0.97060817 0.71820129 0.16862745 0.12941176 0.12549020
v 1.15898551 0.96874401 0.70409983 0.23529412 0.18431373 0.15294118
v 0.44897707 0.88308766 0.72089676 0.14509804 0.11372549 0.11764706
v 0.44103019 0.93547676 0.72523889 0.15294118 0.11764706 0.12156863
v 0.46152644 0.96315825 0.72256066 0.18823529 0.14901961 0.13725490
v 0.47937642 0.90849989 0.72364677 0.14509804 0.11372549 0.11764706
v 0.50158521 0.86316834 0.72326925 0.16470588 0.12549020 0.12549020
v 0.53134362 0.95924971 0.72386023 0.19215686 0.14901961 0.13725490
v 0.51492404 0.89393815 0.72323402 0.18431373 0.14509804 0.13725490
v 0.53030013 0.91796424 0.72228908 0.18431373 0.14509804 0.13333333
v 0.43827985 0.81806389 0.69100079 0.17254902 0.13333333 0.12941176
v 0.41801979 0.79719091 0.70130683 0.14901961 0.11372549 0.11764706
v 0.47219984 0.80636499 0.71176684 0.14901961 0.11764706 0.11764706
v 0.40421202 0.85562642 0.70934396 0.14509804 0.11372549 0.11764706
v 0.53342374 0.81346775 0.71943487 0.17254902 0.13333333 0.12941176
v 1.33897466 1.92929074 1.02927831 0.16470588 0.12941176 0.12549020
v 1.33727362 1.88251689 1.04239893 0.19215686 0.14901961 0.13725490
v 1.35068822 1.93020350 1.08740234 0.17647059 0.13725490 0.13333333
v 1.35892496 2.01872441 1.04130793 0.19215686 0.14901961 0.13725490
v 1.36415368 1.94403881 1.01682660 0.16862745 0.12941176 0.12549020
v 1.34400515 1.87765256 1.00695627 0.16862745 0.12941176 0.12549020
v 1.36898775 1.89881659 0.99216640 0.18823529 0.14509804 0.13725490
v 1.36740636 2.03519832 1.00736636 0.23529412 0.18039216 0.15294118
v 1.37562300 2.38357133 1.20346120 0.21960784 0.17254902 0.14509804
v 1.37838980 2.40092174 1.16272605 0.22352941 0.17254902 0.14901961
v 1.20804487 1.28614557 0.79766818 0.14509804 0.11372549 0.11764706
v 1.17428962 1.23876953 0.78677260 0.16470588 0.12941176 0.12549020
v 1.15220171 1.27377258 0.78052491 0.17647059 0.13725490 0.12941176
v 1.21191406 1.39135742 0.82140334 0.21960784 0.16862745 0.14901961
v 1.22316801 1.23996294 0.79931545 0.16470588 0.12941176 0.12549020
v 1.24743894 1.31543258 0.82011695 0.18431373 0.14117647 0.13333333
v 0.69400610 0.60258694 0.76954178 0.17254902 0.13333333 0.12941176
v 0.66670229 0.56682410 0.75975260 0.20000000 0.15686275 0.13725490
v 0.69870399 0.54399705 0.75781948 0.14509804 0.11372549 0.11764706
v 0.72982930 0.64950474 0.77085031 0.19215686 0.14901961 0.13725490
v 0.24397939 1.57963015 0.83966636 0.14509804 0.11372549 0.11764706
v 0.24357337 1.55020820 0.83227035 0.19215686 0.14901961 0.13725490
v 0.24332118 1.61129026 0.85261471 0.17254902 0.13333333 0.12941176
v 0.27374807 1.61411785 0.85622873 0.15294118 0.11764706 0.11764706
v 0.28267743 1.57593715 0.84287118 0.16470588 0.12941176 0.12549020
v 0.27797425 1.62089831 0.83522468 0.14509804 0.11372549 0.11764706
v 0.27459707 1.54165305 0.83868865 0.21176471 0.16470588 0.14509804
v 0.28215408 1.59740034 0.82055527 0.14509804 0.11372549 0.11764706
v 0.30458480 1.61364390 0.82557222 0.14509804 0.11372549 0.11764706
v 0.28873680 1.64407300 0.86483048 0.16470588 0.12941176 0.12549020
v 0.31057714 1.62070117 0.83906564 0.14509804 0.11372549 0.11764706
v 0.30743859 1.64191347 0.84392391 0.14509804 0.11372549 0.11764706
v 0.30358756 1.58780244 0.82558122 0.14509804 0.11372549 0.11764706
v 0.31295445 1.58794195 0.84928516 0.18431373 0.14509804 0.13333333
v 0.34217834 1.61837479 0.85821090 0.16078431 0.12549020 0.12549020
v 0.32079932 1.55793662 0.83302021 0.24313725 0.18823529 0.16470588
v 0.32079044 1.58594723 0.83056027 0.17647059 0.13725490 0.13333333
v 0.32646630 1.60717839 0.83367862 0.14509804 0.11372549 0.11764706
v 0.45148719 0.76164721 0.68156053 0.17647059 0.13725490 0.13333333
v 0.42915869 0.76779303 0.68091813 0.19215686 0.15294118 0.14117647
v 0.44670027 0.75432750 0.69205544 0.16078431 0.12549020 0.12549020
v 0.44812898 0.78409497 0.68806141 0.16078431 0.12549020 0.12549020
v 0.43141641 0.79668377 0.68370139 0.18823529 0.14901961 0.13725490
v 0.47594972 0.76264050 0.69373462 0.16078431 0.12549020 0.12549020
v 0.49945459 0.76984804 0.67699681 0.18431373 0.14117647 0.13333333
v 0.50326736 0.74295271 0.67019641 0.16862745 0.12941176 0.12549020
v 0.51601518 0.75844023 0.68004003 0.17254902 0.13333333 0.12941176
v 0.56168938 2.88027174 1.06129998 0.18823529 0.14509804 0.13725490
v 0.56157877 0.73773541 0.56671969 0.19215686 0.14901961 0.13725490
v 0.45197590 0.81084183 0.56413419 0.20000000 0.15294118 0.13725490
v 0.59162521 0.82367565 0.58631505 0.19607843 0.15294118 0.14117647
v 0.84244850 2.06767834 0.93318660 0.19607843 0.15294118 0.14117647
v 0.94662476 2.07402199 0.94997270 0.19215686 0.14901961 0.13333333
v 0.40612204 0.61928229 0.64541889 0.17647059 0.13725490 0.12941176
v 0.33251229 0.64045432 0.63911687 0.17254902 0.13333333 0.12941176
v 0.40645013 0.66772427 0.65810594 0.14509804 0.11372549 0.11764706
v 0.38421500 0.69251310 0.65566187 0.15294118 0.11764706 0.11764706
v 0.39906923 0.69884629 0.66065776 0.14509804 0.11372549 0.11764706
v 0.41735493 0.69069863 0.65181146 0.14509804 0.11372549 0.11764706
v 0.40109455 0.70718244 0.67124922 0.17647059 0.13725490 0.12941176
v 0.45200946 0.65337212 0.66043279 0.14509804 0.11372549 0.11764706
v 0.46933130 0.69223501 0.67244488 0.14901961 0.11372549 0.11764706
v 0.44072859 0.53392006 0.62425679 0.18431373 0.14509804 0.13333333
v 0.45539093 0.60326051 0.64481371 0.16078431 0.12549020 0.12549020
v 0.49956149 0.54647232 0.63694728 0.14901961 0.11372549 0.11764706
v 0.47006879 0.64183988 0.65540961 0.14509804 0.11372549 0.11764706
v 0.51122795 0.61032914 0.65109973 0.14509804 0.11372549 0.11764706
v 1.22126007 1.17721924 0.78545902 0.20000000 0.15686275 0.13725490
v 0.54309168 0.56071782 0.64505323 0.14509804 0.11372549 0.11764706
v 0.51452589 0.64489974 0.65954419 0.14901961 0.11372549 0.11764706
v 0.56399062 0.65374784 0.66805912 0.17647059 0.13725490 0.12941176
v 0.38283544 1.27808724 0.67748676 0.20784314 0.16078431 0.14117647
v 0.47391778 1.22974961 0.67480705 0.19215686 0.14901961 0.13725490
v 0.54645538 1.28262296 0.70366426 0.18823529 0.14901961 0.13725490
v 0.64427272 0.48870206 0.68421006 0.14901961 0.11764706 0.11764706
v 0.64425466 0.51502629 0.67859563 0.14509804 0.11372549 0.11764706
v 0.62629386 0.52537713 0.72808002 0.18039216 0.13725490 0.12941176
v 0.64385177 0.47209894 0.71341914 0.15294118 0.11764706 0.12156863
v 0.62485450 0.53235586 0.70335310 0.14509804 0.11372549 0.11764706
v 0.63714202 0.57902001 0.70661724 0.17254902 0.13333333 0.12941176
v 0.66114203 0.50341097 0.73710921 0.16862745 0.12941176 0.12549020
v 0.67803955 0.46575993 0.71892662 0.16078431 0.12549020 0.12156863
v 0.14152644 0.93137704 0.67356471 0.21176471 0.16470588 0.14901961
v 0.18408205 0.95017733 0.68558391 0.23137255 0.17647059 0.15294118
v 1.14911542 1.14101391 0.76189331 0.23137255 0.17647059 0.14901961
v 1.15632163 1.19106271 0.78081969 0.17254902 0.13333333 0.12941176
v 0.17655563 0.73264519 0.51774566 0.22745098 0.17647059 0.15294118
v 0.26144143 0.69384272 0.51882306 0.19215686 0.14509804 0.13333333
v 0.31233245 2.51204545 1.06410597 0.17254902 0.13333333 0.12941176
v 0.33199167 2.51586573 1.06436679 0.14509804 0.11372549 0.11764706
v 0.33705897 2.50125396 1.08826652 0.21568627 0.16470588 0.14509804
v 0.30613278 2.52401578 1.09262697 0.18823529 0.14509804 0.13333333
v 0.30081915 2.53351374 1.06699152 0.14509804 0.11372549 0.11764706
v 0.31962576 2.55498407 1.06872998 0.14509804 0.11372549 0.11764706
v 0.30829065 2.55460506 1.09496936 0.21568627 0.16862745 0.14901961
v 0.30067291 2.55796015 1.06813778 0.22352941 0.18431373 0.17254902
v 0.33114679 2.48826717 1.06182700 0.18823529 0.14509804 0.13333333
v 0.34411737 2.55046275 1.07602571 0.14509804 0.11372549 0.11764706
v 0.33506530 2.54513163 1.09634079 0.14509804 0.11372549 0.11764706
v 0.33242219 2.54561597 1.05996215 0.14509804 0.11372549 0.11764706
v 0.34764182 2.56263224 1.09135997 0.14509804 0.11372549 0.11764706
v 0.34368349 2.57691032 1.07402590 0.15294118 0.11764706 0.11764706
v 0.35232418 2.55695031 1.06223927 0.14509804 0.11372549 0.11764706
v 0.35098459 2.58077464 1.10125041 0.19607843 0.14901961 0.13725490
v 0.34496000 2.50884341 1.05616544 0.16078431 0.12549020 0.12549020
v 0.35525188 2.54005079 1.05941447 0.14509804 0.11372549 0.11764706
v 0.36165658 2.53454034 1.09830920 0.14901961 0.11764706 0.11764706
v 0.36419460 2.49734970 1.08212990 0.17254902 0.13333333 0.12941176
v 0.37567190 2.51766411 1.06854885 0.14509804 0.11372549 0.11764706
v 0.38761998 2.52405804 1.09176240 0.14509804 0.11372549 0.11764706
v 0.37365900 2.52950538 1.08841597 0.14509804 0.11372549 0.11764706
v 0.37352759 2.53810074 1.07189077 0.14901961 0.11764706 0.11764706
v 0.37422416 2.49894306 1.06697432 0.18431373 0.14509804 0.13333333
v 0.38276099 2.54240730 1.09516366 0.14509804 0.11372549 0.11764706
v 1.21221765 0.44484755 0.70681751 0.18039216 0.14117647 0.13333333
v 1.18671808 0.48339844 0.71519926 0.20000000 0.15686275 0.14509804
v 1.19032108 0.52990864 0.73140196 0.24313725 0.18823529 0.15686275
v 0.25812559 0.59781365 0.60923243 0.14509804 0.11372549 0.11764706
v 0.20102110 0.56122875 0.58314695 0.18823529 0.14509804 0.13333333
v 0.30515961 0.59616782 0.62070854 0.16470588 0.12941176 0.12549020
v 0.27440253 0.65934725 0.63230449 0.19607843 0.15686275 0.14509804
v 0.29248814 0.53290146 0.59758464 0.19607843 0.15294118 0.13725490
v 0.32970356 0.55394327 0.61069974 0.19607843 0.15294118 0.13725490
v 0.21038511 0.65522464 0.61302205 0.21568627 0.16470588 0.14509804
v 0.32335158 2.49888908 1.04052198 0.16862745 0.12941176 0.12549020
v 0.30507097 2.50463557 1.04711799 0.16862745 0.13333333 0.12549020
v 0.32100513 2.53537099 1.04505496 0.14509804 0.11372549 0.11764706
v 0.30859121 2.53684107 1.05600785 0.14509804 0.11372549 0.11764706
v 0.33949081 2.51557484 1.03470093 0.14509804 0.11372549 0.11764706
v 0.32511774 2.48379265 1.02040248 0.19215686 0.14901961 0.14117647
v 0.34978974 2.49369244 1.01711165 0.18823529 0.14901961 0.13725490
v 0.35804328 2.50070357 1.03082156 0.16862745 0.12941176 0.12549020
v 0.36295545 2.51928932 1.02021355 0.14509804 0.11372549 0.11764706
v 0.36164060 2.54217006 1.03164472 0.14509804 0.11372549 0.11764706
v 0.35924938 2.49442171 1.05813300 0.19607843 0.15294118 0.13725490
v 0.36073758 2.48926291 1.03959329 0.19215686 0.14901961 0.13725490
v 0.37558792 2.50837285 1.04800369 0.14509804 0.11372549 0.11764706
v 0.38688695 2.50165806 1.02362828 0.23137255 0.18039216 0.15686275
v 0.38963196 2.52226042 1.03551415 0.18039216 0.13725490 0.12941176
v 0.87031249 1.69279088 0.94419177 0.18823529 0.14509804 0.13333333
v 0.91494118 1.69245328 0.95006216 0.15686275 0.12156863 0.12156863
v 0.15393033 0.92256136 0.56180754 0.22352941 0.17647059 0.15294118
v 1.18901921 0.35660008 0.70668000 0.21960784 0.17254902 0.14901961
v 1.17949554 0.41523361 0.72855554 0.21176471 0.16862745 0.14901961
v 1.12661976 2.12786118 1.10967566 0.16470588 0.12941176 0.12549020
v 1.14748885 2.14140409 1.12088687 0.14509804 0.11372549 0.11764706
v 1.11420936 2.14655880 1.12021215 0.16470588 0.12941176 0.12549020
v 1.12495717 2.15601468 1.10650372 0.16470588 0.12941176 0.12549020
v 1.11687033 2.17525068 1.11976632 0.14509804 0.11372549 0.11764706
v 1.14547686 2.18565254 1.11488881 0.17254902 0.13333333 0.12941176
v 1.13238142 2.18177180 1.12330101 0.14509804 0.11372549 0.11764706
v 1.10752980 2.19948568 1.10371006 0.21176471 0.16470588 0.14509804
v 1.15911950 2.17099851 1.13188607 0.19215686 0.14901961 0.13725490
v 1.16397179 2.10737876 1.11719437 0.20000000 0.15686275 0.14509804
v 1.19927899 2.12080788 1.12593196 0.20392157 0.15686275 0.14117647
v 1.18060085 2.14503525 1.13083441 0.19607843 0.15294118 0.13725490
v 0.83685801 2.15273443 1.06366889 0.14509804 0.11372549 0.11764706
v 0.84729257 2.20041011 1.07832263 0.14901961 0.11764706 0.11764706
v 0.83958305 2.18416065 1.06353825 0.14901961 0.11372549 0.11764706
v 0.85140768 2.15936069 1.05752499 0.14509804 0.11372549 0.11764706
v 0.86067255 2.17496821 1.07402617 0.14509804 0.11372549 0.11764706
v 1.20047827 1.17957405 0.85491024 0.18039216 0.14117647 0.13333333
v 1.15740900 1.22449004 0.85392835 0.17254902 0.13333333 0.12941176
v 1.21411238 1.22887769 0.87035668 0.14509804 0.11372549 0.11764706
v 1.17300629 1.25742260 0.86096083 0.18039216 0.14117647 0.13333333
v 1.22623612 1.15610118 0.86177745 0.14901961 0.11764706 0.11764706
v 1.22676449 1.26494714 0.88820638 0.19607843 0.15294118 0.14117647
v 1.24884705 1.21104445 0.89306729 0.17647059 0.13725490 0.13333333
v 1.23258345 1.36849834 0.92255007 0.20784314 0.16470588 0.14509804
v 1.07515732 1.21604768 0.84469996 0.18823529 0.14509804 0.13333333
v 1.03734964 1.19918880 0.83853143 0.21960784 0.17254902 0.14901961
v 1.11414990 1.23971357 0.85256317 0.19215686 0.14901961 0.13725490
v 1.13110270 1.16330373 0.84671181 0.19607843 0.15294118 0.13725490
v 1.13320925 1.26881480 0.85879838 0.21176471 0.16470588 0.14117647
v 0.70981684 0.26636195 0.59872215 0.23529412 0.18431373 0.15686275
v 0.79870369 0.18997262 0.59048472 0.23529412 0.18039216 0.14901961
v 0.83901290 0.19018726 0.60831970 0.25098039 0.19215686 0.15686275
v 0.72695160 0.23546330 0.53023780 0.21176471 0.16078431 0.14117647
v 0.78201479 0.27322770 0.61812612 0.21568627 0.16862745 0.14509804
v 1.09952773 0.17795892 0.62227262 0.30588235 0.23137255 0.17647059
v 1.16500716 0.19433594 0.62892753 0.29019608 0.22352941 0.17647059
v 0.51366244 2.74899379 1.04704668 0.32156863 0.24705882 0.18431373
v 1.24790509 1.65727119 0.90880619 0.28627451 0.21960784 0.16862745
v 1.24964868 1.73357352 0.92966828 0.29411765 0.22745098 0.17647059
v 1.28389113 0.64359925 0.76872828 0.26666667 0.20392157 0.16078431
v 0.94427753 0.45434827 0.72955981 0.28235294 0.21960784 0.18039216
v 0.95348961 0.42605789 0.70305494 0.25098039 0.19607843 0.16078431
v 0.97127925 0.44974802 0.72576433 0.29411765 0.22745098 0.17647059
v 0.94370868 0.48928757 0.75572581 0.29019608 0.21960784 0.17254902
v 0.98273678 0.47331893 0.75576915 0.31372549 0.24313725 0.18431373
v 1.01742062 0.43323723 0.74588939 0.26666667 0.20784314 0.16862745
v 1.05881032 2.44246258 1.16829722 0.30196078 0.23529412 0.18431373
v 1.10389162 2.43869251 1.17158975 0.29019608 0.22352941 0.17254902
v 1.13369335 2.43857725 1.17379208 0.28235294 0.21960784 0.18039216
v 1.14408475 2.41673372 1.17408707 0.23921569 0.19215686 0.16862745
v 0.48965495 2.76591955 1.15412186 0.30196078 0.23529412 0.18431373
v 0.48945726 2.74391143 1.14897418 0.32549020 0.24705882 0.18431373
v 1.08026102 2.38632213 1.09691763 0.29019608 0.22352941 0.17254902
v 1.08871065 2.43955069 1.10397349 0.33725490 0.25490196 0.18431373
v 1.13523286 2.41420660 1.11280806 0.29019608 0.22352941 0.17254902
v 1.11515375 2.35345335 1.09782242 0.21960784 0.16862745 0.14509804
v 1.07677426 2.42933636 1.05862908 0.29411765 0.22352941 0.17254902
v 1.13336991 2.38096260 1.11321399 0.23137255 0.18039216 0.15294118
v 1.15901825 2.44978385 1.07347916 0.31764706 0.24313725 0.18039216
v 0.70655375 1.77700239 0.85102686 0.25098039 0.19215686 0.16078431
v 0.11333084 1.26972032 0.76081056 0.26274510 0.20392157 0.16470588
v 0.15219879 1.35274151 0.78569311 0.24705882 0.19215686 0.16470588
v 0.21050607 1.23842295 0.75537356 0.26274510 0.20000000 0.16078431
v 0.19847252 1.29729446 0.77037648 0.26666667 0.20784314 0.16862745
v 0.92452044 2.33797122 1.13014004 0.19607843 0.14901961 0.13725490
v 0.94414953 2.36482633 1.06915421 0.30980392 0.23529412 0.17647059
v 0.94484957 2.31898577 1.05549586 0.27058824 0.20784314 0.16470588
v 0.94722531 2.34580202 1.13666634 0.24313725 0.18823529 0.15294118
v 0.98263249 2.35584036 1.06906066 0.31372549 0.23921569 0.18039216
v 1.02087469 2.37357365 1.08053546 0.29803922 0.22352941 0.16862745
v 0.99408326 2.31326262 1.05672072 0.28627451 0.21960784 0.17647059
v 1.02624512 2.32342585 1.06482514 0.24705882 0.18823529 0.15686275
v 0.96440667 2.37704179 1.13737490 0.27450980 0.21176471 0.16470588
v 0.96406944 2.35648012 1.14275105 0.24705882 0.19215686 0.15686275
v 0.99148636 2.37111146 1.14925258 0.27450980 0.21176471 0.17254902
v 0.99265052 2.38648667 1.14296374 0.31372549 0.23921569 0.17647059
v 1.09191576 2.47511900 1.18431844 0.26666667 0.20392157 0.16078431
v 1.11530427 2.46712565 1.18044529 0.26666667 0.20392157 0.16470588
v 0.51730648 2.69057004 1.12929068 0.30588235 0.23137255 0.17254902
v 0.49957582 2.68289838 1.14698291 0.27450980 0.21176471 0.16470588
v 0.53126428 2.68869346 1.15519387 0.27058824 0.20784314 0.16470588
v 0.50503702 2.70791631 1.12419541 0.28627451 0.21960784 0.17647059
v 0.48790712 2.70156482 1.15435871 0.31372549 0.23921569 0.17647059
v 0.52256506 2.71899724 1.17323290 0.30588235 0.23529412 0.18039216
v 0.50788189 2.72984253 1.13966365 0.30980392 0.23921569 0.18039216
v 0.53119015 2.74072945 1.14640940 0.35294118 0.26274510 0.18431373
v 0.53020711 2.72783164 1.11032949 0.31764706 0.23921569 0.18039216
v 0.54872640 2.70669129 1.13965669 0.35686275 0.27058824 0.18823529
v 0.52725258 2.68864594 1.11835377 0.31764706 0.23921569 0.17254902
v 0.53982334 2.71154970 1.12241413 0.36470588 0.27450980 0.19215686
v 0.55285094 2.75321509 1.15057672 0.34901961 0.26666667 0.18431373
v 0.54666263 2.72904632 1.13850694 0.40392157 0.30588235 0.20392157
v 0.55700956 2.67956819 1.13616832 0.30196078 0.23137255 0.17647059
v 0.56674909 2.68791338 1.16189025 0.33333333 0.25490196 0.18431373
v 0.55708274 2.68497674 1.14849619 0.32549020 0.24705882 0.17647059
v 0.56103173 2.72908733 1.11812926 0.35686275 0.27058824 0.19215686
v 0.57493245 2.71993342 1.18294662 0.34509804 0.25882353 0.18431373
v 0.56761011 2.71908137 1.13300062 0.32156863 0.24313725 0.17647059
v 0.56598974 2.73510461 1.14208933 0.34509804 0.26274510 0.18823529
v 0.56512751 2.72354839 1.14746997 0.35294118 0.26666667 0.18431373
v 0.61881213 2.75628011 1.15755296 0.29411765 0.22352941 0.16862745
v 0.62835434 2.76843554 1.16354394 0.30588235 0.23137255 0.17254902
v 0.63492585 2.77725957 1.13308548 0.31764706 0.23921569 0.17647059
v 0.61401660 2.77786413 1.14409407 0.28627451 0.21568627 0.16862745
v 0.64049681 2.77848429 1.15215565 0.29803922 0.22745098 0.16862745
v 0.64802125 2.78711539 1.13226332 0.31372549 0.23921569 0.17647059
v 0.64849718 2.73751249 1.16199055 0.31372549 0.23921569 0.17647059
v 0.65610893 2.75080401 1.16293078 0.34509804 0.25882353 0.18431373
v 0.67024951 2.77423929 1.15521563 0.34509804 0.25882353 0.18431373
v 0.66695558 2.75042193 1.14500603 0.34509804 0.25882353 0.18431373
v 0.12402628 2.37772055 1.04686935 0.33725490 0.25490196 0.18431373
v 0.15785686 2.42081722 1.06225650 0.34117647 0.25882353 0.18431373
v 0.12755086 2.50355633 1.07508894 0.34509804 0.25882353 0.18431373
v 0.14019531 2.52675369 1.08678069 0.34509804 0.25882353 0.18431373
v 0.18064114 2.48713218 1.07680592 0.34509804 0.25882353 0.18431373
v 0.22651718 2.46152038 1.07145379 0.36078431 0.27058824 0.18431373
v 0.12773275 2.50529084 1.02748011 0.34509804 0.25882353 0.18431373
v 0.41410065 1.23180942 0.66466318 0.20392157 0.16078431 0.14509804
v 0.25827171 2.07801175 0.95520146 0.30588235 0.23529412 0.18039216
v 0.25446003 2.09380536 0.95618163 0.31372549 0.23921569 0.18039216
v 0.25250093 2.11650507 0.96643389 0.33725490 0.25882353 0.18431373
v 0.25555102 2.13256353 0.97664459 0.30980392 0.23529412 0.18039216
v 0.28209454 2.13103971 0.97939522 0.32549020 0.24705882 0.18431373
v 0.28790067 2.09695395 0.95746428 0.34117647 0.25882353 0.18431373
v 0.28343479 2.11455065 0.96980350 0.37254902 0.27843137 0.18823529
v 0.29938854 2.13261323 0.98852043 0.39215686 0.29803922 0.20392157
v 0.30773520 2.11376950 0.96409933 0.38039216 0.28627451 0.19215686
v 0.31649938 2.11296100 0.97291969 0.39215686 0.29803922 0.20000000
v 0.31311905 2.13910690 0.99609444 0.34901961 0.26666667 0.19215686
v 0.30627136 2.05674656 0.95448883 0.30196078 0.23137255 0.17647059
v 0.30453377 2.13923625 0.95519141 0.33725490 0.25490196 0.18039216
v 0.32253589 2.11636991 0.98624712 0.39607843 0.29803922 0.20000000
v 0.31498126 2.14029820 0.94296323 0.35686275 0.26666667 0.18431373
v 0.53262558 2.66980237 1.03910538 0.31372549 0.23921569 0.17647059
v 0.72167154 1.35883016 0.73996827 0.26274510 0.20392157 0.16470588
v 0.82891464 1.37581895 0.75790756 0.29803922 0.23137255 0.18039216
v 0.99475880 0.52338230 0.77632464 0.36862745 0.27843137 0.18823529
v 0.89145057 0.49900103 0.74704061 0.30588235 0.23529412 0.17647059
v 0.92437810 0.55150077 0.75738246 0.34117647 0.25882353 0.18431373
v 0.96531134 0.56894415 0.76471010 0.36078431 0.27450980 0.18823529
v 1.04128156 0.54676643 0.77327801 0.36078431 0.27058824 0.18823529
v 0.20682526 2.38223273 1.05698616 0.37647059 0.28235294 0.18823529
v 0.22573128 2.42474018 1.06780500 0.36862745 0.27843137 0.18431373
v 0.21521041 2.39083162 1.02667935 0.37647059 0.28235294 0.18823529
v 0.20341204 2.40551619 1.03598657 0.38039216 0.28627451 0.19215686
v 0.20007390 2.43588368 1.04071680 0.38039216 0.28627451 0.19215686
v 0.21310797 2.43930647 1.04797235 0.37647059 0.28235294 0.18823529
v 0.23065690 2.42259453 1.02431355 0.38039216 0.28627451 0.18823529
v 0.22849389 2.45072248 1.02874189 0.36862745 0.27843137 0.18431373
v 0.23019159 2.40130981 1.04181667 0.37647059 0.28235294 0.18823529
v 0.23196748 2.42963121 1.04630388 0.37647059 0.28235294 0.18823529
v 0.23323731 2.35597487 1.01774269 0.37647059 0.28235294 0.18823529
v 0.23802207 2.38102690 1.02094017 0.37647059 0.28235294 0.18823529
v 0.23116279 2.38208512 1.03677841 0.37647059 0.28235294 0.18823529
v 0.24177489 2.43738351 1.02011153 0.37647059 0.28235294 0.18823529
v 0.23883198 2.45494955 1.05461882 0.36078431 0.27058824 0.18431373
v 0.24802033 2.37868422 1.02880256 0.37647059 0.28235294 0.18823529
v 0.25760662 2.36571229 1.05107973 0.38039216 0.28627451 0.19215686
v 0.25573375 2.41046396 1.03536611 0.35686275 0.26666667 0.18431373
v 0.25134629 2.40534668 1.06558917 0.36862745 0.27450980 0.18431373
v 0.25406887 2.43875560 1.02762900 0.36862745 0.27450980 0.18431373
v 0.26442356 2.42678038 1.04642131 0.36078431 0.27058824 0.18431373
v 0.26586335 2.44262526 1.03831014 0.35294118 0.26274510 0.18431373
v 0.27163108 2.43284550 1.01048288 0.37647059 0.28235294 0.18823529
v 0.46552135 2.65442724 1.13002622 0.30980392 0.23529412 0.17254902
v 0.46366240 2.68347632 1.14371500 0.33333333 0.25098039 0.18431373
v 0.48642576 2.61598267 1.12795348 0.33333333 0.25098039 0.18039216
v 0.48046369 2.68824973 1.11525894 0.32156863 0.24313725 0.17647059
v 0.50048848 2.66114290 1.13813964 0.28235294 0.21568627 0.16470588
v 0.51108654 2.62925959 1.13505942 0.29803922 0.22745098 0.16862745
v 0.48617462 2.66947586 1.11925339 0.41176471 0.31372549 0.21176471
v 0.38598687 2.71390705 1.09429213 0.27450980 0.21176471 0.16862745
v 0.38952578 2.74301029 1.10392662 0.30196078 0.23137255 0.17647059
v 0.36993097 2.74598729 1.08963376 0.29019608 0.21960784 0.16862745
v 0.40503844 2.69852706 1.08120410 0.32156863 0.24313725 0.17647059
v 0.39540472 2.67915648 1.07793065 0.27843137 0.21176471 0.16862745
v 0.41497958 2.71766900 1.08513584 0.34509804 0.25882353 0.18431373
v 0.42344643 2.66656886 1.07065338 0.35686275 0.27058824 0.18823529
v 0.42838407 2.69838151 1.07684454 0.36078431 0.27058824 0.18823529
v 0.41530008 2.75752427 1.10382240 0.28627451 0.21960784 0.16862745
v 0.43975058 2.73934625 1.08256827 0.32941176 0.25098039 0.18039216
v 0.42561584 2.72174785 1.09053259 0.35686275 0.26666667 0.18431373
v 0.45139761 2.67221999 1.11211417 0.37254902 0.28235294 0.19607843
v 0.44262282 2.71248037 1.07704140 0.34117647 0.25882353 0.18431373
v 1.04724121 2.48355256 1.10650975 0.36470588 0.27450980 0.18431373
v 0.99611956 2.47795757 1.05710458 0.36470588 0.27450980 0.18431373
v 1.00053406 2.53251681 1.11182278 0.37647059 0.28235294 0.18823529
v 1.03738626 2.55442269 1.08115182 0.37254902 0.27843137 0.18823529
v 1.05645503 2.52130682 1.11647858 0.37647059 0.28235294 0.18823529
v 1.04696998 2.56950695 1.12771877 0.35686275 0.27058824 0.18431373
v 1.08341882 2.50427453 1.07466527 0.35686275 0.26666667 0.18431373
v 0.13368971 2.53350802 0.97007369 0.36470588 0.27450980 0.18431373
v 0.14727963 2.62571998 0.98862102 0.36470588 0.27450980 0.18823529
v 0.13722513 2.57128278 1.04199979 0.34901961 0.26274510 0.18431373
v 0.13938925 2.46764422 0.93375083 0.37647059 0.28235294 0.18823529
v 0.15834278 2.62179028 0.97349535 0.38039216 0.28627451 0.19215686
v 0.15328217 2.45707201 0.92937462 0.37647059 0.28235294 0.18823529
v 0.18386841 2.58626477 0.96875966 0.38039216 0.28627451 0.18823529
v 1.00957433 2.49840702 1.16785518 0.33333333 0.25490196 0.18039216
v 1.02380366 2.54195493 1.17431418 0.36862745 0.27450980 0.18431373
v 1.00081909 2.53795019 1.16700487 0.34117647 0.25882353 0.18431373
v 1.00120906 2.55828084 1.17549368 0.30196078 0.22745098 0.16862745
v 1.02743247 2.57261806 1.18458682 0.32941176 0.25098039 0.18039216
v 1.02843508 2.50124796 1.17678682 0.36078431 0.27058824 0.18431373
v 1.03987579 2.53601139 1.17753281 0.37647059 0.28235294 0.18823529
v 1.05519362 2.50929808 1.17809346 0.33333333 0.25098039 0.17647059
v 1.06059399 2.56105516 1.18362684 0.29803922 0.22745098 0.17254902
v 0.94071610 2.38451162 1.07938954 0.30588235 0.23137255 0.17254902
v 0.93083051 2.40721146 1.08119942 0.34901961 0.26274510 0.18431373
v 0.93714225 2.40124831 1.09931397 0.32549020 0.24705882 0.17647059
v 0.94915502 2.43603516 1.08820388 0.37647059 0.28235294 0.18823529
v 0.96126483 2.40853886 1.08346970 0.36078431 0.27058824 0.18431373
v 0.96373766 2.41164328 1.12834359 0.35294118 0.26666667 0.18431373
v 0.96986870 2.39221096 1.13013827 0.32549020 0.24705882 0.18039216
v 0.96566149 2.45031051 1.12742625 0.37647059 0.28235294 0.18823529
v 0.99218639 2.44574105 1.12563222 0.37647059 0.28235294 0.18823529
v 0.99423307 2.40371685 1.12925135 0.36078431 0.27058824 0.18431373
v 1.01397750 2.43682082 1.09224612 0.35294118 0.26666667 0.18431373
v 0.96516803 2.43980710 1.15455927 0.32549020 0.24705882 0.18039216
v 0.96170758 2.43630037 1.14579272 0.37647059 0.28235294 0.18823529
v 0.96589131 2.42153034 1.13812016 0.35294118 0.26666667 0.18039216
v 0.99930979 2.40343799 1.16389840 0.33333333 0.25098039 0.18039216
v 0.98826083 2.42856074 1.13994233 0.37647059 0.28235294 0.18823529
v 0.99130018 2.41219846 1.14764098 0.32941176 0.25098039 0.17647059
v 0.99435428 2.44496898 1.15406629 0.34509804 0.25882353 0.18039216
v 1.00286010 2.44381630 1.17117187 0.36470588 0.27058824 0.18431373
v 0.99436237 2.45146426 1.13816822 0.34117647 0.25490196 0.17647059
v 0.20861123 2.56714405 1.06719956 0.37254902 0.29019608 0.20784314
v 0.22667900 2.54714781 1.05117129 0.34901961 0.26274510 0.19215686
v 0.22680826 2.56062428 1.04220546 0.35294118 0.26666667 0.19215686
v 0.23270749 2.59460724 1.06742407 0.34509804 0.26274510 0.18823529
v 0.24123247 2.58230553 1.05394890 0.36470588 0.27450980 0.19215686
v 0.24925269 2.60440564 1.04569998 0.32549020 0.25490196 0.19215686
v 0.24668744 2.55794929 1.02977303 0.34117647 0.27843137 0.22745098
v 0.25916181 2.55830519 1.03341300 0.33725490 0.28627451 0.24313725
v 0.25865162 2.59567124 1.05327970 0.32941176 0.25098039 0.18431373
v 0.25275506 2.54824528 1.06731276 0.34509804 0.28235294 0.23137255
v 0.26485343 2.57190631 1.06659837 0.38039216 0.32156863 0.26666667
v 0.95312065 0.34387921 0.52216547 0.37647059 0.28235294 0.18823529
v 0.41363025 2.64167589 1.07619700 0.29803922 0.22745098 0.17254902
v 0.41897214 2.65040689 1.09439731 0.31764706 0.24313725 0.17254902
v 0.42856283 2.66294590 1.10181286 0.34117647 0.25882353 0.18039216
v 0.42987614 2.64395342 1.09240524 0.38431373 0.28627451 0.19215686
v 0.43485952 2.64649146 1.06957412 0.35686275 0.27058824 0.18431373
v 0.42940643 2.66131600 1.08682599 0.37647059 0.28235294 0.18823529
v 0.30724672 2.18771156 1.00408923 0.32549020 0.24705882 0.18039216
v 0.33623068 2.19317585 1.01221209 0.32549020 0.24705882 0.17647059
v 0.30642526 2.24447040 1.00627987 0.35686275 0.26666667 0.18431373
v 0.33117599 2.25519800 0.99529489 0.33333333 0.25490196 0.18431373
v 0.33964936 2.24804650 1.01603615 0.36862745 0.27450980 0.18823529
v 0.34897754 2.24680804 1.00168625 0.37647059 0.28235294 0.18823529
v 0.34478644 2.22533674 1.01789399 0.37647059 0.28235294 0.18823529
v 0.37409010 2.22117407 1.02657722 0.35686275 0.26666667 0.18431373
v 0.37446656 2.25335960 1.02940534 0.35294118 0.26666667 0.18431373
v 0.36714136 2.25373109 1.01502545 0.36078431 0.27058824 0.18431373
v 0.36138107 2.27009946 1.03053589 0.33725490 0.25490196 0.18039216
v 0.37835958 2.19216811 1.01468550 0.30588235 0.23529412 0.17254902
v 0.36591727 2.25191739 0.98914613 0.30588235 0.23529412 0.18039216
v 0.51064375 2.06095200 0.99209690 0.32941176 0.25098039 0.18431373
v 0.51799116 2.09684196 1.00677065 0.28627451 0.21960784 0.16862745
v 0.55953920 2.08661147 1.01010860 0.33333333 0.25490196 0.18039216
v 0.58931857 2.06912520 1.00876122 0.31372549 0.23921569 0.17647059
v 0.54109371 2.04951464 0.99390982 0.34901961 0.26666667 0.19215686
v 0.14112246 2.60253906 1.10058594 0.34901961 0.26274510 0.18431373
v 0.19880676 2.55404449 1.09308135 0.31764706 0.24313725 0.18039216
v 0.20755069 2.54511821 1.06563223 0.33333333 0.25490196 0.19607843
v 0.46949875 2.61291990 1.06774424 0.34509804 0.26274510 0.18823529
v 0.48009855 2.64436858 1.07289574 0.36470588 0.27450980 0.19215686
v 0.53636744 2.60569524 1.02353857 0.35294118 0.26666667 0.18431373
v 0.62682234 2.69213841 1.14749769 0.29803922 0.22745098 0.17254902
v 0.63183415 2.67151487 1.16727429 0.34117647 0.25882353 0.18431373
v 0.60527174 2.69817205 1.17523892 0.31764706 0.24313725 0.18039216
v 0.62435542 2.71379987 1.18925842 0.34509804 0.25882353 0.18431373
v 0.61426307 2.71289085 1.15135372 0.25882353 0.20000000 0.16470588
v 0.61981060 2.74099086 1.15292454 0.27058824 0.20784314 0.16470588
v 0.65252519 2.69986214 1.14303510 0.28627451 0.21960784 0.16862745
v 0.66412282 2.70353538 1.19060354 0.34509804 0.25882353 0.18431373
v 0.66215861 2.70876267 1.14881821 0.29803922 0.22745098 0.16862745
v 0.67117279 2.66585877 1.17300847 0.34509804 0.25882353 0.18431373
v 0.69075734 2.69721329 1.14050850 0.33333333 0.25098039 0.18431373
v 0.71403220 2.69425783 1.19355505 0.33333333 0.25098039 0.18431373
v 0.62900383 2.62770792 1.15173140 0.33725490 0.25490196 0.18039216
v 0.62016462 2.64027524 1.11938560 0.36078431 0.27058824 0.18431373
v 0.60800832 2.64390866 1.15015838 0.32941176 0.24705882 0.17647059
v 0.63911916 2.64865744 1.13226195 0.36862745 0.27450980 0.18431373
v 0.63215981 2.66955682 1.13577449 0.32941176 0.24705882 0.17647059
v 0.64041561 2.63062102 1.12051059 0.36862745 0.27450980 0.18431373
v 0.64590338 2.60540996 1.14754215 0.32549020 0.24705882 0.17647059
v 0.66283056 2.63780816 1.16003734 0.35294118 0.26666667 0.18431373
v 0.63413538 2.64972080 1.11657488 0.37647059 0.28235294 0.18823529
v 0.64453417 2.66710666 1.11800305 0.32941176 0.24705882 0.17647059
v 0.65148144 2.65553726 1.11526637 0.36862745 0.27450980 0.18431373
v 0.67262044 2.66310823 1.12722988 0.35686275 0.26666667 0.18431373
v 0.69143184 2.67108604 1.14285109 0.32156863 0.24705882 0.18431373
v 0.69500336 2.61902891 1.16365225 0.32156863 0.24313725 0.18039216
v 0.73932233 2.63940897 1.17884635 0.32941176 0.24705882 0.18039216
v 0.32148037 2.09152206 0.86300773 0.30588235 0.23137255 0.17254902
v 0.30350945 2.20187821 0.88875615 0.23529412 0.18431373 0.15294118
v 0.62106432 2.62406018 1.08357421 0.30980392 0.24705882 0.20392157
v 0.61847952 2.62200941 1.11304686 0.35686275 0.27058824 0.19215686
v 0.62445202 2.65848543 1.11804905 0.34509804 0.25882353 0.18431373
v 0.61024322 2.67096683 1.10501090 0.32941176 0.25098039 0.18431373
v 0.67222401 2.64294231 1.09383582 0.28627451 0.21960784 0.16862745
v 0.65017956 2.63354698 1.10396666 0.37647059 0.28235294 0.18823529
v 0.65882343 2.61722142 1.11814725 0.36862745 0.27843137 0.18431373
v 0.67232538 2.62840456 1.11968192 0.37647059 0.28235294 0.18823529
v 0.66767214 2.64878427 1.10952463 0.35686275 0.26666667 0.18431373
v 0.66493873 2.66803165 1.10977844 0.29803922 0.22745098 0.16862745
v 0.60279777 2.74643476 1.06615191 0.37647059 0.28235294 0.18823529
v 0.67599586 2.66263940 1.05653693 0.34509804 0.26274510 0.18823529
v 0.58797885 1.16430031 0.67290137 0.23529412 0.18431373 0.15294118
v 0.87531850 1.50676493 0.90472537 0.31372549 0.23921569 0.17254902
v 0.88168146 1.55957779 0.91831998 0.32549020 0.24705882 0.17647059
v 0.85120020 1.57266458 0.91222237 0.27843137 0.21568627 0.16862745
v 0.88606688 1.57951409 0.92302146 0.29803922 0.22745098 0.16862745
v 0.93087769 1.52033508 0.91146218 0.28235294 0.21568627 0.16470588
v 0.92115211 1.56084564 0.92236386 0.33725490 0.25098039 0.18039216
v 0.93805280 1.57296451 0.93160095 0.31372549 0.23921569 0.17647059
v 0.97168267 1.56075520 0.93167941 0.30588235 0.23137255 0.17254902
v 0.49801200 2.60162044 1.11604614 0.37647059 0.28235294 0.19215686
v 0.53394852 2.60270145 1.12665821 0.34509804 0.25882353 0.18431373
v 0.54245488 2.62750857 1.13613762 0.28627451 0.21568627 0.16862745
v 0.52461576 2.57799107 1.12131090 0.37254902 0.27843137 0.19215686
v 0.56947275 2.60560259 1.13297108 0.33725490 0.25490196 0.18431373
v 0.57320990 2.63287190 1.13941491 0.32549020 0.24705882 0.18431373
v 0.55936073 2.57416050 1.12098239 0.34901961 0.26274510 0.18431373
v 0.20657335 2.46326185 1.03532106 0.35686275 0.26666667 0.18431373
v 0.21197849 2.46500962 1.05285359 0.36078431 0.27058824 0.18431373
v 0.22484985 2.48827127 1.05599043 0.34509804 0.25882353 0.18431373
v 0.23287030 2.47403202 1.03522110 0.36078431 0.27058824 0.18823529
v 0.22487925 2.49251807 1.04382834 0.34509804 0.25882353 0.18431373
v 0.23096437 2.51629854 1.05934918 0.36078431 0.27058824 0.18823529
v 0.24255363 2.49949254 1.04267471 0.34509804 0.25882353 0.18431373
v 0.26596593 2.45030147 1.05650063 0.35686275 0.26666667 0.18431373
v 0.26249191 2.46100422 1.04792574 0.33725490 0.25882353 0.19215686
v 0.25753507 2.48281408 1.04274690 0.35294118 0.26274510 0.18431373
v 0.25599948 2.50313680 1.07343498 0.35686275 0.27450980 0.20000000
v 0.26319683 2.47785607 1.05961984 0.35294118 0.26666667 0.18431373
v 0.25920329 2.46411530 1.02329120 0.37647059 0.28235294 0.18823529
v 0.26896403 2.48549027 1.01728139 0.36862745 0.27843137 0.18823529
v 0.33911090 2.04695912 0.95663062 0.35294118 0.27058824 0.19215686
v 0.33039337 2.09139896 0.95839449 0.37254902 0.27843137 0.19215686
v 0.36018357 2.01493847 0.94626737 0.35686275 0.27058824 0.19215686
v 0.35767070 1.98837120 0.94858612 0.35686275 0.27058824 0.19215686
v 0.36638775 2.05991815 0.97336785 0.35686275 0.27058824 0.19215686
v 0.34833646 2.08088539 0.96010252 0.32549020 0.24705882 0.18039216
v 0.39284309 2.00418151 0.95174867 0.39607843 0.29803922 0.20000000
v 0.38910056 2.03165876 0.95603156 0.41176471 0.31372549 0.21176471
v 0.40598773 2.06779712 0.97637500 0.30980392 0.23529412 0.17647059
v 0.67952978 2.59887006 1.04072763 0.40392157 0.30588235 0.20784314
v 1.04721378 0.95846356 0.77243799 0.32941176 0.24705882 0.17647059
v 1.06319344 0.96695142 0.78629523 0.35686275 0.26666667 0.18431373
v 1.07944970 0.97427341 0.78932025 0.38823529 0.29411765 0.19607843
v 1.05097404 1.00302034 0.78526981 0.33725490 0.25882353 0.18431373
v 1.08015837 1.01270809 0.80151552 0.36470588 0.27450980 0.18823529
v 1.09901909 0.94048152 0.77914049 0.37647059 0.28235294 0.19215686
v 1.10797243 0.98703658 0.80625938 0.37254902 0.28235294 0.19607843
v 1.10439299 0.95277485 0.79655403 0.41176471 0.31372549 0.21176471
v 1.12965539 0.92178338 0.78792783 0.36470588 0.27450980 0.19215686
v 1.13295434 0.94107124 0.80228005 0.31372549 0.23921569 0.17647059
v 0.71949543 2.70103145 1.13037952 0.33725490 0.25882353 0.18431373
v 0.72719013 2.69856346 1.14932321 0.33725490 0.26666667 0.20784314
v 0.73925357 2.68655301 1.14513369 0.34901961 0.26666667 0.18431373
v 0.74875135 2.71391399 1.14540078 0.38039216 0.31372549 0.24705882
v 0.76543274 2.67536309 1.15576675 0.36862745 0.29411765 0.22745098
v 0.66264756 2.53706082 1.02193243 0.34509804 0.26274510 0.18823529
v 0.78273491 2.60682594 1.05749536 0.41176471 0.31372549 0.21176471
v 0.66258437 1.14335197 0.75665433 0.26274510 0.20000000 0.16078431
v 0.68802568 1.13437324 0.73367968 0.33333333 0.25098039 0.18431373
v 0.67602730 1.16240123 0.74929975 0.32549020 0.24313725 0.17647059
v 0.66809181 1.10369528 0.71815016 0.32156863 0.24705882 0.18431373
v 0.74109713 1.19487392 0.70707205 0.29411765 0.22352941 0.17254902
v 0.79478907 2.69412973 1.12252630 0.23529412 0.18039216 0.15294118
v 0.12887411 2.43329505 0.93601264 0.37647059 0.28235294 0.18823529
v 0.12216901 2.08091333 0.97166393 0.33333333 0.25098039 0.18431373
v 0.15002594 2.09070451 0.97097626 0.38823529 0.29411765 0.19607843
v 0.14071788 2.12880078 0.98080944 0.36862745 0.27843137 0.19215686
v 0.16604575 2.05136055 0.95846044 0.27843137 0.21176471 0.16862745
v 0.19053961 2.09012929 0.96219496 0.36078431 0.27058824 0.18431373
v 0.18031739 2.14351236 0.97962150 0.37647059 0.28235294 0.19215686
v 0.19570042 2.11987333 0.96732846 0.38039216 0.28627451 0.19215686
v 0.20036808 2.13841493 0.97483483 0.36862745 0.27843137 0.19215686
v 0.27294922 2.48469057 0.95735749 0.38823529 0.29411765 0.19607843
v 0.31200442 2.56672744 0.98194749 0.34901961 0.26666667 0.18823529
v 1.06500862 2.69319869 1.22565646 0.38431373 0.29411765 0.20392157
v 1.09169960 2.70139153 1.21914602 0.38823529 0.29411765 0.19607843
v 1.06358430 2.68435895 1.25062968 0.38431373 0.29019608 0.19215686
v 1.07586039 2.71200639 1.19924473 0.36862745 0.27450980 0.18431373
v 1.07510354 2.71508273 1.22712831 0.41176471 0.31372549 0.21176471
v 1.07308242 2.75705090 1.19132570 0.41176471 0.31372549 0.21176471
v 1.08255645 2.72213852 1.21841482 0.38823529 0.29019608 0.19607843
v 1.08571972 2.74460847 1.19185812 0.38823529 0.29019608 0.19607843
v 1.08229277 2.72206409 1.17332433 0.36470588 0.27450980 0.18431373
v 1.08719420 2.70099055 1.18736644 0.36078431 0.27058824 0.18431373
v 1.10451377 2.67471168 1.22332060 0.34509804 0.26274510 0.18823529
v 1.11266790 2.67321014 1.19728117 0.35686275 0.27058824 0.18431373
v 1.11689617 2.69747541 1.18977391 0.37647059 0.28235294 0.18823529
v 1.12298575 2.72467046 1.20998251 0.41176471 0.31372549 0.21176471
v 0.41425328 1.86346109 0.93482314 0.25882353 0.20000000 0.16470588
v 0.46438054 1.88466027 0.94579907 0.32156863 0.24705882 0.18431373
v 0.42641684 1.91425565 0.94816483 0.33725490 0.25490196 0.18039216
v 0.45018800 1.91057532 0.94032974 0.36862745 0.27843137 0.18431373
v 0.41628406 1.92115511 0.93917612 0.32156863 0.24705882 0.18431373
v 0.48973716 1.95461229 0.95493780 0.32156863 0.25490196 0.20784314
v 0.48166799 1.89995389 0.94667843 0.32549020 0.24705882 0.18431373
v 0.50550135 1.87401035 0.94133090 0.30196078 0.23529412 0.18431373
v 0.53172273 1.91235404 0.95136954 0.27450980 0.21568627 0.17647059
v 0.93546556 0.55917401 0.56959086 0.29019608 0.21960784 0.16862745
v 0.60963387 1.61472407 0.89639398 0.26274510 0.20000000 0.16078431
v 0.58688904 1.67935408 0.90343287 0.27450980 0.21176471 0.16862745
v 0.66933559 1.71444254 0.92071018 0.31372549 0.23921569 0.18039216
v 0.70022421 1.65665598 0.91428920 0.28627451 0.22352941 0.18039216
v 0.23206346 0.24437903 0.42883301 0.27450980 0.20784314 0.16470588
v 0.56316765 2.49495741 1.10803266 0.30196078 0.22745098 0.17254902
v 0.57063716 2.53359415 1.08241647 0.34509804 0.25882353 0.18431373
v 0.57882445 2.51675709 1.11215799 0.33725490 0.25490196 0.18431373
v 0.55666319 2.53881412 1.11180207 0.33725490 0.25882353 0.18431373
v 0.59159762 2.55495962 1.12140150 0.30980392 0.23529412 0.17647059
v 0.57626170 2.56728618 1.09105252 0.35686275 0.28627451 0.22745098
v 0.56628322 2.57836836 1.10028095 0.37254902 0.29019608 0.21176471
v 0.58413546 2.55956759 1.08750142 0.35294118 0.27843137 0.21176471
v 0.58696986 2.58807491 1.12785675 0.28627451 0.21960784 0.17254902
v 0.59267813 2.50823280 1.11267702 0.31764706 0.23921569 0.17647059
v 0.58991945 2.55319290 1.07427497 0.34509804 0.25882353 0.18431373
v 0.60744671 2.57155937 1.09042792 0.35686275 0.29803922 0.24313725
v 0.61256968 2.53312135 1.12014740 0.36862745 0.27450980 0.18823529
v 0.61644172 2.51343488 1.11682274 0.36862745 0.27450980 0.18431373
v 0.61660331 2.49576475 1.10963182 0.34509804 0.26274510 0.18431373
v 0.61862077 2.54739677 1.12747291 0.37647059 0.28235294 0.19215686
v 0.64612275 2.54296303 1.13089533 0.34509804 0.26274510 0.18823529
v 0.79980469 2.76383908 1.17976661 0.30196078 0.23529412 0.18431373
v 0.47839597 2.56084821 1.10897161 0.32156863 0.24313725 0.17647059
v 0.50523469 2.57583013 1.09342386 0.40000000 0.30588235 0.20392157
v 0.50612188 2.59347310 1.07752717 0.39215686 0.29411765 0.19607843
v 0.49886127 2.59978835 1.09191319 0.39215686 0.29411765 0.19607843
v 0.51812445 2.58831760 1.09389705 0.40784314 0.30980392 0.20784314
v 0.50490060 2.61648535 1.10157977 0.38823529 0.29411765 0.19607843
v 0.50043027 2.61899774 1.07601200 0.39215686 0.29803922 0.20000000
v 0.51981948 2.62533899 1.09051561 0.38823529 0.29411765 0.19607843
v 0.51425920 2.62972806 1.11081341 0.38823529 0.29411765 0.19607843
v 0.51170439 2.63533390 1.09219045 0.40000000 0.30196078 0.20392157
v 0.51945694 2.60499697 1.09222056 0.40000000 0.30588235 0.20392157
v 0.53246297 2.55976765 1.08662147 0.40000000 0.30196078 0.20392157
v 0.53723413 2.57063745 1.09362327 0.38823529 0.29411765 0.19607843
v 0.53346832 2.61546838 1.10416661 0.37647059 0.28235294 0.18823529
v 0.53941412 2.58358548 1.08305144 0.41176471 0.31372549 0.21176471
v 0.53426045 2.61577204 1.08248673 0.40392157 0.30588235 0.20784314
v 0.52772731 2.55178081 1.11171594 0.38823529 0.29411765 0.19607843
v 0.53204726 2.63779201 1.09675347 0.39607843 0.30196078 0.20000000
v 0.54534132 2.60188822 1.10315662 0.37647059 0.28235294 0.18823529
v 0.55061922 2.63695817 1.11340605 0.36078431 0.27058824 0.18823529
v 0.55173901 2.59636128 1.08490303 0.39215686 0.30588235 0.21176471
v 0.56530221 2.62192759 1.11112952 0.37254902 0.28627451 0.20392157
v 0.55675382 2.57293172 1.08610323 0.37647059 0.29019608 0.20392157
v 0.57016883 2.60444447 1.07773773 0.37647059 0.28235294 0.18823529
v 0.55462675 2.64475492 1.09098459 0.36862745 0.27843137 0.19215686
v 0.45309488 2.56163988 1.06273114 0.32941176 0.25098039 0.18039216
v 0.46255588 2.57317153 1.07190119 0.36078431 0.27450980 0.18823529
v 0.45689329 2.59685945 1.06525635 0.34117647 0.25882353 0.18823529
v 0.46161489 2.60539811 1.10081376 0.27058824 0.20784314 0.16470588
v 0.46106060 2.55436680 1.07953582 0.32941176 0.25098039 0.18039216
v 0.46502260 2.57821203 1.08369048 0.35294118 0.26666667 0.18431373
v 0.47285595 2.59464453 1.07509119 0.38431373 0.29019608 0.20000000
v 0.47414205 2.59704790 1.11328211 0.35294118 0.26666667 0.18823529
v 0.47689462 2.61028714 1.10765758 0.35686275 0.27058824 0.19215686
v 0.47559613 2.62490119 1.08169252 0.40000000 0.30196078 0.20392157
v 0.48225170 2.57820082 1.08894955 0.37647059 0.28235294 0.18823529
v 0.48364704 2.60318427 1.09759532 0.36078431 0.27450980 0.18823529
v 0.48569062 2.64024038 1.10571794 0.39215686 0.29803922 0.20000000
v 0.48412217 2.61294496 1.08694821 0.41176471 0.31372549 0.21176471
v 0.50204726 2.63978800 1.07776494 0.40392157 0.30588235 0.20784314
v 0.49249061 2.55734932 1.06432822 0.39215686 0.29803922 0.20000000
v 0.69251598 2.25990545 0.95729009 0.27450980 0.21176471 0.17254902
v 0.19531250 0.86264038 0.54261529 0.26274510 0.20000000 0.16470588
v 0.36362457 0.83439787 0.55667655 0.29803922 0.22745098 0.16862745
v 0.37820871 2.79303539 1.09267455 0.31372549 0.23921569 0.17647059
v 0.43344031 2.82774489 1.06516458 0.34509804 0.25882353 0.18431373
v 0.74828701 2.50393149 1.02652535 0.38431373 0.29019608 0.20000000
v 0.81090719 2.51502737 1.03817749 0.41176471 0.31372549 0.21176471
v 0.18856049 1.18889346 0.63381497 0.27058824 0.21176471 0.16862745
v 1.03673186 2.74733926 1.20324069 0.41176471 0.31372549 0.21176471
v 1.04658670 2.76623979 1.17583166 0.41176471 0.31372549 0.21176471
v 1.05961939 2.79385040 1.15827276 0.41176471 0.31372549 0.21176471
v 1.07030608 2.77831232 1.14623606 0.40392157 0.30980392 0.20784314
v 1.06626284 2.76897959 1.17565615 0.41176471 0.31372549 0.21176471
v 1.13002836 2.74964589 1.14959010 0.37647059 0.28235294 0.18823529
v 1.13451942 2.73547837 1.13261188 0.34901961 0.26274510 0.18431373
v 1.14982010 2.74031952 1.14122615 0.37647059 0.28627451 0.19607843
v 1.16731928 2.75322509 1.16163980 0.38823529 0.29411765 0.20000000
v 1.08393813 2.79083091 1.12363752 0.41176471 0.31372549 0.21176471
v 1.08194777 2.81589550 1.12998170 0.41176471 0.31372549 0.21176471
v 1.07886837 2.76680620 1.15719250 0.40000000 0.30196078 0.20392157
v 1.08620765 2.76038809 1.13907950 0.38823529 0.29019608 0.19607843
v 1.08826239 2.78327711 1.15615099 0.41176471 0.31372549 0.21176471
v 1.09815509 2.77242854 1.12167987 0.40000000 0.30588235 0.20392157
v 1.09704904 2.79299175 1.13509910 0.41176471 0.31372549 0.21176471
v 1.10225170 2.74831356 1.14148684 0.37647059 0.28235294 0.18823529
v 0.12144469 2.43435617 1.02287118 0.34901961 0.26274510 0.18431373
v 0.51881232 2.49114306 1.10295928 0.31372549 0.23921569 0.17647059
v 0.50392379 2.52460895 1.10463491 0.38823529 0.29411765 0.20000000
v 0.50779526 2.51240746 1.06461848 0.39215686 0.29803922 0.20000000
v 0.52390606 2.52813479 1.10771979 0.39607843 0.29803922 0.20000000
v 0.48561948 2.52060499 1.07155895 0.32156863 0.24313725 0.17647059
v 0.49937552 2.54007379 1.07294115 0.40000000 0.30196078 0.20392157
v 0.54621690 2.50144766 1.10736676 0.35294118 0.26666667 0.18823529
v 1.10151297 2.82222087 1.10512249 0.41176471 0.31372549 0.21176471
v 1.10750115 2.78871992 1.10652569 0.41176471 0.31372549 0.21176471
v 1.11000476 2.75750430 1.08740361 0.37647059 0.28235294 0.18823529
v 1.11416120 2.76571356 1.09997704 0.38431373 0.29019608 0.19215686
v 1.12262365 2.81838348 1.08649672 0.41176471 0.31372549 0.21176471
v 1.13572988 2.77797886 1.05990274 0.37647059 0.28235294 0.18823529
v 1.12862380 2.78494305 1.08950094 0.41176471 0.31372549 0.21176471
v 1.12081168 2.74308002 1.11201261 0.34117647 0.25882353 0.18039216
v 1.13818598 2.75618708 1.09378146 0.34901961 0.26274510 0.18039216
v 1.13997276 2.77299818 1.08397128 0.36862745 0.27450980 0.18823529
v 0.12502264 2.41348582 0.94456482 0.36862745 0.27843137 0.18431373
v 0.51034077 2.55688053 1.04829895 0.37647059 0.28235294 0.18823529
v 0.57442167 2.51156918 1.00394792 0.34117647 0.25882353 0.18039216
v 0.45524337 2.57150557 1.04764573 0.34509804 0.25882353 0.18039216
v 0.48257670 2.56149955 1.04646664 0.37647059 0.28235294 0.18823529
v 1.11418156 1.19773784 0.77254590 0.24313725 0.18823529 0.15294118
v 0.61962872 2.37246805 1.06268220 0.27843137 0.21568627 0.16862745
v 0.63235158 2.38542819 1.08523242 0.31372549 0.23921569 0.17254902
v 0.61069175 2.41373447 1.09312763 0.31372549 0.23921569 0.17647059
v 0.65226178 2.41379435 1.09066921 0.37647059 0.28235294 0.18823529
v 0.61036128 2.45706327 1.10025749 0.30196078 0.22745098 0.17254902
v 0.61521105 2.39771682 1.05384082 0.29803922 0.22745098 0.17254902
v 0.64350735 2.38177760 1.06187757 0.32549020 0.24705882 0.18431373
v 0.65845179 2.38912802 1.06566717 0.36862745 0.27843137 0.18823529
v 0.66914840 2.42939233 1.09289946 0.37647059 0.28235294 0.18823529
v 0.64081998 2.46700790 1.10406128 0.33333333 0.25490196 0.18039216
v 0.65455243 2.36499986 1.08225074 0.34117647 0.25490196 0.18039216
v 0.68079467 2.38646455 1.08992808 0.36078431 0.27058824 0.18431373
v 0.66207708 2.36193071 1.06993672 0.32549020 0.24705882 0.18039216
v 0.69227939 2.39859148 1.07443142 0.34901961 0.26666667 0.19607843
v 0.68519837 2.39517557 1.06352553 0.37254902 0.28235294 0.19607843
v 0.68605855 2.43128669 1.07215370 0.38823529 0.29019608 0.19607843
v 0.70211648 2.41037464 1.09612776 0.33725490 0.25882353 0.18823529
v 0.69460273 2.43753402 1.07597421 0.35686275 0.27450980 0.20000000
v 0.70077883 2.44148209 1.10272384 0.30196078 0.22745098 0.17254902
v 0.69982684 2.36309712 1.08451152 0.36078431 0.29411765 0.23529412
v 0.68882080 2.37011180 1.07407735 0.37647059 0.28235294 0.19215686
v 1.12520968 2.23001421 1.11401170 0.28627451 0.21960784 0.16862745
v 1.11128367 2.28320360 1.10268962 0.25098039 0.19215686 0.15686275
v 1.11969635 2.29791794 1.11650959 0.29411765 0.22352941 0.16862745
v 0.99263506 2.69716984 1.20336066 0.36078431 0.27843137 0.20000000
v 0.97612188 2.66728000 1.23417772 0.38431373 0.29019608 0.19215686
v 1.01054923 2.71759114 1.21342221 0.37647059 0.28627451 0.19607843
v 1.01873863 2.67599674 1.20435635 0.38823529 0.29019608 0.19607843
v 1.04127870 2.71157083 1.21876504 0.41176471 0.31372549 0.21176471
v 1.03634870 2.68983844 1.21662391 0.39215686 0.29803922 0.20000000
v 1.05823914 2.67352216 1.22626417 0.36862745 0.27843137 0.18823529
v 1.04859861 2.70839611 1.17688957 0.37647059 0.28235294 0.18823529
v 0.85902145 1.95995833 1.01083951 0.22745098 0.17647059 0.14901961
v 0.99372160 2.66993443 1.14889691 0.38823529 0.29019608 0.19607843
v 1.00584389 2.70473122 1.15827595 0.38039216 0.28627451 0.19215686
v 1.00920058 2.71924568 1.12775127 0.37647059 0.28235294 0.18823529
v 0.98640395 2.71725624 1.16555766 0.37647059 0.28235294 0.18823529
v 1.02781928 2.72264021 1.15803656 0.37647059 0.28235294 0.18823529
v 1.05417443 2.69634482 1.16021624 0.37647059 0.28235294 0.18823529
v 1.05133077 2.72080733 1.13746838 0.37647059 0.28235294 0.18823529
v 1.04073031 2.70525390 1.12116648 0.35686275 0.27058824 0.18431373
v 1.07180522 2.72670548 1.15433990 0.37647059 0.28235294 0.18823529
v 1.07896649 2.68607506 1.16121382 0.37647059 0.28235294 0.18823529
v 0.99484870 2.70064904 1.11295376 0.37647059 0.28235294 0.18823529
v 0.93940867 2.69133057 1.14888656 0.38823529 0.29411765 0.19607843
v 0.95395782 2.69952177 1.16123447 0.36862745 0.27843137 0.19215686
v 0.93771480 2.70244632 1.18214822 0.33333333 0.25098039 0.18039216
v 0.94320097 2.71706493 1.16010099 0.37647059 0.28235294 0.18823529
v 0.93960155 2.72134966 1.20592454 0.34901961 0.26666667 0.18431373
v 0.95121968 2.71895209 1.18403095 0.37647059 0.28235294 0.18823529
v 0.93485732 2.66044476 1.14399932 0.38823529 0.29019608 0.19607843
v 0.96709026 2.70261598 1.15585414 0.39215686 0.29411765 0.19607843
v 0.96304200 2.71458717 1.17216847 0.37647059 0.28235294 0.18823529
v 0.95458523 2.70932679 1.10637626 0.37647059 0.28235294 0.18823529
v 1.01024945 2.62833493 1.20404009 0.37647059 0.28235294 0.18823529
v 1.00561863 2.62485984 1.22439356 0.31764706 0.24313725 0.17647059
v 1.01319539 2.65323124 1.20311077 0.38431373 0.29019608 0.19215686
v 1.01702698 2.65606909 1.21601449 0.37647059 0.28235294 0.18823529
v 1.03582220 2.66200005 1.22317307 0.37647059 0.28235294 0.18823529
v 1.03699696 2.63470388 1.22402569 0.36078431 0.27058824 0.18431373
v 1.03775036 2.61271258 1.20153649 0.32941176 0.25098039 0.18039216
v 1.06287403 2.63766186 1.22195294 0.34117647 0.26274510 0.18823529
v 1.06540479 2.63151645 1.23134728 0.35294118 0.27058824 0.19607843
v 0.95122863 2.62408296 1.18604807 0.35294118 0.26666667 0.18823529
v 0.94131709 2.59785446 1.20603442 0.32941176 0.25490196 0.19215686
v 0.93168389 2.66706660 1.18986045 0.34117647 0.25882353 0.18039216
v 0.93850808 2.68658976 1.20076826 0.36078431 0.27058824 0.18431373
v 0.92669158 2.68586441 1.23101407 0.35686275 0.27843137 0.20784314
v 0.96251577 2.69070151 1.20314481 0.37647059 0.28235294 0.18823529
v 0.98143709 2.65346432 1.20194170 0.38039216 0.28627451 0.18823529
v 0.96984913 2.63707215 1.19188423 0.37647059 0.28235294 0.18823529
v 0.99611435 2.61973761 1.19073639 0.32549020 0.24705882 0.17647059
v 0.22698975 2.50616340 1.08138406 0.35686275 0.27058824 0.19607843
v 0.25029816 2.44027320 1.07243787 0.37647059 0.28235294 0.18823529
v 0.27664005 2.46956621 1.07846888 0.36078431 0.27058824 0.18431373
v 1.02344761 2.62331355 1.14192067 0.34901961 0.26666667 0.18431373
v 0.97851086 2.63325922 1.14341664 0.34901961 0.26666667 0.18431373
v 1.07915443 2.63742614 1.15142359 0.37647059 0.28235294 0.19607843
v 0.15063051 0.62939591 0.58782827 0.28235294 0.21568627 0.16862745
v 1.07993525 2.61696229 1.10403454 0.33333333 0.25490196 0.18039216
v 1.09192901 2.66726530 1.11645365 0.30588235 0.23529412 0.17254902
v 0.98213660 1.16385717 0.82636034 0.30588235 0.23137255 0.17254902
v 1.14646368 2.75613660 1.05203826 0.37647059 0.28235294 0.18823529
v 1.13946278 2.75375816 1.07313792 0.36078431 0.27058824 0.18431373
v 1.16345947 2.73892466 1.06014168 0.33725490 0.25882353 0.18431373
v 1.17141342 2.75655180 1.04737371 0.33725490 0.25882353 0.18431373
v 1.17383084 2.74307123 1.06912058 0.37647059 0.28235294 0.18823529
v 1.06993839 1.27215429 0.85232355 0.28627451 0.21960784 0.16470588
v 1.08724131 1.29853300 0.86380145 0.33333333 0.25098039 0.18039216
v 1.10519028 1.34251616 0.88224352 0.32549020 0.25098039 0.18431373
v 1.14692394 1.30548689 0.87181657 0.29411765 0.22352941 0.17254902
v 1.18804061 2.76649714 1.02763501 0.25098039 0.19607843 0.16470588
v 0.60697740 1.98413843 0.98312027 0.30196078 0.25098039 0.21176471
v 0.34962775 1.00801771 0.59835358 0.26274510 0.20392157 0.16078431
v 0.42025999 1.71211063 0.89652316 0.27843137 0.21176471 0.16470588
v 0.47014430 1.73552687 0.90506192 0.30980392 0.23529412 0.17254902
v 0.47157288 1.68535824 0.89161682 0.30980392 0.23529412 0.17647059
v 0.51166725 1.72457616 0.90470279 0.32156863 0.24705882 0.18431373
v 0.51292940 1.75511134 0.91308183 0.30980392 0.23921569 0.18039216
v 0.19068909 0.37388643 0.43959327 0.29411765 0.22352941 0.16862745
v 0.31507282 2.44612191 1.03769850 0.32941176 0.24705882 0.18039216
v 0.33242027 2.43703267 1.03851811 0.30196078 0.22745098 0.17254902
v 0.31317081 2.43966149 1.05718412 0.32941176 0.24705882 0.18039216
v 0.32942732 2.46172097 1.06104056 0.34901961 0.26274510 0.18039216
v 0.31547558 2.48669561 1.06394468 0.25882353 0.20000000 0.15686275
v 0.29566903 2.47812731 1.05089040 0.29019608 0.21960784 0.16862745
v 0.33485448 2.43938621 1.02594305 0.36078431 0.27058824 0.18431373
v 0.35029380 2.44109103 1.05325843 0.34901961 0.26274510 0.18431373
v 0.34423154 2.47709305 1.04869813 0.25490196 0.19607843 0.15686275
v 0.34656640 2.45072905 1.03358596 0.34509804 0.26274510 0.18431373
v 0.35376869 2.43083791 1.06396579 0.30196078 0.23137255 0.17647059
v 0.35754544 2.46193753 1.06111817 0.36862745 0.27843137 0.18431373
v 0.35778841 2.46877943 1.01919258 0.30588235 0.23137255 0.17254902
v 0.36533312 2.45501425 1.02015009 0.33725490 0.25490196 0.18039216
v 0.36349878 2.42999361 1.03903264 0.30588235 0.23137255 0.17254902
v 0.36537816 2.44800002 1.03608778 0.35686275 0.27058824 0.18431373
v 0.35815458 2.48113541 1.07317940 0.28235294 0.21568627 0.16470588
v 0.37618979 2.46630437 1.05028085 0.37647059 0.28235294 0.18823529
v 0.37100362 2.46659663 1.06354940 0.36470588 0.27450980 0.18431373
v 0.37639607 2.43799348 1.02240069 0.34509804 0.25882353 0.18431373
v 0.38657222 2.45986442 1.03304929 0.33333333 0.25098039 0.18431373
v 0.38323554 2.43783746 1.04769188 0.31764706 0.24313725 0.18039216
v 0.32156797 2.42283351 0.95022637 0.36862745 0.27450980 0.18431373
v 0.40911102 2.46064267 0.97000436 0.36862745 0.27843137 0.18823529
v 0.49257086 2.52645080 1.03823119 0.37647059 0.28235294 0.18823529
v 0.45875664 2.50447556 0.98690014 0.35294118 0.26666667 0.18431373
v 0.23736954 1.99642557 0.83020168 0.32549020 0.24705882 0.18431373
v 0.18534758 1.95839390 0.81705813 0.29411765 0.22352941 0.17254902
v 0.18807238 2.07073166 0.84465127 0.30196078 0.23137255 0.17254902
v 0.53915727 2.43258088 0.98102402 0.34117647 0.25490196 0.18039216
v 0.41515137 2.49602742 1.02653405 0.29411765 0.22745098 0.17647059
v 0.46290285 2.50499076 1.03071045 0.32549020 0.24705882 0.18039216
v 0.43802402 2.53366496 1.03668424 0.30588235 0.23137255 0.16862745
v 0.43532075 2.51929861 1.04645701 0.28627451 0.21960784 0.16470588
v 0.40757898 2.51380833 1.02604341 0.28627451 0.21960784 0.16862745
v 0.44621806 2.53526319 1.05565773 0.34509804 0.25882353 0.18039216
v 0.45623569 2.54686837 1.04323225 0.35294118 0.26666667 0.18039216
v 0.42576062 2.53897518 1.08057360 0.23529412 0.18431373 0.15294118
v 0.45809602 2.49838666 1.06918493 0.27450980 0.21176471 0.16078431
v 0.45911692 2.49173193 1.05114367 0.25882353 0.20000000 0.15686275
v 0.47477856 2.50958945 1.05781220 0.37647059 0.28235294 0.18823529
v 0.46746348 2.54604355 1.06132840 0.34509804 0.26274510 0.18431373
v 0.46589744 2.48055230 1.02983418 0.32156863 0.24705882 0.18431373
v 0.50034195 2.48839990 1.06546630 0.28235294 0.21176471 0.16470588
v 0.48283275 2.54326821 1.08132987 0.34509804 0.25882353 0.18431373
v 0.43219176 2.42053114 1.05393263 0.26666667 0.20392157 0.16470588
v 0.43574503 2.44873433 1.04341741 0.29411765 0.23137255 0.18039216
v 0.46321527 2.43226110 1.05163607 0.37647059 0.28235294 0.18823529
v 0.46627103 2.44933029 1.04275311 0.28235294 0.21568627 0.16470588
v 0.44932703 2.35482895 1.00336214 0.34901961 0.26666667 0.18823529
v 0.46831390 2.36412737 1.00277068 0.30196078 0.23529412 0.18431373
v 0.47711554 2.38994428 1.05208548 0.23529412 0.18039216 0.15294118
v 0.27091082 2.39574361 1.05953712 0.37254902 0.27843137 0.18823529
v 0.28300858 2.42428488 1.06378686 0.36862745 0.27843137 0.18431373
v 0.28163414 2.44642660 1.07355728 0.37647059 0.28235294 0.18823529
v 0.33055711 2.40827356 1.06927321 0.33725490 0.25490196 0.18039216
v 0.31353045 2.45231077 1.07808293 0.34117647 0.25882353 0.18039216
v 0.29696761 2.39371831 1.05490345 0.36470588 0.27450980 0.18823529
v 1.10394334 2.71727902 1.14053082 0.37647059 0.28235294 0.18823529
v 1.10708889 2.72718174 1.16600668 0.37647059 0.28235294 0.18823529
v 1.11980685 2.71758845 1.13446911 0.36078431 0.27058824 0.18431373
v 1.10797266 2.69629680 1.17245027 0.36862745 0.27450980 0.18431373
v 1.10952184 2.67181882 1.16468780 0.35686275 0.27058824 0.18823529
v 1.13435865 2.72938580 1.15886396 0.38823529 0.29411765 0.19607843
v 1.14395913 2.72688775 1.10144457 0.36078431 0.27058824 0.18431373
v 0.88769421 1.32171519 0.84821649 0.29803922 0.22745098 0.17647059
v 1.30783760 2.64319057 1.24756512 0.33333333 0.25098039 0.18039216
v 1.32114736 2.63989403 1.21014974 0.37254902 0.27843137 0.18823529
v 1.29584147 2.65932053 1.21439630 0.36078431 0.27058824 0.18431373
v 1.29395101 2.68206267 1.19950426 0.34901961 0.26274510 0.18431373
v 1.34900243 2.64031901 1.18367849 0.38039216 0.28627451 0.19215686
v 1.33248754 2.61588000 1.18957699 0.40392157 0.30588235 0.20392157
v 0.79205472 2.31714232 1.03744854 0.39607843 0.30196078 0.20392157
v 0.82066855 2.29218671 1.03605054 0.33725490 0.25882353 0.18823529
v 0.82800530 2.33575328 1.05025478 0.41176471 0.31372549 0.21176471
v 0.80528713 2.35012208 1.05189306 0.38823529 0.29411765 0.20000000
v 0.88014861 2.38046364 1.02038230 0.35294118 0.26666667 0.18823529
v 0.80460709 2.37716112 1.05957773 0.39607843 0.29803922 0.20392157
v 0.84709311 2.35909210 1.05812372 0.40392157 0.30588235 0.20784314
v 0.82729109 2.37259756 1.06712241 0.39607843 0.29803922 0.20000000
v 0.86381738 2.32890365 1.05456912 0.39215686 0.29803922 0.20392157
v 0.84270619 2.36881093 1.07034484 0.40000000 0.30588235 0.20392157
v 0.85737869 2.29469992 1.04219190 0.39607843 0.30196078 0.20392157
v 0.86251293 2.37506450 1.06921310 0.41176471 0.31372549 0.21176471
v 0.86328332 2.34771360 1.06586137 0.40000000 0.30196078 0.20392157
v 0.86744307 2.32143321 1.06086746 0.41176471 0.31372549 0.21176471
v 0.95311412 2.32885582 1.01511481 0.29411765 0.22352941 0.17254902
v 0.88011672 2.35498801 1.06312555 0.38039216 0.29019608 0.20000000
v 0.90734250 2.30727168 1.05055241 0.34509804 0.26274510 0.18823529
v 0.18561007 2.71481352 1.01519529 0.38039216 0.29019608 0.20000000
v 0.17284037 2.68709992 1.02323009 0.35686275 0.27450980 0.20000000
v 0.21183492 2.68977601 1.00095132 0.39607843 0.29803922 0.20000000
v 1.12826443 2.62413203 1.21785003 0.40392157 0.30588235 0.20392157
v 1.11622002 2.64062147 1.22139029 0.36470588 0.28235294 0.20000000
v 1.14536079 2.61003204 1.23934639 0.41176471 0.31372549 0.21176471
v 1.09973897 2.63600818 1.23980312 0.38431373 0.29019608 0.19607843
v 1.13194837 2.65150570 1.20831011 0.39215686 0.29411765 0.20000000
v 1.13717862 2.65649832 1.18467503 0.35686275 0.27058824 0.18823529
v 1.14309469 2.67673179 1.26147196 0.41176471 0.31372549 0.21176471
v 1.14425931 2.62752866 1.19909457 0.38039216 0.29019608 0.20000000
v 1.14661976 2.63085938 1.16308594 0.36078431 0.27450980 0.19215686
v 0.21742799 2.74785234 1.05275223 0.38823529 0.29411765 0.20000000
v 0.22442921 2.73944443 1.01571377 0.41176471 0.31372549 0.21176471
v 0.23969607 2.76610099 1.06780707 0.39215686 0.29803922 0.20000000
v 0.26150793 2.76752885 1.03537228 0.41176471 0.31372549 0.21176471
v 0.92840070 2.63080136 1.18081875 0.35294118 0.26666667 0.18823529
v 0.34693310 2.36633239 0.93985394 0.35686275 0.27058824 0.18823529
v 0.45683409 2.64808962 1.09604788 0.40000000 0.30196078 0.20392157
v 0.45526088 2.66305163 1.08625061 0.40392157 0.30588235 0.20392157
v 0.46079433 2.65152952 1.11231089 0.40000000 0.30196078 0.20392157
v 0.45829236 2.67005075 1.07367076 0.40392157 0.30588235 0.20392157
v 0.46125122 2.68200652 1.09420036 0.40392157 0.30588235 0.20784314
v 0.47545121 2.66610332 1.10007324 0.40392157 0.30588235 0.20392157
v 0.46814138 2.68796005 1.07969074 0.41176471 0.31372549 0.21176471
v 0.47815322 2.66825019 1.08163722 0.41176471 0.31372549 0.21176471
v 0.47338889 2.70033919 1.09251563 0.38823529 0.29411765 0.20392157
v 0.48537129 2.70188344 1.10199092 0.32549020 0.24705882 0.18039216
v 0.48696105 2.68961838 1.08623678 0.40000000 0.30196078 0.20392157
v 0.49902627 2.68052111 1.08740654 0.40000000 0.30196078 0.20392157
v 0.51384603 2.66885051 1.07939383 0.41176471 0.31372549 0.21176471
v 0.51507742 2.66280964 1.10501445 0.32549020 0.24313725 0.17647059
v 0.97524143 0.18175075 0.58698647 0.33725490 0.25098039 0.18039216
v 0.94917297 0.20151721 0.62605505 0.32941176 0.24705882 0.18039216
v 0.99463789 0.19383603 0.54994121 0.29411765 0.22352941 0.16862745
v 0.94655273 0.17768093 0.61420607 0.33333333 0.25098039 0.17647059
v 1.26111593 2.50264686 1.23682681 0.35686275 0.27058824 0.19215686
v 1.26356942 2.64590514 1.27131462 0.41176471 0.31372549 0.21176471
v 1.19565809 2.58200219 1.24328480 0.35686275 0.27058824 0.18823529
v 1.33322053 2.51817576 1.25445316 0.39215686 0.29803922 0.20392157
v 1.30387040 2.61909750 1.27390000 0.36470588 0.27450980 0.19215686
v 1.30642952 2.62260656 1.22084014 0.36470588 0.27450980 0.18823529
v 1.32378333 2.56335668 1.20344267 0.39215686 0.29803922 0.20000000
v 1.31439181 2.60743367 1.19063926 0.39215686 0.29803922 0.20000000
v 1.32526017 2.58737203 1.21927501 0.40392157 0.30588235 0.20392157
v 1.33197348 2.60027735 1.25771206 0.38039216 0.29019608 0.19607843
v 0.77576580 2.51846647 1.13357532 0.31372549 0.23921569 0.18039216
v 0.75953019 2.48726595 1.12684950 0.27450980 0.21176471 0.17254902
v 0.78807458 2.55177778 1.12191960 0.41176471 0.31372549 0.21176471
v 0.78190910 2.54349815 1.13725340 0.32941176 0.25490196 0.18823529
v 0.78648555 2.56690287 1.14080905 0.38823529 0.29411765 0.19607843
v 0.81466429 2.50731271 1.11714769 0.39607843 0.29803922 0.20000000
v 0.81440234 2.52438682 1.11382111 0.34509804 0.26666667 0.19215686
v 0.80517043 2.56698120 1.13524899 0.38039216 0.29019608 0.19607843
v 0.82185471 2.50159531 1.12626310 0.38431373 0.29019608 0.19215686
v 0.83089808 2.53786177 1.12934356 0.37254902 0.28627451 0.20000000
v 1.31446461 2.65775469 1.15262763 0.39607843 0.29803922 0.20000000
v 1.33320618 2.58686840 1.13115208 0.39215686 0.29803922 0.20000000
v 1.34349957 2.64905159 1.16623336 0.39215686 0.29803922 0.20000000
v 1.35838159 2.60377403 1.17769700 0.39607843 0.29803922 0.20000000
v 1.14830945 2.71409274 1.11584533 0.31372549 0.23921569 0.17647059
v 0.67840533 1.78661481 0.93774467 0.37254902 0.27843137 0.19215686
v 0.73776269 1.80747302 0.95227561 0.35294118 0.26666667 0.18823529
v 0.75713516 1.85014410 0.97068339 0.34509804 0.26274510 0.18823529
v 0.63216307 1.89266061 0.96889060 0.35686275 0.29019608 0.23529412
v 0.73289490 1.89683954 0.98479958 0.32549020 0.27058824 0.23137255
v 0.24137951 2.32944350 1.03528098 0.40000000 0.30196078 0.20392157
v 0.27191915 2.31204533 1.01020695 0.41176471 0.31372549 0.21176471
v 0.27048209 2.33727816 1.04681700 0.40392157 0.30588235 0.20392157
v 0.23306497 2.35540204 1.04375308 0.38431373 0.29019608 0.19607843
v 0.26322875 2.29904987 1.03285700 0.40392157 0.30980392 0.20784314
v 0.27575701 2.37889148 1.03386903 0.26666667 0.20784314 0.17254902
v 0.27031047 2.38044574 1.05172504 0.38039216 0.28627451 0.19215686
v 0.28096108 2.33129143 1.00934265 0.41176471 0.31372549 0.21176471
v 0.28874236 2.36013652 1.01301571 0.41176471 0.31372549 0.21176471
v 0.31055905 2.35589515 1.05383894 0.33725490 0.25882353 0.18431373
v 0.28960848 2.31861982 1.01539410 0.41176471 0.31372549 0.21176471
v 0.30641232 2.32087367 1.04652740 0.38039216 0.29019608 0.20000000
v 0.29472808 2.34588358 1.00839592 0.41176471 0.31372549 0.21176471
v 0.31108196 2.29742776 1.03431052 0.40392157 0.30588235 0.20784314
v 0.30415426 2.33281573 1.00690206 0.39607843 0.29803922 0.20392157
v 0.31758752 2.30515068 1.01953260 0.33333333 0.25490196 0.18823529
v 0.32155015 2.33133826 1.02557360 0.38823529 0.29411765 0.20000000
v 0.33113219 2.35586854 1.00469817 0.39215686 0.29803922 0.20392157
v 0.33346430 2.35803164 1.02608035 0.39215686 0.29411765 0.20000000
v 1.12155589 1.91390267 0.93468825 0.29803922 0.22745098 0.16862745
v 1.06228954 1.85348503 0.91406560 0.28627451 0.22352941 0.18431373
v 1.13052833 1.99292027 0.95598117 0.29803922 0.22745098 0.16862745
v 0.76308311 2.43542209 1.01371714 0.34901961 0.26274510 0.18823529
v 0.77532673 2.43982606 1.06743145 0.26666667 0.20392157 0.16862745
v 0.84767393 2.45116783 1.03019845 0.38823529 0.29411765 0.20000000
v 0.77652545 2.38586659 1.06226112 0.31372549 0.23921569 0.18039216
v 0.75691386 2.30057915 1.04195361 0.31764706 0.26274510 0.22745098
v 0.78106890 2.33467246 1.03958091 0.38823529 0.29411765 0.20000000
v 0.78957554 2.36665082 1.05824231 0.33725490 0.25882353 0.18823529
v 0.23736735 2.76090530 1.10134598 0.34117647 0.26274510 0.20000000
v 0.22727060 2.73746676 1.13532431 0.30980392 0.23921569 0.19215686
v 0.75574942 2.30053648 1.07585877 0.32941176 0.25490196 0.19607843
v 0.74574778 2.30687209 1.09100100 0.36078431 0.28627451 0.21960784
v 0.75514591 2.33471724 1.08493094 0.40392157 0.32156863 0.23137255
v 0.78718510 2.33346125 1.09863967 0.41176471 0.31372549 0.21176471
v 0.73304159 2.34152312 1.08881406 0.38431373 0.31372549 0.24313725
v 0.74960905 2.35224830 1.08993821 0.40392157 0.32156863 0.23921569
v 0.76806618 2.35299025 1.09390743 0.41176471 0.31372549 0.21176471
v 0.75431868 2.38346180 1.09891654 0.35686275 0.29803922 0.24705882
v 0.74482137 2.37468957 1.07838469 0.33333333 0.27450980 0.21960784
v 0.77289969 2.38892358 1.07777637 0.30980392 0.23529412 0.17647059
v 0.77081520 2.38181016 1.09281692 0.36862745 0.29019608 0.21960784
v 0.78788496 2.30201818 1.08708914 0.34509804 0.26274510 0.18823529
v 0.79423040 2.29860709 1.10191764 0.35294118 0.26666667 0.19215686
v 0.81707558 2.31532927 1.10112736 0.32941176 0.25098039 0.18039216
v 0.30720795 2.72803508 1.11884086 0.35686275 0.27058824 0.19215686
v 0.33415676 2.75368330 1.12874471 0.38823529 0.29411765 0.20000000
v 0.34668646 2.72849351 1.12931517 0.34901961 0.26666667 0.18823529
v 1.17093943 1.18513511 0.85171012 0.23529412 0.18039216 0.15294118
v 0.25280868 2.28210341 1.01172315 0.38823529 0.29411765 0.19607843
v 0.23374937 2.27549995 1.01947488 0.36862745 0.27843137 0.18823529
v 0.22788797 2.30630893 1.02741321 0.38823529 0.29411765 0.19607843
v 0.25530980 2.29714485 0.99662623 0.38823529 0.29411765 0.19607843
v 0.28320676 2.27989766 1.01705001 0.41176471 0.31372549 0.21176471
v 0.30212778 2.29804670 1.01477962 0.41176471 0.31372549 0.21176471
v 0.30144995 2.26981185 1.01772781 0.41176471 0.31372549 0.21176471
v 0.30750674 2.31773798 0.99244774 0.34901961 0.26666667 0.19215686
v 0.31839095 2.27422746 1.01490916 0.37254902 0.28627451 0.20000000
v 0.33038478 2.26224753 1.02594179 0.38039216 0.28627451 0.19607843
v 0.33179870 2.35184989 1.03753915 0.38823529 0.29411765 0.19607843
v 0.33003489 2.37795420 1.04206873 0.34117647 0.25882353 0.18039216
v 0.35101108 2.30585443 1.04339369 0.34509804 0.25882353 0.18431373
v 0.33627670 2.33945237 1.02109581 0.41176471 0.31372549 0.21176471
v 0.35408695 2.32340404 1.01394705 0.38039216 0.29019608 0.20000000
v 0.34761079 2.34479565 1.03454637 0.40000000 0.30588235 0.20392157
v 0.36568748 2.36878894 1.04868005 0.40784314 0.30980392 0.20784314
v 0.34101154 2.39600834 1.05133334 0.32941176 0.25098039 0.18039216
v 0.35832676 2.34677753 1.01734875 0.41176471 0.31372549 0.21176471
v 0.35792166 2.37112279 1.00754885 0.41176471 0.31372549 0.21176471
v 0.36071012 2.38477101 1.01850869 0.37254902 0.28235294 0.19215686
v 0.35789909 2.37823084 1.03663908 0.38431373 0.29019608 0.19607843
v 0.35930177 2.30907176 1.02076144 0.34117647 0.25882353 0.18431373
v 0.36760891 2.33851108 1.03700825 0.38039216 0.28627451 0.19215686
v 0.36114430 2.34186059 0.99531860 0.36862745 0.27843137 0.19215686
v 0.37174472 2.36146329 1.02109527 0.39215686 0.29803922 0.20000000
v 0.37237990 2.40038829 1.05239585 0.32941176 0.25098039 0.18039216
v 0.37856218 2.32800271 1.01959247 0.38823529 0.29411765 0.20000000
v 0.37849925 2.38256764 1.02908641 0.35686275 0.27058824 0.18823529
v 0.40077765 2.33682390 1.06237853 0.32549020 0.24705882 0.18039216
v 0.38456044 2.38482955 1.05607778 0.36078431 0.27450980 0.19215686
v 0.36968643 2.29793766 1.03289582 0.31764706 0.24313725 0.18039216
v 0.39237007 2.32323046 1.03886389 0.32549020 0.24705882 0.18039216
v 0.39008754 2.33976136 1.00359476 0.35686275 0.27058824 0.18823529
v 0.38681646 2.34553596 1.03087297 0.36862745 0.27843137 0.19215686
v 0.39002922 2.36991192 1.03503026 0.36862745 0.27843137 0.19215686
v 0.38543816 2.37088045 1.01238605 0.36078431 0.27450980 0.19215686
v 0.88748871 2.44745332 1.07977044 0.41176471 0.31372549 0.21176471
v 0.85537247 2.41987827 1.07425177 0.40000000 0.30196078 0.20392157
v 0.86709996 2.49770380 1.08541026 0.39215686 0.29803922 0.20392157
v 0.85997693 2.45839855 1.11949748 0.38823529 0.29019608 0.19607843
v 0.86341290 2.47498676 1.11930727 0.37647059 0.28235294 0.19215686
v 0.85943675 2.49566569 1.11859443 0.36078431 0.27058824 0.18431373
v 0.90508822 2.50900720 1.09471212 0.36470588 0.27843137 0.19215686
v 0.89537697 2.47508749 1.08757256 0.40392157 0.30588235 0.20784314
v 0.92345874 2.44570252 1.08454578 0.40000000 0.30196078 0.20392157
v 0.91411748 2.49977546 1.10921486 0.35294118 0.26666667 0.18431373
v 0.92267860 2.48710418 1.10515869 0.39607843 0.30196078 0.20000000
v 0.93522587 2.49108007 1.09540840 0.40000000 0.30588235 0.20392157
v 0.97926394 2.47838132 1.09647591 0.38039216 0.28627451 0.19215686
v 0.95086079 2.49390075 1.11536671 0.41176471 0.31372549 0.21176471
v 0.82129092 2.41975200 1.08031737 0.38431373 0.29019608 0.19215686
v 0.82874170 2.45020541 1.10056041 0.36078431 0.27058824 0.18431373
v 0.80714362 2.44550906 1.08060025 0.33333333 0.25490196 0.18431373
v 0.81912711 2.43157444 1.11394236 0.34901961 0.26274510 0.18039216
v 0.82468391 2.44992836 1.11676259 0.39215686 0.29803922 0.20000000
v 0.80528269 2.45549020 1.12977574 0.35294118 0.26666667 0.18431373
v 0.80801638 2.45704891 1.09202078 0.32156863 0.24313725 0.18039216
v 0.83082137 2.46570666 1.08705161 0.37647059 0.28235294 0.18823529
v 0.80936334 2.46383025 1.11055433 0.32549020 0.24705882 0.17647059
v 0.82148135 2.48059914 1.10161878 0.36470588 0.27450980 0.18823529
v 0.82003383 2.48034820 1.11082926 0.36862745 0.28235294 0.19215686
v 0.84087977 2.47111611 1.11465777 0.39215686 0.29411765 0.19607843
v 0.84332358 2.50518203 1.11547811 0.36470588 0.27450980 0.18823529
v 0.84147462 2.47938415 1.08144250 0.38431373 0.29019608 0.19215686
v 0.83853478 2.45344013 1.13713046 0.38039216 0.29019608 0.20392157
v 0.83842314 2.49678237 1.09518626 0.36078431 0.27450980 0.18823529
v 0.82309192 2.44793993 1.13373759 0.41176471 0.31372549 0.21176471
v 0.84474581 2.43956141 1.11649946 0.39607843 0.30196078 0.20000000
v 0.86084143 2.42489620 1.11837514 0.34901961 0.26666667 0.18823529
v 0.82873090 2.40412524 1.06759421 0.39607843 0.30196078 0.20000000
v 0.79573808 2.39800048 1.09851402 0.37254902 0.32156863 0.27450980
v 0.82467720 2.40565213 1.10788138 0.38039216 0.30196078 0.22745098
v 0.80140250 2.41631806 1.06628508 0.32156863 0.24313725 0.18039216
v 0.79740890 2.41922519 1.11002267 0.32941176 0.26666667 0.21568627
v 0.80957913 2.42583699 1.08121287 0.34509804 0.27058824 0.20784314
v 0.84096139 2.41396516 1.11434439 0.40000000 0.30196078 0.20392157
v 0.84414905 2.42304785 1.13159958 0.38039216 0.29019608 0.20000000
v 0.89365237 2.38815955 1.07101894 0.31372549 0.24313725 0.18039216
v 0.93502777 2.50596421 1.05436604 0.40000000 0.30196078 0.20392157
v 0.91452285 2.42909191 1.03627042 0.38823529 0.29411765 0.19607843
v 1.34902495 2.44301415 1.23857516 0.36862745 0.27843137 0.19607843
v 1.33684068 2.57279599 1.19182008 0.40392157 0.30980392 0.20784314
v 1.35216936 2.51613768 1.22545410 0.36470588 0.27450980 0.19215686
v 1.35439288 2.49220276 1.18939653 0.32156863 0.24313725 0.17647059
v 1.35244624 2.54743596 1.18086559 0.40000000 0.30588235 0.20392157
v 1.35877749 2.52824082 1.24613039 0.37647059 0.28235294 0.19607843
v 0.82998401 1.49208367 0.79033346 0.32941176 0.25098039 0.18431373
v 0.88417678 2.57671386 1.06562933 0.40000000 0.30196078 0.20392157
v 1.29341888 1.24384474 0.80171349 0.27058824 0.20784314 0.16078431
v 1.34410329 1.23131354 0.81828142 0.31372549 0.23921569 0.17647059
v 1.09671975 2.50691265 1.11845650 0.38039216 0.28627451 0.19607843
v 1.09040986 2.58000725 1.13716893 0.36862745 0.27843137 0.19607843
v 1.12991481 2.52542528 1.12775903 0.37647059 0.28627451 0.20000000
v 1.12526530 2.58457871 1.14358574 0.34901961 0.26666667 0.18823529
v 1.26527216 0.78015431 0.81345464 0.30588235 0.23529412 0.18039216
v 1.22880024 0.79455591 0.81607656 0.28235294 0.21568627 0.16862745
v 1.28851896 0.74064097 0.79178783 0.33725490 0.25882353 0.18823529
v 1.29439815 0.78822327 0.79885152 0.36078431 0.27450980 0.19607843
v 1.29100651 0.84756822 0.78713320 0.29019608 0.21960784 0.16862745
v 0.38313092 2.30148485 0.98919227 0.32941176 0.25098039 0.18431373
v 0.37308106 2.32244534 0.99297134 0.35294118 0.27058824 0.19215686
v 0.40105756 2.32303418 0.98898851 0.41176471 0.31372549 0.21176471
v 0.38464750 2.35818408 1.00030083 0.36862745 0.27843137 0.19607843
v 0.41465434 2.34765441 1.01519502 0.32549020 0.24705882 0.18431373
v 0.41597322 2.32246277 1.00266306 0.37647059 0.28235294 0.19607843
v 0.42321047 2.31027903 0.98744288 0.40000000 0.30588235 0.20392157
v 0.41491945 2.36241337 1.00922594 0.32549020 0.24705882 0.17647059
v 0.44218662 2.31677555 0.98164841 0.40000000 0.30588235 0.20392157
v 0.44375097 2.33295587 0.99178426 0.39607843 0.29803922 0.20000000
v 0.43299782 2.34505328 1.01036233 0.34901961 0.26274510 0.18431373
v 0.43635896 2.31256382 1.00786230 0.36470588 0.27450980 0.18823529
v 0.26390698 2.31237031 0.91538021 0.33333333 0.25098039 0.18431373
v 0.11337795 2.17548302 0.93942327 0.38823529 0.29411765 0.19607843
v 0.11640585 2.22926049 0.95153580 0.38823529 0.29411765 0.19607843
v 0.11002033 2.20582581 0.98936495 0.36078431 0.27058824 0.18823529
v 0.11977078 2.21094493 1.00443632 0.38039216 0.28627451 0.19215686
v 0.11813165 2.28863547 0.96979786 0.37647059 0.28235294 0.18823529
v 0.16282712 2.23524782 1.00898246 0.38039216 0.28627451 0.18823529
v 1.19181382 2.49142148 1.17063843 0.31372549 0.24313725 0.18431373
v 1.18419631 2.51946667 1.18597359 0.31372549 0.23921569 0.17647059
v 1.18156165 2.53248532 1.17527751 0.31372549 0.23921569 0.17647059
v 0.30331802 2.74675774 1.02985536 0.36862745 0.27843137 0.19215686
v 0.34578285 2.75736298 1.03750069 0.34509804 0.25882353 0.18431373
v 0.31471371 2.70841035 1.10059392 0.25098039 0.19215686 0.15686275
v 0.34011628 2.76463385 1.11427291 0.33333333 0.25490196 0.18823529
v 0.36077152 2.71982211 1.09560983 0.24705882 0.19215686 0.16078431
v 0.19876934 2.24963028 0.97977694 0.36470588 0.27450980 0.18431373
v 0.20448728 2.26834344 0.99774705 0.36862745 0.27450980 0.18431373
v 0.19872294 2.23766781 0.99268920 0.36862745 0.27843137 0.18431373
v 0.21821618 2.23113125 0.96684224 0.37647059 0.28235294 0.18823529
v 0.21938482 2.26125017 1.01148634 0.36470588 0.27058824 0.18431373
v 0.23060746 2.28455842 0.99586102 0.36470588 0.27450980 0.18431373
v 0.25711990 2.27162882 0.97519060 0.34509804 0.25882353 0.18039216
v 0.25586823 2.24116793 0.97002976 0.36078431 0.27058824 0.18431373
v 0.27869337 2.28993039 0.98409026 0.36470588 0.27450980 0.19215686
v 0.15596848 2.63892140 1.07554688 0.33333333 0.25490196 0.19215686
v 0.16563771 2.62192401 1.11090514 0.32156863 0.24313725 0.17647059
v 0.22981644 2.62935171 1.11420516 0.27058824 0.20784314 0.16078431
v 1.19505189 2.20938593 1.15265474 0.36862745 0.27450980 0.18431373
v 1.19076419 2.16594136 1.13657358 0.29019608 0.21960784 0.16862745
v 1.16287756 2.20310882 1.14063463 0.33333333 0.25490196 0.19215686
v 1.21162175 2.17176122 1.14548197 0.36078431 0.27058824 0.18431373
v 1.28830134 2.18191910 1.15960681 0.33725490 0.25490196 0.18039216
v 1.28789791 2.23339337 1.17208138 0.29019608 0.21960784 0.17254902
v 0.31036075 2.59428332 1.09877904 0.26666667 0.20784314 0.16862745
v 0.28962845 2.57183945 1.09297514 0.27843137 0.21568627 0.17254902
v 0.31589773 2.61525427 1.07878753 0.24313725 0.18823529 0.15686275
v 0.29303802 2.61653263 1.07982137 0.24313725 0.18823529 0.15686275
v 0.36194505 2.60432158 1.10482053 0.23137255 0.17647059 0.14901961
v 1.10054942 1.36041722 0.79234735 0.28235294 0.21568627 0.16862745
v 1.16705325 1.43403848 0.82227272 0.32549020 0.24705882 0.18039216
v 1.36645756 2.50146484 1.15745341 0.34509804 0.26274510 0.18431373
v 0.82443202 1.13246954 0.75355788 0.35686275 0.27058824 0.18431373
v 0.79246528 1.11920127 0.76966854 0.29411765 0.22745098 0.17647059
v 0.83483407 1.13233340 0.76972976 0.34509804 0.26274510 0.18431373
v 0.81436510 1.11968296 0.76150418 0.34117647 0.25882353 0.18431373
v 0.81757063 1.13210995 0.78835476 0.34117647 0.25882353 0.18039216
v 0.80914911 1.12563082 0.74244910 0.34117647 0.25882353 0.18431373
v 0.83022032 1.15909981 0.79725075 0.37254902 0.27843137 0.18431373
v 0.80422473 1.15673749 0.75956409 0.29411765 0.22745098 0.18039216
v 0.80955738 1.15450125 0.79317547 0.36078431 0.27058824 0.18431373
v 0.80562199 1.17777240 0.76451236 0.30196078 0.23529412 0.18431373
v 0.79289682 1.16843606 0.79579609 0.33725490 0.25490196 0.18039216
v 0.79530853 1.18872227 0.80620280 0.32156863 0.24313725 0.17647059
v 0.83505806 1.11203933 0.75516223 0.32549020 0.24705882 0.17647059
v 0.85662816 1.15981077 0.76498908 0.37647059 0.28235294 0.18823529
v 0.86873137 1.14357208 0.80204678 0.35686275 0.26666667 0.18431373
v 0.86640473 1.12390098 0.75785260 0.32941176 0.25098039 0.18431373
v 0.84369616 1.10075560 0.77987370 0.30980392 0.23529412 0.17647059
v 0.86427209 1.14202862 0.75649145 0.34509804 0.26274510 0.18431373
v 0.87621861 1.13787952 0.76977375 0.34901961 0.26666667 0.18431373
v 0.88110336 1.16876741 0.77111409 0.36078431 0.27058824 0.18431373
v 0.87373738 1.10584474 0.78254674 0.29411765 0.22352941 0.16862745
v 0.89367986 1.15113051 0.77106726 0.32156863 0.24313725 0.17647059
v 0.85863495 1.30704130 0.74746541 0.25098039 0.19215686 0.16078431
v 0.12499605 2.27687051 1.02430502 0.36078431 0.27058824 0.18431373
v 0.17581364 2.20157006 0.99744395 0.37647059 0.28235294 0.18823529
v 0.19500459 2.22026457 0.99641210 0.35686275 0.27058824 0.18431373
v 0.21880881 2.24212112 1.00361200 0.36862745 0.27450980 0.18431373
v 1.36806466 2.45396358 1.22726137 0.35686275 0.27058824 0.18823529
v 0.15876286 2.17245443 0.99222229 0.38039216 0.28627451 0.18823529
v 0.19228025 2.18759388 0.96761383 0.36078431 0.27058824 0.18431373
v 0.19201055 2.17617959 0.98293812 0.36078431 0.27058824 0.18431373
v 0.18670858 2.21540221 0.97509382 0.37647059 0.28235294 0.18823529
v 0.20574030 2.19429304 0.98261602 0.35294118 0.26666667 0.18431373
v 0.20692445 2.20027422 0.95748214 0.35686275 0.26666667 0.18431373
v 1.18945351 2.44125424 1.16008449 0.34509804 0.26666667 0.19607843
v 1.19318401 2.43897214 1.17601708 0.33725490 0.25882353 0.20000000
v 1.19476000 2.47224807 1.18024140 0.34117647 0.25882353 0.18039216
v 1.18079306 2.47862308 1.15637601 0.35294118 0.26666667 0.18431373
v 1.22316895 2.48158450 1.09056697 0.36078431 0.27058824 0.18431373
v 0.13094365 2.28017779 0.88720724 0.36862745 0.27843137 0.18431373
v 0.18847377 2.27023329 0.89293153 0.31372549 0.23921569 0.17647059
v 0.12519079 2.15223133 0.85325796 0.30588235 0.23137255 0.17254902
v 0.16187596 2.13644821 0.85460551 0.30980392 0.23529412 0.17254902
v 0.26936444 2.49150249 1.06538553 0.34901961 0.26274510 0.18431373
v 0.27732224 2.51147282 1.08618337 0.29019608 0.21960784 0.17254902
v 0.29246822 2.47616671 1.06458915 0.34901961 0.26274510 0.18431373
v 0.29522032 2.50321151 1.06087315 0.32549020 0.24705882 0.17647059
v 0.11703864 2.20585632 0.88443191 0.37254902 0.27843137 0.18823529
v 0.11314738 2.10618210 0.90124512 0.32156863 0.24705882 0.18039216
v 0.12337549 2.32583618 0.91077723 0.37647059 0.28235294 0.18823529
v 1.26933636 2.59453391 1.12824738 0.35294118 0.26666667 0.18431373
v 1.18921830 2.55305363 1.10349207 0.33333333 0.25098039 0.18039216
v 0.61152349 2.33711208 1.01233826 0.26274510 0.20392157 0.17254902
v 1.13643204 2.47885182 1.11675546 0.37647059 0.28235294 0.19215686
v 1.17162900 2.45278761 1.12385176 0.34901961 0.26274510 0.18431373
v 1.17260562 2.50008866 1.13295688 0.33333333 0.25490196 0.18431373
v 1.18120817 2.44951052 1.14244121 0.33725490 0.25490196 0.18039216
v 0.87630060 0.32117622 0.64255795 0.31372549 0.23921569 0.17647059
v 0.89198310 0.31125991 0.63284211 0.31372549 0.23921569 0.17647059
v 0.84839903 0.35899724 0.65844267 0.32549020 0.24705882 0.17647059
v 0.90019183 0.37250067 0.66310133 0.37647059 0.28235294 0.18823529
v 0.87485256 0.35138699 0.69391715 0.36078431 0.27058824 0.18431373
v 0.85151679 0.37995095 0.67524449 0.34117647 0.25882353 0.18039216
v 0.90076590 0.37137751 0.68482569 0.37647059 0.28235294 0.18823529
v 0.90972900 0.34693284 0.64288683 0.37647059 0.28235294 0.18823529
v 0.91876917 0.31211671 0.62624084 0.32156863 0.24313725 0.17254902
v 0.91210617 0.33352070 0.68593984 0.37647059 0.28235294 0.18823529
v 0.92584096 0.35858307 0.67893915 0.37647059 0.28235294 0.18823529
v 0.91623366 0.30390238 0.71777344 0.30980392 0.23529412 0.17647059
v 0.92851668 0.33056838 0.64582511 0.37647059 0.28235294 0.18823529
v 0.92848093 0.36485613 0.64972647 0.37647059 0.28235294 0.18823529
v 0.92901521 0.31524348 0.66179891 0.34901961 0.26666667 0.18431373
v 0.93574224 0.33342199 0.67442287 0.37647059 0.28235294 0.18823529
v 0.93662008 0.30128430 0.63265513 0.31372549 0.23921569 0.17647059
v 0.90121460 0.25648223 0.63301592 0.24705882 0.19215686 0.15686275
v 0.98678731 2.40405559 1.03943545 0.34901961 0.26274510 0.18431373
v 0.17773377 2.30116333 1.02865390 0.35294118 0.26666667 0.18431373
v 0.24932758 2.19633570 0.95369650 0.36862745 0.27450980 0.18431373
v 0.26489434 2.19551750 0.97237938 0.37647059 0.28235294 0.18823529
v 0.26856010 2.19978262 0.99018287 0.35686275 0.26666667 0.18431373
v 0.26571371 2.20924737 0.97982172 0.37647059 0.28235294 0.18823529
v 0.26518639 2.20202164 0.95230758 0.37647059 0.28235294 0.18823529
v 0.25031377 2.21532655 0.96323553 0.37647059 0.28235294 0.18823529
v 0.27612300 2.19234272 0.99304286 0.34509804 0.25882353 0.18431373
v 0.27812489 2.23063293 0.97224868 0.36078431 0.27058824 0.18431373
v 0.26169500 2.17538616 0.95386461 0.35294118 0.26666667 0.18431373
v 0.29638619 2.25581018 0.97852147 0.31372549 0.23529412 0.17647059
v 0.28755128 2.19125800 0.95737568 0.35294118 0.26666667 0.18431373
v 0.28648968 2.20232263 0.98344342 0.37647059 0.28235294 0.18823529
v 0.28772873 2.21917620 0.99804887 0.36470588 0.27450980 0.18431373
v 0.29192386 2.21584188 0.96029335 0.37647059 0.28235294 0.18823529
v 0.30394727 2.21833538 0.97382931 0.35294118 0.26666667 0.18039216
v 0.30224700 2.23289464 0.98889329 0.35294118 0.26666667 0.18431373
v 0.29422369 2.17129638 0.94798499 0.30980392 0.23529412 0.17647059
v 0.29185426 2.18428706 0.99182672 0.31764706 0.24313725 0.18039216
v 0.30609202 2.20742762 0.96070260 0.37647059 0.28235294 0.18823529
v 0.30893147 2.18600969 0.96340196 0.32156863 0.24313725 0.18039216
v 0.31302541 2.20331617 0.97746243 0.33333333 0.25490196 0.18039216
v 0.60243745 0.61773610 0.53916653 0.29019608 0.21960784 0.16862745
v 0.68712294 0.61328125 0.55799437 0.26274510 0.20392157 0.16862745
v 0.59944248 0.63800111 0.55321483 0.22352941 0.17254902 0.14901961
v 0.69389955 0.57379675 0.53678728 0.22352941 0.17254902 0.14901961
v 0.68974565 0.63770618 0.57034057 0.20784314 0.16078431 0.14509804
v 0.79149150 0.60299911 0.56178904 0.22745098 0.17647059 0.15294118
v 0.39043961 2.54173551 1.08247534 0.14509804 0.11372549 0.11764706
v 0.40714742 2.48043455 1.08302829 0.25882353 0.20392157 0.17647059
v 0.40079200 2.54544766 1.06549909 0.14509804 0.11372549 0.11764706
v 0.40590699 2.54053184 1.08248132 0.15686275 0.12156863 0.12156863
v 0.41237159 2.52339233 1.07552091 0.18431373 0.14509804 0.13333333
v 0.41013036 2.53273580 1.09363166 0.16470588 0.12941176 0.12549020
v 0.42374637 2.50962533 1.08406387 0.14509804 0.11372549 0.11764706
v 0.42024590 2.52697599 1.05659848 0.20392157 0.15686275 0.14117647
v 0.44086149 2.51907293 1.07961396 0.16470588 0.12941176 0.12549020
v 0.45202442 2.53036595 1.09642801 0.16862745 0.12941176 0.12549020
v 0.44631563 2.54902180 1.07396225 0.21568627 0.16862745 0.14509804
v 1.18375080 2.39492373 1.18940255 0.19607843 0.15294118 0.14117647
v 0.81471594 2.23680085 1.04043137 0.15686275 0.12156863 0.12156863
v 0.82295818 2.26004806 1.03963702 0.22745098 0.17647059 0.14901961
v 0.86176716 2.20526796 1.04343397 0.14509804 0.11372549 0.11764706
v 0.85558987 2.22015696 1.04563431 0.14509804 0.11372549 0.11764706
v 0.85244428 2.24331816 1.04463716 0.14509804 0.11372549 0.11764706
v 0.87706235 2.25167636 1.03073667 0.18823529 0.14901961 0.13725490
v 0.87547645 2.24499402 1.04128174 0.15686275 0.12156863 0.12156863
v 0.88588602 2.22880216 1.03686811 0.14509804 0.11372549 0.11764706
v 1.07486887 2.36150084 1.04004116 0.23137255 0.18039216 0.15294118
v 1.17399640 2.34073191 1.05496123 0.21960784 0.17254902 0.15294118
v 0.89322013 2.35270450 1.12768686 0.16078431 0.12549020 0.12549020
v 0.90427031 2.35750112 1.07017856 0.17254902 0.13725490 0.12941176
v 0.90208238 2.36514634 1.07642187 0.20784314 0.16078431 0.14117647
v 0.91098399 2.35887841 1.12310142 0.15294118 0.12156863 0.12156863
v 0.91002807 2.37361801 1.08665575 0.21960784 0.17254902 0.14901961
v 0.91134858 2.34834852 1.06271901 0.26666667 0.20392157 0.16078431
v 0.91826980 2.37100049 1.10038106 0.23137255 0.18039216 0.15294118
v 0.92767655 2.35169921 1.11780354 0.16078431 0.12549020 0.12549020
v 0.23112203 2.15349379 0.86849149 0.26274510 0.20000000 0.16078431
v 0.12653212 0.54956834 0.56056310 0.16470588 0.12941176 0.12549020
v 0.11430407 0.59666973 0.56918206 0.18431373 0.14509804 0.13725490
v 0.16921557 0.59095787 0.58167105 0.16862745 0.12941176 0.12549020
v 1.07585536 2.33753564 1.08105653 0.19607843 0.15294118 0.13725490
v 0.38538361 2.25406644 0.91170014 0.16862745 0.12941176 0.12549020
v 1.31714602 1.16883995 0.83807005 0.20000000 0.15686275 0.14509804
v 1.31650186 1.16915894 0.87258649 0.19215686 0.15294118 0.14117647
v 1.32610317 1.21502686 0.83736969 0.22745098 0.17647059 0.15294118
v 1.26611352 2.37087818 1.20343400 0.18431373 0.14509804 0.13333333
v 1.26588366 2.29929045 1.18504198 0.22745098 0.17647059 0.15294118
v 1.07597063 2.31685862 1.02857219 0.21176471 0.16470588 0.14509804
v 0.78051376 1.30401550 0.73488801 0.25098039 0.19607843 0.16078431
v 0.39705456 2.53364758 1.05569368 0.14901961 0.11764706 0.11764706
v 0.41379948 2.53616566 1.04341718 0.17647059 0.13725490 0.12941176
v 0.41669899 2.52203898 1.03833988 0.21176471 0.16470588 0.14509804
v 0.42523068 2.48808646 1.03611578 0.24705882 0.19215686 0.16078431
v 0.45759084 2.50390763 1.08854536 0.17647059 0.13725490 0.12941176
v 0.46150138 2.52973936 1.07991990 0.21176471 0.16470588 0.14117647
v 0.47693668 2.51586357 1.09604701 0.21960784 0.16862745 0.14509804
v 0.48385698 2.49061879 1.08556083 0.14509804 0.11372549 0.11764706
v 0.29904255 2.27583769 0.90594739 0.21568627 0.16862745 0.14509804
v 0.64734153 0.48158451 0.64352002 0.16862745 0.12941176 0.12549020
v 0.61760473 0.52212329 0.64223490 0.15294118 0.11764706 0.12156863
v 0.65493351 0.51426367 0.65412663 0.14509804 0.11372549 0.11764706
v 0.66688412 0.52040399 0.66996530 0.14509804 0.11372549 0.11764706
v 0.65856022 0.50329768 0.66270745 0.14509804 0.11372549 0.11764706
v 0.66047653 0.53230381 0.65554894 0.14509804 0.11372549 0.11764706
v 0.87925184 2.26271536 1.11174654 0.14509804 0.11372549 0.11764706
v 0.85962735 2.27122832 1.10233203 0.14509804 0.11372549 0.11764706
v 0.87323776 2.29627495 1.11564285 0.14509804 0.11372549 0.11764706
v 0.46453857 0.48186911 0.48566419 0.22745098 0.17647059 0.14901961
v 1.26663452 2.42825331 1.21781247 0.22745098 0.17647059 0.14901961
v 1.27970235 2.67073285 1.25303296 0.26274510 0.20392157 0.16078431
v 1.10036719 2.27627001 1.11561065 0.24705882 0.18823529 0.15294118
v 1.06625892 2.25270911 1.07976712 0.20392157 0.15686275 0.14117647
v 1.06044135 2.23592001 1.08868436 0.18823529 0.14901961 0.13725490
v 1.08759793 2.25563653 1.09456713 0.18039216 0.13725490 0.12941176
v 1.05581888 2.28670002 1.06448939 0.18431373 0.14509804 0.13333333
v 1.08845418 2.25162364 1.10699892 0.20392157 0.16078431 0.14117647
v 1.11271568 2.32636736 1.09967413 0.21176471 0.16470588 0.14117647
v 1.25164184 0.68118689 0.78765872 0.25098039 0.19607843 0.16470588
v 1.28706836 0.68972780 0.77686492 0.25490196 0.19607843 0.16078431
v 0.54609572 0.48150000 0.62662756 0.17254902 0.13333333 0.12941176
v 0.57435744 0.51021424 0.63420642 0.15686275 0.12156863 0.12156863
v 1.00681411 2.25238710 1.06664136 0.17254902 0.13333333 0.12941176
v 1.03249590 2.25380005 1.06198319 0.17647059 0.13725490 0.13333333
v 0.20699243 0.23284082 0.51942367 0.16470588 0.12941176 0.12549020
v 0.18514047 0.24363095 0.53019492 0.14509804 0.11372549 0.11764706
v 0.23721804 0.24759999 0.53961445 0.18039216 0.14117647 0.13333333
v 0.18840229 0.25651342 0.48371027 0.19215686 0.14901961 0.13725490
v 0.31577068 0.22586641 0.53913436 0.20000000 0.15686275 0.14509804
v 0.26095581 0.24909403 0.48608373 0.20784314 0.16078431 0.14117647
v 0.76477814 0.23288183 0.51922284 0.20000000 0.15686275 0.13725490
v 0.84674811 0.21404039 0.52166682 0.18039216 0.14117647 0.13333333
v 0.88376864 0.21748531 0.54455566 0.19607843 0.15294118 0.13725490
v 1.02472420 2.15049577 0.97792441 0.20000000 0.15686275 0.14509804
v 1.26116587 0.98575605 0.73046192 0.18823529 0.14509804 0.13333333
v 1.21710543 1.06192454 0.74535239 0.20392157 0.15686275 0.14117647
v 0.99083652 2.25982620 0.99951119 0.20784314 0.16078431 0.14117647
v 1.34305644 2.23750282 1.18305992 0.18431373 0.14117647 0.13333333
v 1.34400985 2.33089826 1.20740583 0.16862745 0.12941176 0.12549020
v 1.36018442 2.26844000 1.19289899 0.17647059 0.13725490 0.12941176
v 1.37283334 2.31846723 1.19374294 0.19215686 0.14901961 0.13725490
v 1.37398423 2.23164986 1.14381206 0.20784314 0.16078431 0.14117647
v 1.37873779 2.33353423 1.15485799 0.21960784 0.16862745 0.14509804
v 0.10594733 2.04393005 0.95722195 0.24313725 0.18823529 0.15294118
v 0.10738827 2.03188255 0.92698973 0.22352941 0.17647059 0.15294118
v 0.11660514 1.99618557 0.95058886 0.20784314 0.16078431 0.14509804
v 0.45838507 2.46153953 1.07544701 0.14509804 0.11372549 0.11764706
v 0.44471928 2.47614466 1.07670343 0.15294118 0.12156863 0.12156863
v 0.45839004 2.47586398 1.08548932 0.14901961 0.11764706 0.11764706
v 0.44692979 2.48057986 1.06503551 0.18039216 0.14117647 0.12941176
v 0.42609952 2.46784422 1.08255228 0.14509804 0.11372549 0.11764706
v 0.46460814 2.46130619 1.05962517 0.18823529 0.14901961 0.13725490
v 0.47807563 2.47095521 1.08542577 0.14509804 0.11372549 0.11764706
v 0.47521907 2.47887758 1.05951179 0.21568627 0.16470588 0.14509804
v 0.49140762 2.47314711 1.09811567 0.16470588 0.12941176 0.12549020
v 0.50803011 2.46020644 1.09594493 0.17647059 0.13725490 0.12941176
v 1.33065019 2.58278678 1.27171029 0.34509804 0.25882353 0.18431373
v 0.98695956 2.23021753 1.06959169 0.14509804 0.11372549 0.11764706
v 0.99555474 2.22267433 1.05751178 0.16470588 0.12941176 0.12549020
v 1.01209116 2.17667074 1.06452331 0.21960784 0.17254902 0.14901961
v 0.84244727 0.21752457 0.61584738 0.23921569 0.18431373 0.15686275
v 0.38015247 2.07811737 0.97785268 0.23921569 0.18039216 0.14901961
v 0.39003149 2.07539846 0.94003966 0.14509804 0.11372549 0.11764706
v 0.37418958 2.08790942 0.94184923 0.18039216 0.14117647 0.13333333
v 0.40658644 2.10093592 0.98609703 0.17254902 0.13333333 0.12941176
v 0.36796280 2.12058120 0.95005965 0.18823529 0.14509804 0.13725490
v 0.35852581 2.09778932 0.97732379 0.22745098 0.17647059 0.14901961
v 0.38009519 2.11485621 0.92482377 0.19607843 0.15294118 0.14117647
v 0.36960015 2.12909637 0.99474233 0.17254902 0.13333333 0.12941176
v 0.36223283 2.10626005 0.95145689 0.21568627 0.16862745 0.14901961
v 0.40605502 2.10787256 0.94723644 0.17254902 0.13333333 0.12941176
v 0.42240935 2.12733918 0.99044065 0.16078431 0.12549020 0.12549020
v 0.40105972 2.11671520 0.96074217 0.15686275 0.12156863 0.12156863
v 0.40142000 2.14085313 0.96561943 0.15686275 0.12156863 0.12156863
v 0.43363800 2.12674809 0.96219047 0.17254902 0.13333333 0.12941176
v 0.44000465 2.09764935 0.99076547 0.20000000 0.15294118 0.13725490
v 0.46343077 2.05269646 0.98166320 0.25882353 0.20000000 0.16470588
v 0.44497680 2.13839646 0.99808923 0.19215686 0.15294118 0.13725490
v 0.92749379 2.23994018 1.03034164 0.16862745 0.13333333 0.12941176
v 0.93676273 2.26368337 1.03994727 0.21568627 0.16862745 0.14509804
v 0.95830259 2.18133318 1.02423718 0.16862745 0.12941176 0.12549020
v 0.97254316 2.21727130 1.03670036 0.14901961 0.11372549 0.11764706
v 0.97707153 2.24481090 1.04569077 0.15686275 0.12156863 0.12156863
v 0.97970243 2.18363186 1.03556416 0.18431373 0.14509804 0.13333333
v 1.00537469 2.19631649 1.05236640 0.18431373 0.14509804 0.13333333
v 0.98084549 2.26788049 1.04770882 0.16470588 0.12941176 0.12549020
v 0.87908701 2.25611582 0.98296830 0.21960784 0.16862745 0.14901961
v 1.09730719 2.18953040 1.12241340 0.14509804 0.11372549 0.11764706
v 1.11833580 2.21287366 1.13427753 0.18039216 0.14117647 0.13333333
v 1.12334084 2.19236406 1.12853415 0.15294118 0.12156863 0.12156863
v 1.13449492 2.21568173 1.13164230 0.19215686 0.15294118 0.14117647
v 1.13971348 2.23781946 1.14442722 0.27058824 0.21176471 0.17254902
v 0.64966477 0.69022547 0.57128591 0.19607843 0.15294118 0.14117647
v 0.97385783 2.50273212 1.12597210 0.23529412 0.18039216 0.15294118
v 0.97009622 2.48735046 1.13565651 0.21176471 0.16470588 0.14509804
v 0.58476412 1.42476438 0.73592853 0.15294118 0.12156863 0.12156863
v 0.13669573 1.96675728 0.93898071 0.20784314 0.16470588 0.14901961
v 0.16626135 2.00774507 0.94923422 0.20784314 0.16078431 0.14509804
v 0.18665990 2.03370229 0.94707734 0.22352941 0.17647059 0.15686275
v 0.19234269 2.00281526 0.94041139 0.20784314 0.16078431 0.14509804
v 1.29023164 1.60498590 1.01484905 0.15686275 0.12156863 0.12156863
v 1.24164815 1.66715706 1.00785895 0.21176471 0.16862745 0.14901961
v 1.30133098 1.65829468 1.03355528 0.20392157 0.16078431 0.14509804
v 1.32251165 1.64754729 1.02963548 0.20392157 0.16078431 0.14509804
v 1.33549423 2.18624629 1.16835587 0.23137255 0.18039216 0.15294118
v 0.67829240 1.17328784 0.79505930 0.16078431 0.12156863 0.12156863
v 0.70528208 1.21375571 0.80899046 0.20000000 0.15686275 0.13725490
v 0.74343493 1.19277387 0.80601891 0.20000000 0.15686275 0.13725490
v 0.13741985 2.01932590 0.81947669 0.23529412 0.18039216 0.14901961
v 0.44968876 0.71025003 0.67578417 0.17254902 0.13333333 0.12941176
v 0.44317190 0.73430321 0.67496280 0.19607843 0.14901961 0.13725490
v 0.47229747 0.72742164 0.67953485 0.16862745 0.12941176 0.12549020
v 0.50304552 0.68951039 0.67395431 0.16078431 0.12549020 0.12156863
v 0.50416664 0.71755885 0.67649425 0.16470588 0.12549020 0.12549020
v 0.51190011 0.71099516 0.66505977 0.17254902 0.13333333 0.12941176
v 0.51976771 0.69191704 0.66240190 0.17647059 0.13725490 0.12941176
v 0.11566579 1.95806769 0.80488081 0.20392157 0.15686275 0.14117647
v 0.76040089 0.68915981 0.69101559 0.22745098 0.17647059 0.15686275
v 0.74294072 0.73200070 0.69029795 0.20392157 0.15686275 0.14117647
v 0.75817827 0.74860890 0.69528839 0.21176471 0.16470588 0.14509804
v 0.78125297 0.69104800 0.69542868 0.19215686 0.14901961 0.13725490
v 0.80433946 0.68955216 0.68841749 0.18823529 0.14509804 0.13725490
v 0.04623454 0.57055829 0.47205284 0.25490196 0.19607843 0.16470588
v 0.49979019 2.70878175 1.09750479 0.23529412 0.18431373 0.15686275
v 0.51147184 2.72037680 1.10871877 0.23529412 0.18431373 0.16470588
v 0.48482289 2.74215156 1.09923173 0.26274510 0.20000000 0.16078431
v 0.54145161 2.68088404 1.10936268 0.23529412 0.18039216 0.14901961
v 0.55461239 2.70080780 1.10678897 0.20000000 0.15294118 0.13725490
v 0.55558199 2.72269091 1.10447385 0.20784314 0.16078431 0.14117647
v 0.56863247 2.69806758 1.09458110 0.17254902 0.13333333 0.12941176
v 0.57667765 2.72228257 1.10652711 0.27058824 0.20784314 0.16862745
v 0.17889404 1.95221579 0.93115805 0.28235294 0.22745098 0.20392157
v 0.22409441 1.96001925 0.93669709 0.26274510 0.21176471 0.18823529
v 0.16821992 2.65097311 1.04445222 0.32549020 0.25882353 0.21176471
v 0.19468522 2.69691600 1.04778482 0.35294118 0.27843137 0.21568627
v 0.18698405 2.68787209 1.08227307 0.30980392 0.24705882 0.20784314
v 1.27610823 1.16046143 0.90345794 0.24313725 0.19607843 0.17254902
v 1.29606110 1.14945695 0.90364907 0.27450980 0.22352941 0.20000000
v 1.31337488 1.14182227 0.89307032 0.25490196 0.20392157 0.18039216
v 0.99976325 0.26345282 0.64414400 0.28235294 0.21960784 0.17647059
v 1.06752702 0.20412546 0.64081844 0.29803922 0.23137255 0.18039216
v 0.45787763 2.76032801 1.09628463 0.27450980 0.21176471 0.16862745
v 0.46752603 2.70806065 1.12742963 0.32156863 0.25098039 0.19607843
v 0.45387304 2.72720081 1.13122838 0.32549020 0.25490196 0.20784314
v 0.48218625 2.73216957 1.10264076 0.28627451 0.21960784 0.16862745
v 0.45191089 1.98168242 0.95658285 0.33333333 0.25882353 0.20392157
v 0.46382249 2.02177683 0.97109745 0.31372549 0.24705882 0.20000000
v 0.42400636 2.03816987 0.96826661 0.34901961 0.26666667 0.19215686
v 0.39942547 1.96442441 0.94882083 0.32156863 0.24705882 0.19215686
v 1.15809213 2.19185091 1.13603572 0.26274510 0.20784314 0.17254902
v 0.41198424 1.19402559 0.76216343 0.29411765 0.23137255 0.18823529
v 0.45791613 1.20227495 0.76979862 0.27058824 0.21568627 0.18431373
v 0.50819851 1.18137230 0.77308238 0.23529412 0.18823529 0.16470588
v 0.35942350 1.99197822 0.84365342 0.30196078 0.23921569 0.19607843
v 0.41366192 1.88734436 0.82653399 0.27058824 0.21568627 0.18431373
v 1.22525728 0.31931053 0.60227616 0.30196078 0.23529412 0.18823529
v 1.27124023 0.30489000 0.59758120 0.30196078 0.23921569 0.19607843
v 1.28531393 0.29717699 0.57519091 0.28627451 0.22352941 0.18039216
v 0.22242431 1.98803281 0.94254400 0.26666667 0.21176471 0.18431373
v 0.23221763 1.98187153 0.93035549 0.27843137 0.21960784 0.18431373
v 0.25932110 1.97858620 0.93671899 0.28627451 0.23137255 0.20392157
v 1.24872257 2.12188328 1.13548117 0.27058824 0.21568627 0.18823529
v 1.27812747 2.14233145 1.14697029 0.30196078 0.23921569 0.19607843
v 1.23732233 2.14845314 1.14193601 0.29803922 0.22745098 0.18039216
v 1.27892012 2.10433698 1.13348028 0.25882353 0.20392157 0.17647059
v 1.33123869 2.11065449 1.14910489 0.25882353 0.20000000 0.16078431
v 0.15988650 1.90534718 0.91683555 0.24705882 0.19215686 0.16862745
v 0.19329815 1.96184692 0.91701942 0.25490196 0.19607843 0.16470588
v 0.19411137 1.93869344 0.90725327 0.23529412 0.18431373 0.16078431
v 0.20685939 1.92296153 0.92041022 0.25882353 0.20392157 0.18039216
v 0.90259481 2.27170354 1.03853918 0.27450980 0.21568627 0.17647059
v 0.91158562 2.21508557 1.02289579 0.20392157 0.16078431 0.14509804
v 0.32215807 1.91370394 0.93791921 0.25882353 0.20392157 0.17647059
v 0.28486470 1.96774929 0.94315984 0.29019608 0.23529412 0.20784314
v 0.34259758 1.95552513 0.94854329 0.31764706 0.25098039 0.20784314
v 0.88539547 2.26797182 1.04445319 0.24313725 0.19607843 0.17254902
v 0.86642341 2.27569733 1.03421319 0.33725490 0.26274510 0.20000000
v 0.75703140 1.07855043 0.72017975 0.30196078 0.24705882 0.21960784
v 0.75328138 1.06886364 0.74492045 0.30196078 0.24705882 0.21176471
v 0.73174625 1.09456200 0.74785320 0.24705882 0.19607843 0.17647059
v 0.77242239 1.08241821 0.75418682 0.30196078 0.24705882 0.21568627
v 0.76724339 1.10432602 0.75469012 0.30196078 0.23921569 0.19215686
v 0.74486630 1.11744754 0.72961767 0.30588235 0.24313725 0.20000000
v 0.77602895 1.12170608 0.73596579 0.29411765 0.23137255 0.19215686
v 0.78834816 1.05504494 0.71880614 0.27058824 0.21568627 0.18431373
v 0.77822470 1.06360015 0.73922460 0.30196078 0.24705882 0.21568627
v 0.79656282 1.07357814 0.72563686 0.30588235 0.25490196 0.23137255
v 0.82099257 1.09529081 0.73221573 0.29803922 0.23529412 0.19215686
v 0.78930664 1.13137204 0.69308839 0.29411765 0.22745098 0.17647059
v 0.80286047 1.07601359 0.74295376 0.30588235 0.25490196 0.23137255
v 0.81119490 1.06214902 0.72721769 0.30588235 0.25490196 0.23137255
v 0.80804336 1.05597429 0.76473525 0.26666667 0.21176471 0.18039216
v 0.87419899 1.15586886 0.71001541 0.31372549 0.23921569 0.17647059
v 0.82852311 1.05660593 0.73324171 0.25882353 0.20392157 0.17647059
v 0.83173935 1.07687315 0.72992224 0.27843137 0.22352941 0.20000000
v 0.82159199 1.09770275 0.75341300 0.29019608 0.21960784 0.17254902
v 0.97081925 1.03598443 0.69346067 0.30196078 0.23529412 0.18823529
v 0.95061914 1.06014800 0.75126909 0.30196078 0.23921569 0.19607843
v 0.98343810 1.05726500 0.75018178 0.30196078 0.24313725 0.20784314
v 1.00329555 1.07219632 0.75572309 0.30196078 0.24705882 0.21568627
v 1.00912952 1.09064172 0.76089340 0.30196078 0.23921569 0.19607843
v 0.32925654 1.49921228 0.81872018 0.26666667 0.21176471 0.18823529
v 0.30138685 1.54191643 0.82706352 0.27843137 0.22352941 0.19215686
v 0.30605848 1.53024620 0.83652651 0.27450980 0.21960784 0.18823529
v 0.29744252 1.54955528 0.84017068 0.23921569 0.18823529 0.16862745
v 0.33924653 1.52536773 0.82740057 0.29019608 0.23921569 0.21568627
v 0.33952031 1.54833407 0.84094825 0.28627451 0.23137255 0.20784314
v 0.35077466 1.55192861 0.83430354 0.29019608 0.23529412 0.21176471
v 0.34038435 1.57317312 0.84429566 0.24705882 0.20000000 0.18039216
v 0.33866369 1.56433026 0.83300550 0.27058824 0.21960784 0.19607843
v 0.37030550 1.53444427 0.83676007 0.28627451 0.23137255 0.20784314
v 0.37835294 1.51434341 0.83599579 0.29019608 0.23529412 0.21176471
v 0.37334468 1.49275387 0.83059038 0.28235294 0.22745098 0.20392157
v 0.37234910 1.56457286 0.84730494 0.26666667 0.21568627 0.19215686
v 1.12282627 2.52123009 1.20001906 0.20392157 0.16078431 0.14509804
v 1.15733215 2.53617107 1.21784520 0.30980392 0.24313725 0.20000000
v 1.15935780 2.54124995 1.20100599 0.27450980 0.21960784 0.18823529
v 1.14531535 2.57256776 1.22116274 0.32549020 0.26274510 0.21568627
v 1.15476435 2.56032703 1.21099711 0.30588235 0.25490196 0.23137255
v 1.14848469 2.57869628 1.20520213 0.29019608 0.23921569 0.21568627
v 1.16984945 2.57243335 1.19343948 0.27450980 0.21176471 0.17647059
v 1.16976768 2.56189202 1.17618445 0.30196078 0.23137255 0.17647059
v 0.10328340 0.78570274 0.62266093 0.30196078 0.23529412 0.18431373
v 0.11471555 0.84462138 0.64223131 0.30196078 0.24313725 0.20392157
v 0.14112788 0.88267535 0.65914253 0.28235294 0.22352941 0.18823529
v 0.16798458 0.82399168 0.64568587 0.28627451 0.23137255 0.19607843
v 0.20778252 0.86995467 0.66800619 0.26666667 0.21176471 0.18431373
v 1.06293215 1.01960505 0.70175421 0.28235294 0.22352941 0.18431373
v 1.19904331 1.56785744 0.86060010 0.30196078 0.23921569 0.19607843
v 1.11137166 1.50883507 0.83222103 0.31764706 0.24705882 0.19215686
v 1.23577472 1.51867676 0.86647132 0.29803922 0.23137255 0.18431373
v 1.24957446 1.59263268 0.89364348 0.28627451 0.22352941 0.18039216
v 1.07003121 2.03341642 1.08188477 0.27843137 0.22745098 0.20000000
v 1.09008708 1.95757373 1.05670960 0.28627451 0.23137255 0.19607843
v 1.11667641 2.09632557 1.10918477 0.27450980 0.21568627 0.18039216
v 1.13792931 1.98853082 1.07232711 0.30588235 0.25490196 0.23137255
v 1.16422321 2.05312056 1.10117559 0.27843137 0.22352941 0.19215686
v 1.15933024 2.02112562 1.08821841 0.29411765 0.23921569 0.21176471
v 0.45279759 2.19559070 1.02809418 0.27058824 0.21960784 0.19215686
v 0.41751112 2.18717768 1.02045803 0.30980392 0.23921569 0.18823529
v 0.46083116 2.21619218 1.03780107 0.24705882 0.20000000 0.17647059
v 0.41638240 2.21262893 1.03091494 0.31764706 0.25098039 0.20000000
v 0.44642513 2.23990694 1.04596375 0.28627451 0.22745098 0.20000000
v 0.44534255 2.24515198 1.03105725 0.29019608 0.23137255 0.19607843
v 0.43415608 2.26396346 1.05036369 0.28235294 0.21960784 0.18039216
v 0.45252895 2.26005628 1.03477846 0.27843137 0.21568627 0.18039216
v 0.47575935 2.23244645 1.03708924 0.28235294 0.22745098 0.20392157
v 0.48779261 2.24677058 1.03682108 0.25490196 0.20000000 0.17647059
v 0.24951002 0.90574039 0.68618648 0.29803922 0.22745098 0.17647059
v 0.34624395 0.91055225 0.70713604 0.25490196 0.19607843 0.15686275
v 1.10807974 1.11522321 0.83611754 0.25490196 0.20000000 0.16862745
v 1.17458917 1.12862779 0.84888941 0.24313725 0.19215686 0.16470588
v 1.08265714 2.26393051 1.01549463 0.26666667 0.20784314 0.16862745
v 1.17623307 2.26872017 1.03736810 0.29019608 0.22352941 0.17254902
v 0.33200866 2.44090680 1.07791120 0.32156863 0.24313725 0.17647059
v 0.34917490 2.43138795 1.07669445 0.31372549 0.24313725 0.18823529
v 0.37680135 2.42872506 1.07227148 0.28235294 0.21568627 0.17647059
v 0.38618841 2.46063227 1.07799478 0.30980392 0.23921569 0.18823529
v 0.38095530 2.47749753 1.07800177 0.25882353 0.20392157 0.17647059
v 1.27601471 1.25946045 0.92474106 0.27843137 0.21960784 0.18823529
v 1.30308802 1.25715271 0.92864832 0.30196078 0.24313725 0.20784314
v 1.31759760 1.21099751 0.90560509 0.29019608 0.23529412 0.21176471
v 1.31756137 1.26140405 0.91825813 0.30196078 0.23921569 0.20000000
v 1.31383578 1.22377014 0.86730957 0.26274510 0.21176471 0.18039216
v 1.00258316 1.02629835 0.75210761 0.30196078 0.23529412 0.18823529
v 1.00246779 1.05379086 0.75594906 0.30196078 0.24705882 0.21568627
v 1.11951434 1.07797930 0.72552922 0.29803922 0.22745098 0.18039216
v 1.04207149 1.05189028 0.75751879 0.30196078 0.23921569 0.19607843
v 0.67046835 0.76098865 0.58299319 0.23529412 0.18431373 0.16078431
v 0.70363613 0.85556650 0.60901459 0.26274510 0.20392157 0.17254902
v 0.50575843 0.20976496 0.55625414 0.29411765 0.22745098 0.18039216
v 0.56214905 0.21633188 0.54261818 0.32549020 0.24705882 0.18431373
v 0.54778676 0.23995742 0.51959915 0.29803922 0.23137255 0.18039216
v 0.71072055 0.81756867 0.68675057 0.27058824 0.21568627 0.18431373
v 0.69706712 0.84407498 0.68436806 0.30196078 0.23921569 0.20000000
v 0.71404990 0.88181308 0.70274888 0.30196078 0.23921569 0.20000000
v 0.75430316 0.85357400 0.69853188 0.30196078 0.24705882 0.21176471
v 0.75448968 0.81253688 0.69627712 0.27058824 0.21176471 0.17647059
v 0.51267846 0.23368023 0.57044343 0.32156863 0.24705882 0.18431373
v 1.31239926 0.98615207 0.83637395 0.23921569 0.18823529 0.16078431
v 0.63034518 1.03622805 0.74867345 0.24705882 0.19215686 0.16470588
v 0.70405374 1.03459901 0.75213717 0.25882353 0.20392157 0.16862745
v 0.97576498 1.09024094 0.80695226 0.25490196 0.20000000 0.16470588
v 0.94274864 1.12099996 0.80970872 0.29803922 0.23137255 0.18039216
v 0.65798419 2.22760242 1.06408090 0.25490196 0.20000000 0.16862745
v 0.65555625 2.21908050 1.05292864 0.27450980 0.21568627 0.17647059
v 0.66232065 2.20339177 1.05324205 0.27843137 0.21960784 0.18039216
v 0.67421765 2.22299704 1.05949824 0.29019608 0.22745098 0.18039216
v 0.68457448 2.24836050 1.06302120 0.30980392 0.25490196 0.21960784
v 0.67737215 2.21963381 1.03616315 0.30196078 0.23529412 0.18431373
v 0.67471313 2.18364910 1.05155472 0.25882353 0.20000000 0.16862745
v 0.68595490 2.23734819 1.03759382 0.30196078 0.23529412 0.18431373
v 0.69043280 2.23191494 1.02948118 0.30196078 0.23529412 0.18431373
v 0.72312567 2.24013946 1.06579102 0.27843137 0.22352941 0.18823529
v 0.70477047 2.20978014 1.05718935 0.26274510 0.20392157 0.16862745
v 0.70102234 2.25269586 1.04046277 0.29019608 0.22745098 0.18039216
v 0.57307170 2.64450250 1.09670063 0.30980392 0.23921569 0.18431373
v 0.56804947 2.65560782 1.10606847 0.30980392 0.23921569 0.18431373
v 0.58284138 2.65818717 1.12590320 0.32549020 0.24705882 0.18431373
v 0.55997417 2.66803702 1.11517769 0.30196078 0.23529412 0.18431373
v 0.55811799 2.66687071 1.08833665 0.34509804 0.25882353 0.18431373
v 0.58493090 2.66795422 1.11104061 0.30196078 0.23529412 0.18431373
v 0.57945690 2.68669837 1.10835447 0.29019608 0.22352941 0.17647059
v 0.58022354 2.63153835 1.09422627 0.30196078 0.23529412 0.18431373
v 0.58349226 2.68660720 1.13432416 0.29019608 0.22745098 0.18039216
v 0.59378486 2.63526912 1.10343572 0.32549020 0.25490196 0.19607843
v 0.59292727 2.68400216 1.12028189 0.30980392 0.23921569 0.18039216
v 0.60486900 2.65875752 1.09909071 0.31764706 0.24313725 0.18431373
v 0.60528097 2.64013630 1.12559819 0.33725490 0.25490196 0.18431373
v 0.60532827 2.66062136 1.11752923 0.34509804 0.25882353 0.18431373
v 0.61225760 2.64254503 1.08675458 0.30196078 0.23529412 0.18431373
v 0.77208031 2.61483994 1.17911938 0.31764706 0.24313725 0.18431373
v 0.74976877 2.64865988 1.14508202 0.37647059 0.28235294 0.18823529
v 0.76864724 2.65147402 1.18862688 0.29803922 0.22745098 0.17647059
v 0.77972251 2.67319023 1.16401883 0.30196078 0.23137255 0.18039216
v 0.78171211 2.62618148 1.16427239 0.30196078 0.23529412 0.18431373
v 0.79280650 2.65060334 1.14996637 0.30196078 0.23137255 0.18039216
v 0.79063102 2.63559307 1.16618539 0.30196078 0.23529412 0.18431373
v 0.78622161 2.70294085 1.17633063 0.32549020 0.27058824 0.23137255
v 0.79813832 2.64723058 1.16397271 0.30196078 0.23529412 0.18431373
v 0.80866953 2.63797237 1.14947179 0.28627451 0.22352941 0.18039216
v 0.80840301 2.62703147 1.17196706 0.30196078 0.23529412 0.18431373
v 0.80612083 2.65805241 1.16144438 0.28627451 0.21960784 0.17647059
v 0.82228893 2.62936369 1.16147558 0.29411765 0.22745098 0.18039216
v 0.82230266 2.64248920 1.14285289 0.25882353 0.20392157 0.17647059
v 0.82402375 2.65599526 1.15800538 0.27450980 0.21568627 0.17647059
v 0.82561824 2.63427118 1.16957936 0.29411765 0.22745098 0.18039216
v 0.33584820 1.03584290 0.72263315 0.25882353 0.20000000 0.16862745
v 0.30381119 1.06736029 0.72323968 0.24705882 0.19215686 0.15686275
v 0.37309330 0.99910316 0.72490549 0.26274510 0.20000000 0.16470588
v 0.84917137 0.75880382 0.74756742 0.27843137 0.21960784 0.18039216
v 0.88056569 0.75362824 0.76788464 0.29411765 0.22745098 0.17647059
v 0.87319665 0.76084576 0.75403482 0.29411765 0.22745098 0.17647059
v 0.87534598 0.80283566 0.75574821 0.29411765 0.22745098 0.17647059
v 0.84959584 0.77003308 0.73619668 0.28235294 0.21960784 0.18039216
v 0.89910131 0.84596929 0.76198898 0.30196078 0.23529412 0.18823529
v 0.93557796 1.86367820 0.89757533 0.22352941 0.17647059 0.15686275
v 0.09179688 1.35284852 0.64927751 0.28627451 0.21960784 0.17254902
v 0.08823589 1.42909443 0.68194060 0.27843137 0.21568627 0.17254902
v 0.07947726 1.29438019 0.68577225 0.24705882 0.19215686 0.16078431
v 0.08942425 1.46244431 0.70728269 0.27843137 0.21568627 0.17254902
v 0.14113756 1.41793123 0.67819089 0.29019608 0.22352941 0.17647059
v 0.13403320 1.51338473 0.69263412 0.29411765 0.22745098 0.17647059
v 0.13610840 1.31615674 0.66006469 0.28627451 0.21960784 0.17647059
v 1.04930065 1.82409357 1.00139585 0.29803922 0.23137255 0.18039216
v 0.56485217 0.99372464 0.73247475 0.25098039 0.19215686 0.16078431
v 0.60768788 0.97680124 0.73316154 0.29019608 0.22352941 0.17254902
v 0.63016144 1.00634312 0.74133531 0.28235294 0.21960784 0.17647059
v 0.62990733 1.02593658 0.71328927 0.27843137 0.21960784 0.18039216
v 0.64890868 1.05206496 0.72199513 0.28235294 0.21960784 0.18039216
v 0.10605843 2.11671667 0.96090878 0.30588235 0.23137255 0.16862745
v 0.11793651 2.14628279 0.98458423 0.37647059 0.28235294 0.18823529
v 0.34966258 0.60159072 0.63055124 0.22745098 0.17647059 0.15294118
v 0.36609954 0.55442745 0.61662178 0.22352941 0.17647059 0.15294118
v 0.39103161 0.58234708 0.62798300 0.23529412 0.18039216 0.15294118
v 0.05983848 0.38267018 0.44923443 0.29803922 0.23137255 0.18039216
v 0.05517578 0.45624854 0.42897282 0.24705882 0.19215686 0.16470588
v 0.06537277 0.38650963 0.41620182 0.25882353 0.20000000 0.16862745
v 0.99438327 1.00377893 0.75975300 0.28235294 0.21960784 0.17647059
v 0.99981470 1.01445885 0.77204816 0.29803922 0.23137255 0.18039216
v 0.99113047 1.03927225 0.76410628 0.29803922 0.23137255 0.18039216
v 1.01177154 1.06691248 0.77845857 0.29411765 0.22745098 0.17647059
v 0.98271279 1.06864414 0.77250282 0.29019608 0.22352941 0.17254902
v 1.03129740 1.03149665 0.78431467 0.30196078 0.23529412 0.18431373
v 1.02674800 0.99163032 0.77220959 0.30588235 0.23529412 0.18039216
v 1.03361000 1.06603961 0.76855829 0.29803922 0.23137255 0.18039216
v 1.02962892 1.07108814 0.79579737 0.26666667 0.20392157 0.16470588
v 1.05906358 1.03124235 0.79507786 0.32549020 0.24705882 0.18431373
v 1.05768536 1.05626400 0.79992482 0.25882353 0.20000000 0.16862745
v 1.05499401 1.07173495 0.76418134 0.27058824 0.20784314 0.16862745
v 1.08081609 1.05898991 0.77509520 0.25882353 0.20000000 0.16078431
v 1.07749808 1.03885587 0.80583955 0.31372549 0.23921569 0.18039216
v 0.07044010 1.00558472 0.63919067 0.27843137 0.21568627 0.17254902
v 0.06702406 1.02205091 0.68181538 0.24313725 0.18823529 0.16078431
v 0.07255330 1.10339355 0.67729319 0.24313725 0.18823529 0.15686275
v 0.07001130 1.09030814 0.63431522 0.26666667 0.20784314 0.16862745
v 0.06019468 0.98484421 0.60216655 0.28627451 0.21960784 0.16862745
v 1.09480881 0.87557705 0.81527858 0.27058824 0.20784314 0.16862745
v 0.70831933 0.97485312 0.64118977 0.27450980 0.21176471 0.17254902
v 0.74149266 1.06361110 0.66721019 0.27058824 0.20784314 0.16862745
v 0.90298405 0.50064238 0.55228411 0.32549020 0.24705882 0.18431373
v 0.66231683 1.01928273 0.71603748 0.30196078 0.23529412 0.18431373
v 0.64811139 1.07579464 0.70704902 0.30196078 0.23529412 0.18431373
v 0.67419483 1.03081656 0.69763316 0.30196078 0.23529412 0.18431373
v 0.64465182 0.98801346 0.70642500 0.29019608 0.22352941 0.17254902
v 0.65914069 1.00037607 0.69172130 0.28627451 0.21960784 0.16862745
v 0.66832032 1.01050078 0.74319580 0.29411765 0.22745098 0.17647059
v 0.66108113 1.07746860 0.73223254 0.21960784 0.17254902 0.14901961
v 0.67961150 1.00175736 0.69270564 0.29803922 0.23137255 0.18039216
v 0.67452655 0.98541738 0.71196685 0.29019608 0.22352941 0.17254902
v 0.68212319 1.05616905 0.72973281 0.27843137 0.21568627 0.17254902
v 0.70667898 1.04842810 0.70707621 0.30196078 0.23529412 0.18431373
v 0.70109916 1.07553252 0.71289803 0.31372549 0.24313725 0.19215686
v 0.69497483 1.03409018 0.71854458 0.30196078 0.23529412 0.18431373
v 0.69692006 1.01075149 0.71444269 0.30196078 0.23529412 0.18431373
v 0.69877916 0.99012126 0.73689167 0.29019608 0.22352941 0.17254902
v 0.93040523 1.06295414 0.77842958 0.22745098 0.17647059 0.15294118
v 0.94898207 1.08209218 0.79447686 0.28235294 0.21960784 0.17647059
v 0.92014603 1.10268764 0.79732182 0.29411765 0.22745098 0.17647059
v 0.94479049 1.13276735 0.76924910 0.25098039 0.19607843 0.16862745
v 0.92236356 1.12426725 0.76515791 0.24705882 0.19215686 0.16470588
v 0.95557707 1.06393582 0.77543446 0.28627451 0.21960784 0.16862745
v 0.98409583 1.07439216 0.78604177 0.27058824 0.20784314 0.16470588
v 0.96631121 1.04789962 0.76373906 0.29411765 0.22745098 0.17647059
v 1.00541318 1.09165214 0.79802789 0.25490196 0.19607843 0.16078431
v 0.72455085 1.05517172 0.73865458 0.28235294 0.22352941 0.18039216
v 0.70394363 0.99468966 0.69937766 0.29411765 0.22745098 0.17647059
v 0.71551856 1.00857118 0.71872162 0.29803922 0.23137255 0.18039216
v 0.71803035 1.03651508 0.70969644 0.30196078 0.23529412 0.18431373
v 0.72511114 1.01014975 0.70602958 0.29411765 0.22745098 0.17647059
v 0.72784213 1.02261011 0.72139870 0.30196078 0.23529412 0.18431373
v 0.73299617 1.03467294 0.72709534 0.29803922 0.23137255 0.18039216
v 0.73289356 1.00850911 0.74456675 0.27843137 0.21960784 0.18039216
v 0.74120268 1.00704486 0.72315869 0.29803922 0.23137255 0.18039216
v 0.74623383 1.02980147 0.71571618 0.30196078 0.23529412 0.18431373
v 0.74889886 1.04889869 0.71503770 0.29019608 0.22745098 0.18431373
v 0.75733019 0.99954673 0.73638881 0.26666667 0.20784314 0.16862745
v 0.76571748 1.01106357 0.72689004 0.25490196 0.19607843 0.16470588
v 0.76608141 1.03875159 0.73063055 0.27058824 0.20784314 0.16862745
v 1.06871722 0.86248253 0.79295945 0.29411765 0.22745098 0.17647059
v 1.09941822 0.88702393 0.77971935 0.29019608 0.22352941 0.17254902
v 1.03268541 0.93043180 0.76410990 0.30588235 0.23529412 0.18039216
v 1.11215468 0.87559638 0.79738526 0.25098039 0.19215686 0.15686275
v 0.38293266 0.34486949 0.56286952 0.24705882 0.18823529 0.15686275
v 0.42585689 0.27625847 0.56199428 0.29803922 0.23137255 0.18039216
v 0.44398940 0.33127642 0.57048547 0.29019608 0.21960784 0.16862745
v 0.49977711 1.83217041 0.93293953 0.26274510 0.20392157 0.16862745
v 0.55447123 1.81858568 0.93411882 0.31372549 0.25490196 0.21176471
v 0.53419746 1.86612480 0.94156621 0.29411765 0.22745098 0.17647059
v 0.54694298 1.84130929 0.93828702 0.28627451 0.21960784 0.16862745
v 0.57986372 1.86730599 0.94872317 0.29411765 0.22745098 0.17647059
v 0.60583176 0.35735269 0.48749898 0.28235294 0.21960784 0.17254902
v 0.62358414 0.36855552 0.49252465 0.24313725 0.18823529 0.16078431
v 0.67305350 0.36924233 0.49478534 0.25882353 0.20000000 0.16862745
v 0.71736642 0.34669317 0.49681537 0.27843137 0.21960784 0.17647059
v 0.74774170 0.61776274 0.57029429 0.27058824 0.21176471 0.16862745
v 0.86067927 0.60493263 0.58148082 0.25490196 0.20000000 0.16470588
v 1.30110278 0.94061994 0.78177251 0.25882353 0.20000000 0.16862745
v 1.32043234 0.95865438 0.79359358 0.27058824 0.21176471 0.17647059
v 0.81650444 1.22304810 0.81717777 0.29411765 0.22745098 0.17647059
v 0.80595243 1.25704641 0.82573810 0.27843137 0.21176471 0.16862745
v 0.50268280 0.98390962 0.72337726 0.22745098 0.17647059 0.14901961
v 0.47666168 1.01922996 0.72766726 0.22352941 0.17254902 0.14901961
v 0.57741041 0.95551189 0.72836210 0.25490196 0.19607843 0.16078431
v 1.25657883 2.70321683 1.24272630 0.23529412 0.18039216 0.15294118
v 0.84293879 0.35814232 0.68585038 0.32156863 0.24313725 0.17647059
v 0.86225959 0.39338424 0.71890968 0.27058824 0.20784314 0.16862745
v 0.89181827 0.34222492 0.72018833 0.29411765 0.22352941 0.17254902
v 0.10336372 1.54821275 0.70140713 0.27058824 0.20784314 0.16470588
v 0.39816979 2.25856889 1.02369910 0.29411765 0.22745098 0.17254902
v 0.38687214 2.26905696 1.00373339 0.29803922 0.22745098 0.17254902
v 0.40049367 2.28233994 1.04424560 0.29411765 0.22745098 0.17647059
v 0.39351473 2.29241220 1.02731140 0.29803922 0.23137255 0.17647059
v 0.37937298 2.29776286 1.04565717 0.31372549 0.23921569 0.18039216
v 0.41172776 2.24457320 1.04030677 0.31372549 0.24313725 0.18431373
v 0.39777203 2.31926102 1.01911216 0.29803922 0.22745098 0.17647059
v 0.40599594 2.31372623 1.04995514 0.29411765 0.22745098 0.17254902
v 0.41207230 2.30525691 1.02484788 0.29411765 0.22352941 0.17254902
v 0.41411617 2.28259804 1.01607681 0.30588235 0.23137255 0.17254902
v 0.41429091 2.28100119 1.03359111 0.28627451 0.21960784 0.16862745
v 0.42126074 2.32562972 1.03490064 0.26274510 0.20392157 0.16470588
v 0.41128820 2.28971831 0.98894542 0.33333333 0.25490196 0.18039216
v 0.42299667 2.31148574 1.04253273 0.27450980 0.21176471 0.16862745
v 0.41891179 2.25437609 1.02790814 0.29019608 0.22352941 0.17254902
v 0.42672887 2.30263511 1.05538111 0.29019608 0.21960784 0.17254902
v 0.43328711 2.27239117 1.03557126 0.29803922 0.23137255 0.18039216
v 0.43555704 2.27500460 1.00752502 0.34509804 0.25882353 0.18431373
v 0.43731786 2.32834985 1.02431602 0.27843137 0.21176471 0.16470588
v 0.44972260 2.29580887 1.04504756 0.25098039 0.19215686 0.16078431
v 0.44648169 2.34886123 1.07386781 0.24313725 0.18823529 0.15686275
v 0.80068796 0.53608964 0.54315797 0.25490196 0.19607843 0.16470588
v 0.59406998 0.94985990 0.69220896 0.28627451 0.21960784 0.16862745
v 0.59631462 0.93020878 0.72590140 0.29019608 0.22352941 0.17254902
v 0.60755839 0.94304456 0.69690718 0.28627451 0.21960784 0.16862745
v 0.62871052 0.95840161 0.70398639 0.28627451 0.21960784 0.16862745
v 0.65176713 0.96815406 0.73246250 0.28627451 0.21960784 0.16862745
v 0.63817457 0.93398164 0.69928395 0.28627451 0.21960784 0.16862745
v 0.63926784 0.91553464 0.72338841 0.29019608 0.22352941 0.17254902
v 0.63590322 0.94277348 0.68020816 0.28627451 0.21960784 0.16862745
v 1.18545320 0.78356345 0.85349284 0.28627451 0.21960784 0.16862745
v 1.18451474 0.74096680 0.86206174 0.28627451 0.21960784 0.16862745
v 1.17715486 0.82032025 0.84499239 0.28235294 0.21960784 0.17254902
v 1.21121346 0.74269104 0.82712763 0.29019608 0.22352941 0.17254902
v 1.23247176 0.74199475 0.80706958 0.28235294 0.21960784 0.17254902
v 0.99818381 1.38853725 0.78568599 0.25490196 0.19607843 0.16078431
v 0.95732299 1.43997674 0.79416795 0.29803922 0.22745098 0.17647059
v 0.97810358 1.51407008 0.81539792 0.27843137 0.21568627 0.17647059
v 1.03234241 1.08936870 0.76842355 0.29803922 0.23137255 0.18039216
v 1.02463877 1.09534929 0.78673605 0.28627451 0.21960784 0.16862745
v 1.04015719 1.09634495 0.79856010 0.28627451 0.21960784 0.16862745
v 1.08328898 1.07186041 0.78435712 0.26274510 0.20392157 0.16862745
v 0.06272164 0.81972397 0.63605670 0.29411765 0.22745098 0.17647059
v 0.06531819 0.87366177 0.64537197 0.25882353 0.20000000 0.16470588
v 0.10454734 0.89904240 0.65911274 0.25098039 0.19607843 0.16470588
v 0.19757549 0.91738608 0.67853438 0.27058824 0.21176471 0.17254902
v 0.64898627 0.95992456 0.69513670 0.28627451 0.21960784 0.16862745
v 0.66554058 0.94231536 0.70611631 0.28627451 0.21960784 0.16862745
v 0.65084883 0.96125610 0.68133973 0.28627451 0.21960784 0.16862745
v 0.66084965 0.96355070 0.70869313 0.28627451 0.21960784 0.16862745
v 0.65909981 0.93849225 0.69426690 0.28627451 0.21960784 0.16862745
v 0.67477262 0.95244283 0.72757887 0.28627451 0.21960784 0.16862745
v 0.67713960 0.96885820 0.68433494 0.28627451 0.21960784 0.16862745
v 0.68315287 0.93580505 0.68988145 0.28627451 0.21960784 0.16862745
v 0.69547953 0.97523761 0.69723209 0.28627451 0.21960784 0.16862745
v 0.69427328 0.98874062 0.72469198 0.29019608 0.22352941 0.17254902
v 0.69311746 0.94819490 0.70405258 0.28627451 0.21960784 0.16862745
v 0.70053039 0.93723627 0.73036382 0.29411765 0.22745098 0.17647059
v 0.69493935 0.96268422 0.69779696 0.28627451 0.21960784 0.16862745
v 0.69593097 0.96969137 0.71124804 0.28627451 0.21960784 0.16862745
v 0.70647598 0.97197999 0.72439616 0.28627451 0.21960784 0.16862745
v 1.13696561 2.58653901 1.10550091 0.30196078 0.23137255 0.18039216
v 0.59965014 2.10391366 1.02108438 0.24705882 0.19215686 0.16078431
v 0.56460066 2.66025313 1.14724930 0.29411765 0.22352941 0.17254902
v 0.58698469 2.68484208 1.15448084 0.31372549 0.23921569 0.18039216
v 0.59966158 2.62234239 1.14049631 0.30196078 0.22745098 0.17254902
v 0.60217929 2.66544185 1.15459401 0.31372549 0.23921569 0.18039216
v 0.60121659 2.67979955 1.13787342 0.29803922 0.22745098 0.17647059
v 0.60679907 2.69101615 1.15521113 0.28235294 0.21960784 0.17254902
v 0.62896179 0.92897347 0.68665664 0.28627451 0.21960784 0.16862745
v 0.40566620 0.74819452 0.67156045 0.25490196 0.20392157 0.18039216
v 0.39782289 0.77250579 0.67475638 0.25490196 0.20000000 0.17647059
v 0.42044191 0.73347626 0.67571527 0.21960784 0.17254902 0.15294118
v 1.14744949 1.93290938 1.05082268 0.30980392 0.24705882 0.20784314
v 0.86045317 0.93309245 0.73412587 0.27058824 0.21568627 0.18823529
v 0.89152718 0.97254210 0.73596542 0.30588235 0.25490196 0.23137255
v 0.86611385 0.97591156 0.73773402 0.26666667 0.21568627 0.19215686
v 0.86755155 0.99983461 0.73335861 0.26274510 0.20784314 0.18431373
v 0.88321630 0.99909613 0.73986785 0.30588235 0.25490196 0.23137255
v 0.90069608 1.01405796 0.73438197 0.27058824 0.21960784 0.19215686
v 0.93320831 0.95580162 0.74341165 0.29019608 0.23529412 0.21176471
v 0.92019807 1.00430057 0.74086504 0.25882353 0.20784314 0.18431373
v 0.95365757 0.99557436 0.74346240 0.28627451 0.23137255 0.19607843
v 0.94734498 1.01620365 0.73559381 0.28235294 0.22352941 0.18431373
v 0.96769000 0.91732357 0.75405682 0.28627451 0.22745098 0.19215686
v 0.48148852 2.19467984 0.98004861 0.23137255 0.18039216 0.15686275
v 0.79228210 0.96664125 0.65400504 0.27843137 0.21568627 0.17647059
v 0.11132812 0.89892578 0.56194526 0.27058824 0.22352941 0.20000000
v 0.30576831 1.75674239 0.78457140 0.29019608 0.23137255 0.20000000
v 0.37924010 1.74579993 0.78352378 0.29019608 0.23529412 0.20784314
v 0.29133606 1.79099771 0.80400584 0.28627451 0.23137255 0.19607843
v 0.42283630 1.75363435 0.79899658 0.27058824 0.21568627 0.18431373
v 0.13558620 0.84526328 0.54512055 0.30196078 0.25098039 0.21960784
v 0.53249783 0.86600696 0.72423337 0.25490196 0.20392157 0.18431373
v 0.56967163 0.90161133 0.72372622 0.27058824 0.21568627 0.18431373
v 0.58384335 0.87435611 0.72468015 0.30196078 0.24705882 0.21176471
v 1.05676851 1.69995583 0.87703766 0.25490196 0.20392157 0.18039216
v 1.10629803 1.67236751 0.87174365 0.25490196 0.20392157 0.18039216
v 1.15448638 1.69188471 0.89494007 0.25490196 0.20392157 0.18039216
v 0.72882342 0.69131961 0.69722009 0.26274510 0.20784314 0.17647059
v 0.79118133 1.42551041 0.85590997 0.24705882 0.19607843 0.17254902
v 0.80597498 1.45361879 0.86844567 0.26666667 0.21568627 0.19215686
v 0.82727921 1.48845151 0.88959945 0.25882353 0.20392157 0.17254902
v 0.85960928 1.43834242 0.87414443 0.26666667 0.21176471 0.18823529
v 0.88049073 1.43750743 0.78044755 0.30196078 0.23137255 0.18039216
v 1.07247262 1.49284485 0.92036461 0.28627451 0.23137255 0.20784314
v 1.06939179 1.52398995 0.92996730 0.27843137 0.22352941 0.20000000
v 1.08843759 1.54708579 0.94333397 0.25490196 0.20000000 0.17254902
v 1.11401442 1.48562409 0.92774767 0.30588235 0.25490196 0.23137255
v 1.11532132 1.52675642 0.94274712 0.28235294 0.22745098 0.20392157
v 1.13842776 1.49931250 0.93764731 0.28627451 0.23137255 0.19607843
v 0.64734947 2.60499746 1.10752188 0.34509804 0.25882353 0.18431373
v 0.61910117 2.60380179 1.10255704 0.32941176 0.25490196 0.20000000
v 0.85995232 2.77280096 1.08846058 0.30588235 0.25490196 0.23137255
v 0.88407869 2.75201633 1.06882247 0.28235294 0.22745098 0.20392157
v 0.88062193 2.79993008 1.10068198 0.28235294 0.22745098 0.20392157
v 0.87726556 2.76397445 1.09131629 0.27058824 0.21960784 0.19215686
v 0.11533481 2.30891705 1.01887786 0.36078431 0.27058824 0.18431373
v 1.15728367 1.80006385 0.92281193 0.27843137 0.21960784 0.18431373
v 1.18301560 1.86039175 0.93250323 0.27843137 0.21960784 0.18039216
v 0.31461231 0.30229568 0.54717954 0.25098039 0.19607843 0.16470588
v 0.31765747 1.89942921 0.81620554 0.30196078 0.24313725 0.20392157
v 0.30966750 0.39768164 0.56258286 0.26666667 0.20784314 0.16862745
v 1.02373553 2.21031294 1.06775189 0.23529412 0.18823529 0.16862745
v 1.03892758 2.19098960 1.08144050 0.27058824 0.21960784 0.19607843
v 1.03293745 2.22631517 1.07834952 0.30588235 0.25490196 0.23137255
v 1.05048712 2.21809992 1.07927572 0.27058824 0.21960784 0.19607843
v 1.06570965 2.20628592 1.09263429 0.24705882 0.19607843 0.17254902
v 1.06121878 2.59157097 1.21886080 0.27450980 0.21176471 0.17647059
v 1.06700071 2.61138881 1.21792123 0.29411765 0.24313725 0.21176471
v 1.10220145 2.60846574 1.22449947 0.33333333 0.26274510 0.21176471
v 1.10066431 2.63080910 1.22313006 0.31764706 0.25098039 0.20000000
v 1.12837758 2.60375570 1.21703828 0.32941176 0.25882353 0.20392157
v 1.12983590 2.58853186 1.22601754 0.34509804 0.27058824 0.21176471
v 0.77076261 1.58211787 0.90425454 0.29019608 0.23529412 0.21176471
v 0.73557788 1.58677863 0.90394873 0.26274510 0.20784314 0.18431373
v 0.76637811 1.62698894 0.91844035 0.29019608 0.23529412 0.21176471
v 0.77958679 1.55269428 0.89989302 0.25490196 0.20392157 0.18039216
v 0.78714706 1.59488519 0.91600417 0.28627451 0.23137255 0.20784314
v 0.80533525 1.66924816 0.93232253 0.25490196 0.20392157 0.17647059
v 0.82375697 1.58344153 0.91360297 0.29019608 0.23529412 0.20000000
v 0.82619231 1.55459751 0.90811490 0.27843137 0.21960784 0.19215686
v 1.19276645 2.37510639 1.15494275 0.28235294 0.22745098 0.20392157
v 1.17458509 2.39301104 1.15580868 0.26274510 0.21176471 0.18823529
v 1.20364216 2.41017830 1.16514136 0.30588235 0.25490196 0.23137255
v 1.18120794 2.39428157 1.14350148 0.28235294 0.22352941 0.18823529
v 1.18000735 2.42556493 1.16834167 0.31372549 0.25098039 0.20784314
v 0.80176654 2.17988659 0.95345766 0.25098039 0.19607843 0.16470588
v 1.19137338 1.74542199 1.00478614 0.26666667 0.20784314 0.18039216
v 1.21102904 1.76680623 1.01545765 0.28627451 0.23137255 0.20784314
v 1.23937943 1.79224623 1.02905260 0.30196078 0.24705882 0.21568627
v 1.23196411 1.85623907 1.03888920 0.30980392 0.24313725 0.19607843
v 1.26262720 1.74960979 1.02937472 0.27058824 0.21568627 0.18039216
v 1.25909392 1.84027145 1.04409052 0.27450980 0.21960784 0.18823529
v 0.31911361 1.86029236 0.81350938 0.27058824 0.21960784 0.19215686
v 0.82258867 0.68091936 0.76768078 0.28627451 0.23137255 0.20392157
v 0.85978746 0.61474920 0.77112638 0.25882353 0.20392157 0.18039216
v 0.85659888 0.69721819 0.76731420 0.30196078 0.25098039 0.21960784
v 0.87276262 0.65740839 0.76513066 0.30196078 0.25098039 0.22352941
v 0.90296733 0.64101532 0.77187847 0.30196078 0.24313725 0.20000000
v 0.88788699 0.70511877 0.77902193 0.30196078 0.24313725 0.20784314
v 1.01434851 0.87018575 0.77888118 0.30196078 0.24313725 0.20784314
v 1.02751592 0.88810021 0.77512708 0.30196078 0.24313725 0.20000000
v 0.96791271 0.88819277 0.76904873 0.30196078 0.25098039 0.22352941
v 1.36100170 2.39177752 1.22387283 0.24705882 0.19215686 0.15686275
v 1.06030293 1.43462007 0.90364109 0.26666667 0.21568627 0.19215686
v 1.04747841 1.47106075 0.91055916 0.26666667 0.21568627 0.19215686
v 1.10879532 1.44615718 0.91461911 0.30588235 0.25490196 0.23137255
v 1.08255798 1.41183995 0.90255562 0.29019608 0.23137255 0.19215686
v 1.14080708 1.43140544 0.91918123 0.30196078 0.24705882 0.21960784
v 1.14829545 1.45047073 0.92668469 0.30196078 0.24705882 0.21568627
v 1.29350746 0.89700035 0.78734369 0.23921569 0.18823529 0.16078431
v 0.91479636 0.89837150 0.75607148 0.29411765 0.23529412 0.20000000
v 0.98066210 0.85652814 0.78629646 0.30196078 0.25098039 0.21960784
v 0.27537862 2.45006802 1.02576771 0.32941176 0.25490196 0.20000000
v 0.27987898 2.48138490 1.03504981 0.33333333 0.25882353 0.20392157
v 0.26121883 2.51094977 1.05299549 0.32549020 0.24705882 0.18039216
v 0.28434676 2.50308937 1.01507290 0.34509804 0.25882353 0.18431373
v 0.28718472 2.46414283 1.03921741 0.32549020 0.25490196 0.20392157
v 0.28147238 2.48595998 1.02423052 0.32941176 0.25490196 0.20000000
v 0.27634297 2.43021098 1.03014151 0.31372549 0.24313725 0.19215686
v 0.30074197 2.45466547 1.02659065 0.30980392 0.24313725 0.20000000
v 0.29906829 2.43805605 1.04251092 0.33725490 0.25490196 0.19215686
v 0.30630309 2.42443311 1.02887561 0.32549020 0.24705882 0.18823529
v 1.15483532 2.76946824 1.05972713 0.36078431 0.27058824 0.18431373
v 1.16515524 2.77844133 1.06614923 0.36470588 0.27450980 0.18431373
v 0.89403601 1.02382366 0.67808382 0.29019608 0.22745098 0.18039216
v 1.32116546 1.72555308 1.05064856 0.27058824 0.21176471 0.17254902
v 1.33530254 1.66079712 1.01541458 0.28627451 0.22745098 0.20000000
v 1.32511196 1.66522217 0.99011230 0.27450980 0.21960784 0.19215686
v 1.33182075 1.59158325 1.00266761 0.24705882 0.19607843 0.17254902
v 1.33211737 1.72662354 1.01374206 0.30196078 0.23921569 0.19215686
v 0.70828973 0.88174747 0.71596681 0.30196078 0.23529412 0.18431373
v 0.68618587 0.86322098 0.70146924 0.30196078 0.23529412 0.18431373
v 0.67910098 0.90460205 0.73023755 0.29411765 0.22745098 0.17647059
v 0.66096178 0.86363807 0.72310363 0.30196078 0.23529412 0.18431373
v 0.69798495 0.86475119 0.72700826 0.30196078 0.23529412 0.18431373
v 0.72625523 0.91172031 0.73295007 0.30196078 0.23529412 0.18431373
v 0.72248164 0.89053869 0.72788312 0.30196078 0.23529412 0.18431373
v 0.71959610 0.87110918 0.72154088 0.30196078 0.23529412 0.18431373
v 0.72448403 0.90767622 0.71385936 0.30196078 0.23921569 0.19215686
v 0.75151958 0.94375354 0.74073622 0.28627451 0.22352941 0.18039216
v 0.75080646 0.91078783 0.71199801 0.30196078 0.24705882 0.21176471
v 0.76552224 0.90149601 0.71718368 0.30196078 0.23529412 0.19215686
v 0.77444857 0.93154574 0.73089072 0.26666667 0.20784314 0.16862745
v 1.01776533 0.80982337 0.85905453 0.30196078 0.23529412 0.18431373
v 0.98158058 0.84769689 0.84869341 0.28627451 0.22352941 0.18431373
v 1.04776795 0.86212602 0.87144370 0.30196078 0.23529412 0.18823529
v 0.99613164 0.85458226 0.80863678 0.27843137 0.22352941 0.19215686
v 1.00684824 0.86161841 0.84130859 0.28627451 0.23137255 0.19607843
v 1.03245016 0.85663843 0.79660813 0.30196078 0.23921569 0.20000000
v 1.06475830 0.83898926 0.87947987 0.30196078 0.23529412 0.18431373
v 1.03319516 0.85308311 0.80657892 0.30196078 0.23529412 0.18431373
v 1.06525225 0.86985333 0.81065173 0.29803922 0.23137255 0.18039216
v 1.07546592 0.79169352 0.86125364 0.29411765 0.22745098 0.17647059
v 1.07593408 0.18574545 0.56770263 0.32941176 0.24705882 0.17647059
v 1.05170894 1.57552531 0.83985355 0.25882353 0.20392157 0.17647059
v 0.24345222 1.88320722 0.80948590 0.29803922 0.23529412 0.19215686
v 0.76830513 2.58724484 1.17210761 0.27843137 0.21568627 0.17254902
v 0.77826691 2.55681249 1.15802960 0.28627451 0.22352941 0.18039216
v 0.80060221 2.58470557 1.13986869 0.34117647 0.25882353 0.18431373
v 0.81647050 2.58514402 1.15005542 0.34117647 0.25882353 0.18431373
v 0.83978246 2.56331076 1.18229360 0.28627451 0.22745098 0.18823529
v 0.80623486 2.53486946 1.16541858 0.26274510 0.20392157 0.17254902
v 0.83927653 2.64265867 1.20220468 0.28235294 0.22352941 0.18823529
v 0.81664978 2.61153221 1.16053661 0.30196078 0.23529412 0.18431373
v 1.13404939 0.80929565 0.88086146 0.29411765 0.22745098 0.17647059
v 1.09663035 0.85135348 0.87522326 0.30196078 0.23529412 0.18431373
v 1.11168044 0.85574302 0.85857485 0.26274510 0.20392157 0.16470588
v 0.34605426 2.08598613 0.92001726 0.24313725 0.19215686 0.16470588
v 0.35268429 2.11030340 0.93094230 0.29411765 0.22745098 0.18039216
v 0.35941559 2.09180865 0.93220402 0.24313725 0.19215686 0.16078431
v 0.35053790 2.11373290 0.94798284 0.27058824 0.20784314 0.16862745
v 0.35911397 2.12222566 0.93623367 0.23137255 0.18039216 0.15686275
v 0.14199256 1.14537882 0.61667694 0.25490196 0.20000000 0.16470588
v 0.98451219 1.76682353 0.97928482 0.25882353 0.20000000 0.16862745
v 1.03856438 1.76406835 0.97973850 0.28235294 0.21960784 0.17647059
v 0.98086382 1.80285736 0.98822033 0.26274510 0.20392157 0.16470588
v 1.01444040 1.73491951 0.96959021 0.25490196 0.20000000 0.16862745
v 1.09931031 1.74266127 0.98255171 0.27450980 0.21176471 0.16862745
v 0.32603618 2.14002378 0.95305084 0.33333333 0.25098039 0.18039216
v 0.34789837 2.11702262 0.97771837 0.30588235 0.23137255 0.17254902
v 0.36683124 2.13079489 0.96460840 0.21960784 0.17254902 0.15294118
v 1.04677357 1.81125490 0.90841473 0.26274510 0.20784314 0.17254902
v 1.05788688 1.75383176 0.89673477 0.24705882 0.19607843 0.16862745
v 0.21532952 2.01802661 0.93403217 0.24705882 0.19215686 0.16470588
v 0.21581945 2.03524708 0.94499326 0.28235294 0.21960784 0.18039216
v 0.21704364 2.07452776 0.95665166 0.30588235 0.23529412 0.18039216
v 0.24686858 2.03289183 0.93863110 0.27450980 0.21568627 0.17647059
v 0.12465599 1.57217316 0.75462150 0.28627451 0.22352941 0.18039216
v 0.12504911 1.53406670 0.79542977 0.30588235 0.24705882 0.20784314
v 0.14879611 1.61668362 0.77240907 0.27058824 0.21176471 0.17254902
v 0.10991671 1.57244873 0.79478352 0.29019608 0.23921569 0.20784314
v 0.12441721 1.62172057 0.81200423 0.26274510 0.20392157 0.16862745
v 0.15337007 1.63806184 0.80709539 0.27843137 0.21568627 0.17254902
v 0.14974563 1.57273068 0.80139277 0.30196078 0.23529412 0.18431373
v 0.13912190 1.48889160 0.74360691 0.28235294 0.21960784 0.17254902
v 0.16852629 1.57395710 0.77310043 0.29411765 0.22745098 0.17647059
v 0.17123089 1.60004028 0.79776662 0.30196078 0.23529412 0.18431373
v 0.15303322 1.65840261 0.79213670 0.23529412 0.18039216 0.15294118
v 0.16022249 1.54351546 0.78815253 0.29411765 0.22745098 0.17647059
v 0.17045907 1.63703229 0.79179811 0.30196078 0.23529412 0.18431373
v 0.35315530 0.38241023 0.56645176 0.24705882 0.19215686 0.16470588
v 1.25123229 1.99121598 1.08256503 0.27058824 0.21568627 0.18431373
v 0.67668602 1.25928456 0.71604973 0.25882353 0.20000000 0.16862745
v 1.04293292 1.35329282 0.87632048 0.30588235 0.23529412 0.17647059
v 0.86255419 0.88193063 0.73904149 0.27450980 0.21568627 0.17647059
v 0.91445133 0.81294157 0.78896204 0.29411765 0.22745098 0.17647059
v 0.94370364 0.83920967 0.79198769 0.28235294 0.21960784 0.18039216
v 0.93380914 0.81736697 0.81893013 0.27450980 0.21176471 0.16862745
v 0.40265980 2.77614593 1.12673688 0.30980392 0.23529412 0.17647059
v 0.83003998 0.86218066 0.63083951 0.28235294 0.21960784 0.17254902
v 0.78281233 0.87013818 0.71242252 0.29803922 0.23137255 0.18039216
v 0.79582914 0.82221789 0.71103431 0.28235294 0.21960784 0.17254902
v 0.79485178 0.90624229 0.72275859 0.27058824 0.20784314 0.16862745
v 0.83382634 0.86735825 0.73160741 0.27450980 0.21176471 0.16862745
v 0.82838623 0.81765370 0.72654857 0.27058824 0.21176471 0.17254902
v 0.83383974 0.84395632 0.73235965 0.29019608 0.22352941 0.17254902
v 1.19096398 1.30459014 0.88199318 0.25098039 0.19607843 0.16862745
v 1.27527248 1.80877685 0.94773825 0.25098039 0.19607843 0.16078431
v 0.50180160 2.29895975 1.05441823 0.27843137 0.21176471 0.16862745
v 0.11119813 1.72051599 0.74115085 0.25490196 0.19607843 0.16078431
v 0.16010857 1.78758902 0.77277479 0.25490196 0.19607843 0.16078431
v 0.20197822 1.81732317 0.79410975 0.27058824 0.20784314 0.16862745
v 0.24435312 1.77009580 0.78916093 0.29411765 0.23137255 0.18431373
v 0.21040650 2.16339995 0.97788089 0.32941176 0.24705882 0.18039216
v 0.19295732 2.17098284 0.95862626 0.31372549 0.23921569 0.18039216
v 0.21151266 2.15816623 0.95606917 0.28627451 0.21960784 0.16862745
v 0.22603506 2.18234984 0.95105298 0.30980392 0.23529412 0.17647059
v 0.22773821 2.13551557 0.96410212 0.32549020 0.24705882 0.18039216
v 0.23872570 2.14369004 0.95940708 0.29019608 0.22352941 0.17254902
v 0.24465664 2.18271561 0.98686546 0.32941176 0.25098039 0.18431373
v 0.26481856 2.15957220 0.95876293 0.29411765 0.22352941 0.17254902
v 0.26246961 2.16859529 0.98808936 0.29411765 0.22352941 0.17254902
v 1.11804877 0.51657328 0.74746400 0.26274510 0.20392157 0.16470588
v 1.15247142 0.49820250 0.72467635 0.26274510 0.20392157 0.16470588
v 1.12795810 0.53930325 0.72036616 0.24705882 0.19215686 0.16470588
v 0.96554671 0.74559402 0.83880981 0.29019608 0.22352941 0.17254902
v 1.02366360 0.77118382 0.85398206 0.29411765 0.22745098 0.17647059
v 1.01441416 0.71876888 0.84439329 0.28627451 0.21960784 0.16862745
v 0.36342583 2.76843751 1.12394898 0.32156863 0.24313725 0.18039216
v 0.38061275 2.77353473 1.09634924 0.28235294 0.21568627 0.16862745
v 0.38542901 2.78909137 1.11090682 0.25882353 0.20000000 0.16078431
v 1.12632122 1.03281634 0.81864137 0.27450980 0.21176471 0.16470588
v 1.11949127 1.06969337 0.78462607 0.21960784 0.16862745 0.14901961
v 0.68148677 2.60119022 1.15348332 0.29019608 0.22352941 0.16862745
v 1.13524063 1.06744945 0.82914454 0.24705882 0.19215686 0.16470588
v 1.19063002 1.08169144 0.84087225 0.24313725 0.18823529 0.16078431
v 0.98873557 1.57891126 0.94043530 0.27058824 0.20784314 0.16470588
v 1.00941317 1.67655954 0.95316472 0.26666667 0.20392157 0.16078431
v 0.99076772 1.65399170 0.95094929 0.24705882 0.19215686 0.15686275
v 0.99214983 1.68017423 0.95407721 0.23137255 0.18039216 0.15294118
v 1.02250587 1.69963581 0.96091636 0.24705882 0.19215686 0.16078431
v 1.05903339 1.64974186 0.95968170 0.26666667 0.20392157 0.16470588
v 1.07681188 1.70334390 0.96974479 0.27058824 0.20784314 0.16470588
v 1.27649164 1.38093752 0.95305057 0.24313725 0.18823529 0.15686275
v 1.21048977 1.44398164 0.94242243 0.25882353 0.20000000 0.16470588
v 1.30557411 1.35122945 0.95218271 0.27450980 0.21176471 0.16862745
v 1.32038657 1.39020138 0.95315534 0.23529412 0.18039216 0.15686275
v 0.06501714 1.03503428 0.58941912 0.24313725 0.18823529 0.15686275
v 0.71791764 0.97406743 0.71101356 0.28627451 0.21960784 0.16862745
v 0.73353528 0.98761153 0.71768033 0.29019608 0.22352941 0.17254902
v 0.73074398 0.95967675 0.73372730 0.29019608 0.22352941 0.17254902
v 0.77180383 0.98096559 0.73882016 0.25490196 0.20000000 0.16862745
v 1.28710938 1.56257787 0.88901071 0.32549020 0.24705882 0.18431373
v 0.89448808 0.75868729 0.78780627 0.29411765 0.22745098 0.17647059
v 0.89771470 0.78564453 0.77869654 0.28627451 0.21960784 0.16862745
v 0.91089082 0.76206818 0.80659964 0.29019608 0.22352941 0.17254902
v 0.74755654 2.70111863 1.20354949 0.26666667 0.20784314 0.16862745
v 0.44235200 1.43626102 0.83738281 0.24705882 0.19607843 0.16862745
v 0.44985303 1.49073016 0.85003493 0.28627451 0.22745098 0.19607843
v 0.48265724 1.43009113 0.84412331 0.26666667 0.20392157 0.16078431
v 0.49487101 1.47675373 0.85838947 0.27058824 0.21176471 0.17647059
v 0.53309924 1.44555186 0.85912172 0.25098039 0.19607843 0.16078431
v 0.43644209 2.42339780 0.96474353 0.34901961 0.26274510 0.18431373
v 1.18985067 1.49824769 0.95094516 0.25098039 0.19215686 0.16078431
v 1.18233869 1.45808760 0.93568157 0.28235294 0.21960784 0.17647059
v 1.19278138 1.47517490 0.94584588 0.28627451 0.21960784 0.16862745
v 0.14766650 1.45695227 0.81228168 0.23529412 0.18039216 0.15294118
v 0.12246140 1.49008568 0.81947758 0.21960784 0.16862745 0.14509804
v 0.17626226 1.51611940 0.82336255 0.25882353 0.19607843 0.16078431
v 0.19525515 1.43864737 0.81198549 0.23529412 0.18039216 0.15294118
v 0.21200565 1.49681700 0.82592056 0.29803922 0.23137255 0.18039216
v 0.56030519 0.77459729 0.68625953 0.24705882 0.18823529 0.15686275
v 0.57810977 0.78606566 0.68808639 0.28627451 0.21960784 0.16862745
v 0.58056158 0.77172211 0.69873204 0.21568627 0.16470588 0.14509804
v 0.60599699 0.78569435 0.65500279 0.28627451 0.21960784 0.16862745
v 0.61242111 0.75402166 0.65486152 0.25098039 0.19215686 0.15686275
v 0.60437083 0.82979436 0.66258419 0.28627451 0.21960784 0.16862745
v 0.62521290 0.75999175 0.65931555 0.26274510 0.20392157 0.16078431
v 0.61754489 0.73757090 0.67472696 0.19607843 0.15294118 0.13725490
v 0.62958574 0.76808571 0.67907619 0.25882353 0.20000000 0.16078431
v 0.62893427 0.73983746 0.63587795 0.22352941 0.17254902 0.14901961
v 0.63422367 0.75211911 0.65841939 0.23529412 0.18039216 0.14901961
v 0.28838938 0.25168247 0.46474422 0.27058824 0.20784314 0.16862745
v 0.37582397 0.25030004 0.49764658 0.26666667 0.20392157 0.16078431
v 0.39025116 0.24816617 0.46792878 0.26666667 0.20392157 0.16470588
v 0.48092170 0.22504220 0.46429643 0.24313725 0.18823529 0.15686275
v 1.11611190 0.60576489 0.74178684 0.27058824 0.20784314 0.16862745
v 1.09627559 0.61503341 0.76349052 0.26666667 0.20392157 0.16078431
v 1.14598083 0.62946120 0.78804185 0.27843137 0.21176471 0.16862745
v 1.10187454 0.62301186 0.79281165 0.25490196 0.19607843 0.15686275
v 1.03425574 1.90503027 1.03178347 0.27450980 0.21568627 0.17254902
v 1.09581348 1.92170598 1.04322408 0.30196078 0.23529412 0.18431373
v 0.59994556 0.45997754 0.62727317 0.20392157 0.15686275 0.14117647
v 0.63662184 0.43087482 0.63380478 0.21176471 0.16470588 0.14509804
v 0.72248459 0.72062409 0.58212932 0.25098039 0.19607843 0.16470588
v 0.86355270 0.66667694 0.59316854 0.30588235 0.23137255 0.17647059
v 0.04947585 0.79853821 0.60323491 0.28627451 0.21960784 0.16862745
v 0.04908725 0.77688980 0.53493585 0.29411765 0.22352941 0.17254902
v 0.05471545 0.86528097 0.61167976 0.27450980 0.21176471 0.16470588
v 0.05654647 0.90571945 0.56443953 0.26666667 0.20392157 0.16078431
v 0.06075065 0.91539764 0.61436025 0.27450980 0.21176471 0.16862745
v 0.62783286 0.35764575 0.62062502 0.27058824 0.21176471 0.16862745
v 0.63653358 0.38591347 0.63401565 0.24313725 0.18823529 0.15686275
v 0.67706517 0.30658087 0.61343914 0.26666667 0.20392157 0.16470588
v 0.68101617 0.36205310 0.65824165 0.27058824 0.20784314 0.16470588
v 0.70288807 0.34056389 0.65478280 0.30196078 0.23137255 0.17647059
v 1.31801257 1.32373047 0.93711703 0.27450980 0.21176471 0.16862745
v 0.96849491 1.01969528 0.76483057 0.28627451 0.21960784 0.16862745
v 0.94071458 1.03167472 0.76516437 0.27058824 0.20784314 0.16470588
v 0.92982346 1.03828302 0.74946430 0.24705882 0.19215686 0.16078431
v 0.93819650 1.05107967 0.76560953 0.28235294 0.21568627 0.16862745
v 0.96330242 1.04332766 0.74898640 0.30196078 0.23529412 0.18431373
v 0.98174013 1.02043692 0.74588678 0.29803922 0.23137255 0.18039216
v 1.21022492 0.68868152 0.81492761 0.28627451 0.21960784 0.16862745
v 1.22899700 0.67545834 0.78156723 0.28235294 0.21960784 0.16862745
v 0.57684732 0.68282521 0.68085331 0.23137255 0.18039216 0.15294118
v 0.60249694 0.70271745 0.69783910 0.23921569 0.18431373 0.15294118
v 0.62092407 0.66214930 0.69304590 0.25490196 0.19607843 0.15686275
v 0.63363104 0.62529679 0.71876188 0.27058824 0.20784314 0.16470588
v 0.63580193 0.65685438 0.73664264 0.28627451 0.21960784 0.16862745
v 0.64027166 0.64652837 0.71393938 0.27450980 0.20784314 0.16470588
v 0.64243429 0.67934814 0.71775464 0.28627451 0.21960784 0.16862745
v 0.92859312 1.39866608 0.87475884 0.25098039 0.19215686 0.16078431
v 0.89420810 1.44697173 0.88547824 0.23529412 0.18039216 0.15294118
v 0.97214565 1.40203459 0.88162551 0.24705882 0.19215686 0.15686275
v 0.99109377 1.37556661 0.87600897 0.27058824 0.21176471 0.17254902
v 1.03182206 1.39300495 0.89007930 0.27058824 0.21176471 0.16862745
v 1.13537315 0.69214451 0.84061102 0.25490196 0.19607843 0.15686275
v 1.10190988 0.73085130 0.84834227 0.28627451 0.21960784 0.16862745
v 1.15087891 0.75333215 0.87106811 0.28627451 0.21960784 0.16862745
v 1.15917969 0.68549913 0.84677810 0.26274510 0.20392157 0.16078431
v 1.19757776 0.69028681 0.83756912 0.26666667 0.20392157 0.16078431
v 0.81532481 2.01456336 1.01671235 0.24313725 0.18823529 0.16078431
v 0.84965167 2.00302571 1.01985048 0.23529412 0.18039216 0.15294118
v 0.88076201 2.02991688 1.03604708 0.26666667 0.20392157 0.16078431
v 0.89403158 1.99488520 1.02754592 0.24313725 0.18823529 0.15294118
v 0.21335220 1.55530847 0.72043485 0.24705882 0.19215686 0.15686275
v 0.79516673 0.91432240 0.64064679 0.25490196 0.20000000 0.16470588
v 0.80863953 1.05351527 0.67380099 0.29803922 0.23137255 0.18039216
v 0.54216021 1.74292082 0.81297545 0.27450980 0.21568627 0.17647059
v 0.46262087 1.84346019 0.93341141 0.26666667 0.20784314 0.16862745
v 0.52773747 1.41041624 0.84720730 0.22745098 0.17647059 0.14901961
v 0.30784586 1.69649465 0.76307775 0.25098039 0.19607843 0.17254902
v 0.20634460 1.71622422 0.76174588 0.27450980 0.21176471 0.16862745
v 0.17105103 1.60013042 0.84352240 0.22745098 0.17647059 0.15294118
v 0.21873704 1.64004507 0.85357935 0.23137255 0.18039216 0.15686275
v 0.18256998 1.65537324 0.85296079 0.23137255 0.18039216 0.15686275
v 0.19940410 1.69956128 0.85651024 0.23921569 0.18431373 0.16078431
v 0.22460887 1.67374100 0.85468394 0.25882353 0.20392157 0.17647059
v 0.22517312 1.68185537 0.83734537 0.25882353 0.20392157 0.17647059
v 0.21571457 1.69967045 0.84481575 0.25490196 0.20000000 0.17254902
v 0.22530355 1.70717753 0.83072550 0.25098039 0.19607843 0.16862745
v 0.25169192 1.70183283 0.84705821 0.25098039 0.19607843 0.16862745
v 0.24865857 1.66313474 0.86266692 0.21960784 0.17254902 0.15294118
v 0.24213248 1.69118147 0.83235096 0.25490196 0.20000000 0.17254902
v 0.23229313 1.70409449 0.86548205 0.24705882 0.19215686 0.16470588
v 0.24592110 1.66810642 0.83835423 0.25882353 0.20392157 0.17647059
v 0.40067317 2.46311436 1.04775254 0.28235294 0.21568627 0.17254902
v 0.39679976 2.46993754 1.02002434 0.29411765 0.22745098 0.18039216
v 0.40424068 2.45320612 1.02639710 0.29019608 0.22352941 0.18039216
v 0.40764214 2.45647315 1.03506262 0.27058824 0.21176471 0.17254902
v 0.39528584 2.42349485 1.04955907 0.26274510 0.20392157 0.16470588
v 0.41477459 2.45352085 1.04559875 0.26666667 0.20784314 0.17254902
v 0.41860423 2.43329393 1.05697093 0.25098039 0.19607843 0.16470588
v 0.42356103 2.47402623 1.02514415 0.25490196 0.19607843 0.16470588
v 0.42414203 2.46532419 1.05544655 0.26274510 0.20392157 0.17254902
v 0.43973129 2.47805056 1.03191017 0.27450980 0.21176471 0.16862745
v 0.44742242 2.46828622 1.04741324 0.29411765 0.22745098 0.18039216
v 0.44520779 2.45233681 1.03515699 0.30196078 0.23529412 0.18431373
v 1.15210678 1.36485618 0.89667737 0.28627451 0.22352941 0.18039216
v 1.11107922 1.41667565 0.90972277 0.29411765 0.23529412 0.19607843
v 1.16814466 1.42322952 0.92171127 0.28235294 0.22352941 0.18431373
v 1.19438009 1.40772847 0.92201198 0.24313725 0.19215686 0.16470588
v 0.40257763 2.43603841 1.07469183 0.23921569 0.18823529 0.16470588
v 0.73778009 0.68916998 0.71262567 0.25098039 0.19607843 0.16862745
v 0.75739933 0.68894367 0.72715543 0.25882353 0.20392157 0.17647059
v 0.75953761 0.69655444 0.74204246 0.25882353 0.20392157 0.17647059
v 0.74967879 0.69857976 0.69880887 0.25098039 0.19607843 0.16470588
v 0.77809532 0.70361525 0.71126154 0.27843137 0.21176471 0.16862745
v 0.77221048 0.71348675 0.75729266 0.27058824 0.21176471 0.17254902
v 0.73213936 0.70571734 0.74671855 0.26274510 0.20392157 0.16862745
v 0.79766684 0.75278040 0.70239076 0.25098039 0.19215686 0.16078431
v 0.77909592 0.67826986 0.71004230 0.20392157 0.16078431 0.14509804
v 0.79202650 0.70169804 0.74816049 0.27058824 0.20784314 0.17254902
v 0.80914007 0.70893263 0.72682445 0.26274510 0.20392157 0.16862745
v 0.80143534 0.73012036 0.70730180 0.27058824 0.21176471 0.17254902
v 0.81971164 0.72431493 0.71088632 0.26274510 0.20392157 0.16862745
v 0.81709238 0.71048036 0.75677612 0.28235294 0.21960784 0.18039216
v 0.82457564 0.75303700 0.72207736 0.25882353 0.20392157 0.17647059
v 1.04636728 0.68040969 0.83047050 0.25882353 0.20000000 0.16078431
v 1.07805332 0.70523573 0.83812845 0.26274510 0.20392157 0.16078431
v 0.32662913 1.17848282 0.74826220 0.29411765 0.22745098 0.17647059
v 0.31312913 1.20218670 0.75465307 0.26274510 0.20392157 0.16862745
v 0.83418068 0.79711547 0.73039527 0.27058824 0.21176471 0.17254902
v 0.47065735 0.23206823 0.52361526 0.29411765 0.22745098 0.17647059
v 0.38626099 0.22103426 0.53398970 0.24705882 0.19215686 0.16078431
v 0.48718262 0.25327069 0.49108887 0.25490196 0.20000000 0.16470588
v 0.52334309 2.64418236 1.10795847 0.33333333 0.25098039 0.18039216
v 0.53168949 2.66710065 1.12432654 0.30980392 0.23529412 0.17647059
v 0.52679481 2.65225157 1.08415706 0.36470588 0.27450980 0.18431373
v 0.54547128 2.65666767 1.10359758 0.29411765 0.22745098 0.17647059
v 0.59988701 0.69267880 0.63490056 0.24705882 0.19215686 0.16078431
v 0.27784383 2.04705023 0.94231073 0.27450980 0.21176471 0.17254902
v 0.29637829 2.03191037 0.93280402 0.21960784 0.17254902 0.15294118
v 0.14674332 1.49063386 0.77986028 0.27058824 0.21176471 0.16862745
v 0.15666518 1.50718378 0.76481244 0.28627451 0.21960784 0.16862745
v 0.16194502 1.52724791 0.77583245 0.28627451 0.21960784 0.16862745
v 0.98024612 1.85666008 1.00673307 0.23921569 0.18823529 0.15686275
v 0.61574056 0.69768310 0.63141119 0.22745098 0.17647059 0.15294118
v 0.63904553 0.72239990 0.63468880 0.19607843 0.15294118 0.13725490
v 1.32443650 1.55160522 0.94645939 0.26666667 0.21176471 0.18431373
v 1.33700004 1.55060874 0.92667062 0.28235294 0.22745098 0.20392157
v 1.35322456 1.54647827 0.90709557 0.30196078 0.23529412 0.19215686
v 1.35445591 1.58282799 0.89948139 0.32549020 0.24705882 0.18431373
v 1.35583869 1.70360018 0.95563082 0.27450980 0.21176471 0.16862745
v 0.53708944 0.68562364 0.55349585 0.21568627 0.16862745 0.14901961
v 0.31225731 1.41956449 0.81239393 0.26274510 0.20392157 0.16862745
v 0.34043155 1.42578761 0.81288066 0.24705882 0.19215686 0.15686275
v 0.31423289 1.43475508 0.80535645 0.23529412 0.18039216 0.15294118
v 0.34247801 1.40221482 0.81021632 0.23529412 0.18039216 0.15294118
v 0.91231243 0.70669556 0.80348911 0.29411765 0.22745098 0.18431373
v 0.94475378 0.80251246 0.83370278 0.29411765 0.22745098 0.17647059
v 0.92907209 0.65825177 0.79950212 0.29019608 0.22352941 0.17254902
v 0.32073535 2.16159995 0.94201716 0.30588235 0.23529412 0.17647059
v 0.06270245 0.35194961 0.49718421 0.24705882 0.18823529 0.15686275
v 0.06557850 0.40976373 0.53363910 0.21176471 0.16470588 0.14509804
v 1.24748744 2.67576152 1.14412537 0.24313725 0.18823529 0.15294118
v 0.83999626 2.34669330 1.07183242 0.37647059 0.28235294 0.18823529
v 0.14162500 1.59819139 0.71622867 0.28627451 0.21960784 0.16862745
v 0.82367062 0.73681398 0.74542755 0.27450980 0.21568627 0.17647059
v 0.85413901 0.72504612 0.76464205 0.29803922 0.23529412 0.18823529
v 1.11826302 1.66938256 0.97229376 0.28627451 0.21960784 0.16862745
v 1.12755237 1.61642938 0.96815324 0.25490196 0.19607843 0.16078431
v 1.14734076 1.70408012 0.98470136 0.26274510 0.20392157 0.16078431
v 1.16598131 1.66355247 0.98358856 0.25490196 0.19607843 0.16470588
v 0.67117066 1.72705987 0.82864537 0.27058824 0.21176471 0.17254902
v 0.58936096 1.82103147 0.84417370 0.26666667 0.20392157 0.16470588
v 0.62656945 0.71667130 0.71026194 0.23529412 0.18039216 0.15294118
v 0.65541348 0.64032320 0.76230353 0.26274510 0.20392157 0.16862745
v 0.65397055 0.64350095 0.71364694 0.25098039 0.19215686 0.15686275
v 0.67145442 0.67496545 0.75364435 0.26274510 0.20392157 0.16862745
v 0.65602185 0.67835018 0.71430720 0.28627451 0.21960784 0.16862745
v 0.65376914 0.70598636 0.71092889 0.27843137 0.21568627 0.17254902
v 0.67645679 0.67349983 0.70431111 0.27843137 0.21568627 0.16862745
v 0.66781210 0.69853192 0.73786473 0.26666667 0.20784314 0.16862745
v 0.68974363 0.69459191 0.72571534 0.27843137 0.21176471 0.16862745
v 0.72431757 0.68902230 0.76167310 0.25490196 0.19607843 0.16470588
v 0.70825549 0.69427862 0.71064486 0.26274510 0.20392157 0.16862745
v 0.55341229 0.84166718 0.72274121 0.23921569 0.18823529 0.16470588
v 0.69669537 0.27825645 0.60644838 0.25490196 0.20000000 0.16470588
v 0.74600220 0.30399400 0.62417347 0.27450980 0.21176471 0.16862745
v 0.79103038 0.31105186 0.63849351 0.26274510 0.20392157 0.16470588
v 0.83571250 0.30114134 0.63686608 0.23921569 0.18823529 0.16078431
v 0.86116832 2.62141503 1.13227131 0.28627451 0.21960784 0.16862745
v 0.88277480 2.63391915 1.16375201 0.28627451 0.21960784 0.16862745
v 0.87165975 2.64170562 1.17230393 0.28627451 0.21960784 0.16862745
v 0.88363916 2.65004319 1.13670672 0.28627451 0.21960784 0.16862745
v 0.88651736 2.66773233 1.15125183 0.25882353 0.20000000 0.16078431
v 0.86723458 2.66386088 1.17483518 0.25490196 0.19607843 0.16078431
v 0.86623200 2.65184823 1.14741321 0.26666667 0.20784314 0.16862745
v 0.88573417 2.67917086 1.17325502 0.23529412 0.18039216 0.15294118
v 0.89589493 2.64080101 1.15661733 0.28627451 0.21960784 0.16862745
v 0.89567328 2.62803825 1.15990772 0.28627451 0.21960784 0.16862745
v 0.90049537 2.64627617 1.17659437 0.30196078 0.22745098 0.17254902
v 0.90019488 2.67187007 1.16727265 0.25882353 0.20000000 0.16470588
v 0.90853473 2.65991873 1.18388577 0.30196078 0.23137255 0.17254902
v 0.90593661 2.68814558 1.14924431 0.27450980 0.21176471 0.16470588
v 0.91544136 2.64399906 1.16835988 0.30588235 0.23137255 0.17254902
v 0.62478135 0.59355607 0.71892917 0.24705882 0.19215686 0.16078431
v 0.61140350 0.59548713 0.73685991 0.29019608 0.22352941 0.17254902
v 1.30270136 1.75170547 1.05170605 0.27843137 0.21960784 0.18039216
v 1.30968633 1.80441379 1.06576962 0.28627451 0.22352941 0.18039216
v 1.32141211 1.83724773 1.07570276 0.27058824 0.21176471 0.17254902
v 1.32643869 1.73651123 0.98807197 0.27058824 0.21176471 0.17254902
v 1.32878842 1.79925537 1.01733398 0.27450980 0.21176471 0.16862745
v 1.33952366 1.74029409 1.04300172 0.28235294 0.21960784 0.17647059
v 1.33141691 1.81050863 1.00050568 0.23137255 0.18039216 0.15294118
v 1.34189295 1.83873983 1.06847307 0.24313725 0.18823529 0.15686275
v 1.18945312 0.65746463 0.81640625 0.27843137 0.21176471 0.16862745
v 0.05606961 0.56630221 0.56057912 0.25098039 0.19215686 0.16078431
v 0.09328630 0.62577946 0.57695864 0.25882353 0.20000000 0.16862745
v 0.97070312 0.62234445 0.80313091 0.28627451 0.21960784 0.16862745
v 1.04051018 0.64869834 0.82137852 0.26666667 0.20392157 0.16078431
v 0.95952826 0.67547138 0.82211382 0.28627451 0.21960784 0.16862745
v 1.04953003 0.61015371 0.80383526 0.26666667 0.20392157 0.16078431
v 1.05950019 2.46513452 1.17531217 0.29411765 0.22745098 0.17254902
v 1.09662505 2.45626817 1.17463117 0.28627451 0.21960784 0.16862745
v 1.15258213 2.45201723 1.17798801 0.24705882 0.19215686 0.16078431
v 0.89412235 0.61010806 0.76021421 0.29411765 0.23137255 0.18431373
v 0.35982513 0.50812923 0.48224169 0.21960784 0.16862745 0.14509804
v 0.40912652 0.53221117 0.49246233 0.25098039 0.19215686 0.16078431
v 0.38780203 0.45560380 0.47097990 0.22745098 0.17647059 0.14901961
v 0.76441488 0.67874529 0.77829935 0.23137255 0.18039216 0.15294118
v 0.78587550 0.69946339 0.77140627 0.27843137 0.21176471 0.16862745
v 1.16474402 0.21429467 0.57668121 0.28235294 0.21568627 0.16862745
v 1.16595634 0.21361318 0.60377949 0.29019608 0.22352941 0.17254902
v 1.16467268 0.24320619 0.58457572 0.28627451 0.21960784 0.16862745
v 1.16710255 0.25978168 0.61723641 0.30196078 0.23137255 0.17647059
v 1.20000803 0.25357151 0.63531154 0.28235294 0.21960784 0.17254902
v 1.18873792 0.23430017 0.64499539 0.26274510 0.20392157 0.16862745
v 1.19536401 0.27020866 0.58279429 0.27843137 0.21568627 0.17254902
v 0.91847831 0.58994038 0.75683504 0.29411765 0.22745098 0.17647059
v 0.96379128 0.60110646 0.77903698 0.28627451 0.21960784 0.16862745
v 1.02610885 0.58134522 0.76300332 0.30980392 0.23529412 0.17254902
v 1.02051243 0.59611270 0.78490756 0.28627451 0.21960784 0.16862745
v 0.10272544 1.89891887 0.80825596 0.22352941 0.17647059 0.15294118
v 0.10186514 1.89998596 0.84948312 0.24705882 0.19215686 0.16078431
v 0.10573363 1.94980240 0.88967085 0.24313725 0.18823529 0.16078431
v 0.11053358 2.02901840 0.87247143 0.27058824 0.21176471 0.16862745
v 0.11035356 2.04927063 0.84147821 0.29411765 0.22352941 0.17254902
v 1.05388169 0.59956391 0.77743160 0.28627451 0.21960784 0.16862745
v 1.06539053 0.58003007 0.75267815 0.27450980 0.20784314 0.16470588
v 1.05864794 0.51235315 0.78956831 0.30588235 0.23137255 0.17254902
v 1.10252695 0.44033951 0.79598750 0.25098039 0.18823529 0.15294118
v 1.02903412 0.56392114 0.74338772 0.21176471 0.16470588 0.14509804
v 1.07390451 0.54950267 0.75825588 0.26274510 0.20000000 0.16078431
v 0.27052510 1.14097141 0.73005878 0.26666667 0.20392157 0.16078431
v 0.25046317 1.15865285 0.73708405 0.24705882 0.19215686 0.15686275
v 0.23666491 1.19912886 0.74703639 0.23921569 0.18431373 0.15686275
v 0.28309503 1.18486663 0.74568508 0.27058824 0.20784314 0.16862745
v 0.25342682 1.10541086 0.72437015 0.22745098 0.17647059 0.14901961
v 0.31243820 1.11488901 0.72882184 0.25490196 0.19607843 0.16078431
v 0.98657549 2.13617189 1.09947978 0.22352941 0.17254902 0.14901961
v 1.01335702 2.11868698 1.09412957 0.25098039 0.19607843 0.16470588
v 0.99072151 2.15695511 1.05960620 0.27058824 0.20784314 0.16078431
v 1.00605161 2.14995308 1.05800246 0.24705882 0.19215686 0.15686275
v 1.25673853 1.39227966 0.84070789 0.24313725 0.18823529 0.16078431
v 0.96834912 2.15979695 1.02817087 0.25490196 0.19607843 0.16470588
v 0.98120342 2.12977182 1.05343182 0.28627451 0.21960784 0.16862745
v 0.96028556 2.09359757 1.03311801 0.27450980 0.21176471 0.17254902
v 0.97586623 2.11032399 1.05377913 0.25882353 0.20000000 0.16078431
v 0.99073476 2.16291173 1.04532830 0.24705882 0.18823529 0.15686275
v 1.00957288 2.10374607 1.06737311 0.26274510 0.20784314 0.17647059
v 0.34712166 1.40797717 0.69730047 0.23137255 0.18039216 0.15686275
v 0.41549778 0.99524988 0.72221042 0.21568627 0.16470588 0.14509804
v 0.37023926 0.23070927 0.55317741 0.27450980 0.21568627 0.17647059
v 0.11929190 1.44898186 0.73505266 0.25490196 0.19607843 0.16470588
v 0.10767085 1.50857636 0.73554787 0.28235294 0.21960784 0.17647059
v 0.15400931 1.43382193 0.75686956 0.25882353 0.20000000 0.16470588
v 0.17202142 2.35440239 1.04641873 0.33333333 0.25490196 0.18431373
v 0.20959238 2.32705571 1.03205871 0.35294118 0.26666667 0.18431373
v 1.26762843 2.69953460 1.22394147 0.25490196 0.19607843 0.16078431
v 1.29631434 2.65710588 1.23204511 0.31764706 0.23921569 0.17647059
v 1.03478284 0.17222606 0.61726898 0.34901961 0.26274510 0.18431373
v 0.11631393 0.42269420 0.53757616 0.22745098 0.17647059 0.15294118
v 0.95772683 0.37006081 0.68934044 0.26274510 0.20392157 0.16078431
v 0.98443083 0.38443241 0.69656409 0.24313725 0.18823529 0.16078431
v 1.00161085 0.35475415 0.69979419 0.26274510 0.20392157 0.16470588
v 1.15637299 0.45730218 0.76289494 0.25490196 0.20000000 0.16470588
v 1.17319744 0.37966919 0.75924683 0.19607843 0.15294118 0.14117647
v 1.19760467 2.07957943 1.11274554 0.23529412 0.18431373 0.15686275
v 0.83614678 2.61623084 1.16491807 0.29803922 0.23137255 0.18039216
v 0.84118329 2.61361083 1.14095092 0.28627451 0.21960784 0.16862745
v 0.85029715 2.62380834 1.15303621 0.27450980 0.21176471 0.17254902
v 0.89633995 2.55672469 1.19041130 0.29803922 0.23529412 0.19607843
v 0.64554351 0.83018830 0.72145922 0.26274510 0.20392157 0.16470588
v 0.61394578 0.85811674 0.72159338 0.28235294 0.21960784 0.17254902
v 0.65311925 0.86358053 0.71236294 0.29411765 0.22745098 0.17647059
v 0.66464550 0.80404547 0.69184562 0.27058824 0.21176471 0.17254902
v 0.67154269 0.84180199 0.69491995 0.30196078 0.23529412 0.18431373
v 0.67614997 0.82652994 0.70336808 0.30196078 0.23529412 0.18431373
v 0.67444994 0.87165637 0.70203345 0.30196078 0.23529412 0.18431373
v 0.68106329 0.84344899 0.71484853 0.29803922 0.23137255 0.18039216
v 0.68340714 0.80427972 0.71089469 0.24313725 0.18823529 0.16078431
v 0.69896867 0.82274627 0.72025279 0.27450980 0.21176471 0.16862745
v 0.71113448 0.79860916 0.72879518 0.24313725 0.18823529 0.15686275
v 1.03758825 0.25466981 0.71065797 0.29019608 0.22352941 0.17254902
v 0.98100205 0.26132716 0.68443503 0.27058824 0.20784314 0.16862745
v 1.08135538 0.26209480 0.66544859 0.25098039 0.19607843 0.16862745
v 1.08327729 0.26735122 0.69995283 0.24705882 0.19215686 0.15686275
v 0.17816738 2.67432555 1.11916455 0.30980392 0.23529412 0.17647059
v 0.74317911 1.72415802 0.93323611 0.29411765 0.22745098 0.17254902
v 0.75057602 0.33062952 0.49456945 0.29803922 0.23137255 0.17647059
v 0.76624581 0.40547705 0.51973469 0.27843137 0.21960784 0.18039216
v 1.31462723 1.26445007 0.86035576 0.27843137 0.21568627 0.17647059
v 1.33616809 1.33125182 0.86530463 0.27058824 0.21176471 0.17647059
v 0.32661614 1.97442861 0.94653772 0.29803922 0.23137255 0.18431373
v 0.30607154 1.98483556 0.94103892 0.25882353 0.20392157 0.17647059
v 0.37036916 1.97321063 0.95521816 0.32156863 0.24705882 0.18431373
v 0.36708498 1.94208894 0.95082159 0.27450980 0.21568627 0.18431373
v 1.24375439 1.31940828 0.91557319 0.24705882 0.19215686 0.16470588
v 1.31337120 1.33264160 0.87980824 0.27450980 0.21176471 0.16862745
v 1.05111116 2.08985066 1.09773445 0.25098039 0.19607843 0.16470588
v 1.06195431 2.10468825 1.08508736 0.29803922 0.23921569 0.19607843
v 1.06253594 2.12701276 1.09793933 0.25490196 0.20000000 0.16470588
v 1.07631443 2.15064986 1.08671499 0.26666667 0.21176471 0.18431373
v 1.05268818 2.13552649 1.10863552 0.27058824 0.20784314 0.16862745
v 1.08887755 2.12130864 1.10503093 0.29019608 0.22352941 0.17254902
v 1.08794415 2.11169107 1.08938815 0.29019608 0.22352941 0.17254902
v 1.10276615 2.13308998 1.09307011 0.26274510 0.20392157 0.16078431
v 1.08935832 2.13434380 1.11400472 0.24313725 0.18823529 0.15686275
v 1.10735680 2.12963008 1.10779424 0.23921569 0.18431373 0.15294118
v 0.15109158 1.70136054 0.74600233 0.29019608 0.22352941 0.17254902
v 0.94578492 0.27609186 0.70703125 0.26666667 0.20784314 0.16862745
v 1.03756397 0.27600079 0.73589189 0.25490196 0.19607843 0.16078431
v 1.02327961 0.32481337 0.71987131 0.27058824 0.20784314 0.17254902
v 1.04819503 0.32409668 0.73968013 0.23137255 0.17647059 0.15294118
v 1.10609437 0.28414668 0.73823346 0.24705882 0.19215686 0.15686275
v 0.08401078 0.32974674 0.44882202 0.24705882 0.18823529 0.15686275
v 0.12338734 0.30037767 0.47039890 0.23137255 0.18039216 0.15294118
v 0.16249423 0.27126510 0.43892421 0.24705882 0.18823529 0.15686275
v 0.48093604 2.12016919 0.99895258 0.24705882 0.19215686 0.15686275
v 0.48033000 2.09531160 0.99784481 0.27450980 0.20784314 0.16470588
v 1.04731850 0.45078405 0.77073377 0.27843137 0.21568627 0.16862745
v 1.00926719 2.46552709 1.17333038 0.31372549 0.23921569 0.17647059
v 1.02742332 2.45840469 1.17438523 0.27843137 0.21176471 0.16470588
v 1.03579900 2.43977652 1.17039979 0.29803922 0.23137255 0.18039216
v 0.43111953 0.38390786 0.45758082 0.25490196 0.19607843 0.16078431
v 0.44842529 0.43838909 0.47241299 0.25882353 0.20000000 0.16078431
v 0.49813570 0.36940172 0.46520082 0.25098039 0.19215686 0.16078431
v 0.50164840 0.42897248 0.47718102 0.23137255 0.17647059 0.14901961
v 1.20868592 2.05918900 0.98346898 0.29803922 0.22745098 0.17254902
v 0.18045422 1.64646429 0.73724790 0.26666667 0.20392157 0.16470588
v 0.45068359 0.24980198 0.50274888 0.29019608 0.22352941 0.17254902
v 1.11902230 0.49448844 0.78568754 0.27450980 0.21176471 0.16470588
v 0.60030225 0.85276905 0.65782488 0.28627451 0.21960784 0.16862745
v 0.61147488 0.84242450 0.65073491 0.28627451 0.21960784 0.16862745
v 0.95615037 0.31106474 0.72527753 0.27058824 0.21176471 0.17254902
v 0.94057900 0.34820588 0.72490444 0.26274510 0.20392157 0.17254902
v 0.94346915 0.35323381 0.70556664 0.26666667 0.20784314 0.16862745
v 0.98029910 0.31840440 0.70647315 0.28627451 0.21960784 0.16862745
v 0.09598723 1.60947418 0.73329429 0.25098039 0.19607843 0.16078431
v 0.09850360 1.57696533 0.73855351 0.28235294 0.21960784 0.18039216
v 0.60790534 0.89642482 0.72128684 0.29803922 0.23529412 0.18823529
v 0.59744610 0.92133780 0.68182897 0.30196078 0.23529412 0.18431373
v 0.62280680 0.91907082 0.68584411 0.29411765 0.22745098 0.17647059
v 0.32651148 0.46227817 0.58468675 0.27058824 0.20784314 0.16470588
v 0.85343358 1.36146341 0.85695267 0.29019608 0.22352941 0.17254902
v 0.79790167 1.38493266 0.84740365 0.28235294 0.21960784 0.17254902
v 0.85703879 1.32531897 0.84705349 0.30588235 0.23529412 0.18039216
v 0.90117062 1.37073174 0.86349755 0.27058824 0.21176471 0.17254902
v 0.17121728 1.55464166 0.83094563 0.20784314 0.16078431 0.14117647
v 0.22226181 1.52091037 0.82533117 0.27843137 0.21568627 0.17647059
v 0.25072476 1.49441820 0.82952494 0.27058824 0.20784314 0.16862745
v 0.25446829 1.52447650 0.83083379 0.25490196 0.20000000 0.16470588
v 0.55126121 1.69674711 0.79526233 0.28235294 0.21960784 0.17254902
v 0.48889346 1.72985369 0.79265977 0.30196078 0.23529412 0.18431373
v 0.60310093 1.72803617 0.80998377 0.30588235 0.23921569 0.18431373
v 0.35627289 1.15838934 0.74660364 0.27843137 0.21568627 0.17254902
v 0.37846773 1.20730944 0.76346297 0.28235294 0.21568627 0.17254902
v 0.04599909 0.46137539 0.46174483 0.29019608 0.22745098 0.18039216
v 0.04803065 0.52729034 0.50334349 0.30196078 0.23137255 0.17647059
v 0.05542105 0.41880090 0.49159595 0.30980392 0.23529412 0.17647059
v 0.04449659 0.46600342 0.51672363 0.27450980 0.21176471 0.16470588
v 0.55604230 0.70864227 0.66772491 0.22745098 0.17647059 0.14901961
v 0.60239537 0.69605150 0.65282116 0.23529412 0.18039216 0.15294118
v 0.60450723 0.72410236 0.65907134 0.16470588 0.12941176 0.12549020
v 0.61504208 0.71931306 0.64164563 0.18431373 0.14509804 0.13333333
v 0.61935050 0.70396744 0.64870090 0.17254902 0.13333333 0.12941176
v 0.63003045 0.71191776 0.66088233 0.14509804 0.11372549 0.11764706
v 0.63813266 0.72413228 0.66632824 0.15686275 0.12549020 0.12156863
v 0.64608139 0.74283470 0.68606949 0.16078431 0.12549020 0.12549020
v 0.13663649 1.53770382 0.82908280 0.18039216 0.13725490 0.12941176
v 0.13304577 1.61771695 0.84793578 0.16470588 0.12941176 0.12549020
v 0.21631093 1.58974386 0.84337192 0.17647059 0.13725490 0.12941176
v 0.65536074 1.09938885 0.73896000 0.14901961 0.11764706 0.11764706
v 0.69730750 1.08409557 0.74307822 0.18431373 0.14509804 0.13333333
v 0.69606068 1.10565800 0.74549577 0.15686275 0.12156863 0.12156863
v 0.59986200 0.74265301 0.70493277 0.16862745 0.12941176 0.12549020
v 0.62312150 0.76495117 0.72049350 0.14901961 0.11764706 0.11764706
v 0.27625275 0.43490731 0.45521717 0.15294118 0.12156863 0.12156863
v 0.32922363 0.40438833 0.45264553 0.16470588 0.12941176 0.12549020
v 0.34153748 0.46094413 0.46715484 0.16078431 0.12549020 0.12549020
v 0.13616509 1.36667651 0.74861650 0.16078431 0.12549020 0.12549020
v 0.11907196 1.40665329 0.80043749 0.19215686 0.14901961 0.13725490
v 0.11613098 1.40100098 0.76700175 0.15294118 0.11764706 0.11764706
v 0.14557898 1.41242459 0.75942797 0.19215686 0.14901961 0.13725490
v 0.13780402 1.45291619 0.77492761 0.20784314 0.16078431 0.14509804
v 0.14780679 1.38045348 0.74345145 0.18823529 0.14901961 0.13725490
v 0.19862139 1.37714505 0.79031216 0.22352941 0.17254902 0.15294118
v 0.22781041 1.39970927 0.80097621 0.20392157 0.15686275 0.14117647
v 0.09799349 1.93077535 0.91578047 0.20000000 0.15686275 0.14117647
v 0.10143708 1.92110002 0.92644187 0.17254902 0.13333333 0.12941176
v 0.55474885 1.55524701 0.88303724 0.22745098 0.17647059 0.15294118
v 0.54302719 1.65205609 0.89329192 0.25098039 0.19607843 0.16470588
v 0.60653448 1.56395580 0.89138503 0.22745098 0.17647059 0.15294118
v 0.65969920 1.58685371 0.89927288 0.22745098 0.17647059 0.14901961
v 0.09472345 0.41941452 0.43189234 0.20784314 0.16078431 0.14509804
v 0.12856797 0.42836188 0.44583816 0.20784314 0.16078431 0.14509804
v 0.31253692 1.23067316 0.76651715 0.21960784 0.16862745 0.14901961
v 0.32277509 1.25314608 0.77340831 0.20392157 0.16078431 0.14509804
v 0.35448441 1.24286192 0.77042373 0.22352941 0.17254902 0.15294118
v 0.38539362 1.24684459 0.77300865 0.21568627 0.16862745 0.14509804
v 0.16234207 0.48935348 0.45471899 0.17254902 0.13333333 0.12941176
v 0.99603357 0.41481530 0.71438678 0.24313725 0.18823529 0.15686275
v 1.02498663 0.39934491 0.73058777 0.22745098 0.17647059 0.14901961
v 1.04511932 0.40079136 0.74740448 0.21176471 0.16470588 0.14901961
v 1.05411529 0.36769979 0.74393093 0.21960784 0.17254902 0.15294118
v 1.00506334 0.96212468 0.76094443 0.25490196 0.19607843 0.16470588
v 0.53966715 1.09677396 0.75259611 0.17254902 0.13333333 0.12941176
v 0.71082232 0.71044687 0.75291280 0.24705882 0.19215686 0.16470588
v 0.68460575 0.72196043 0.70706514 0.23529412 0.18431373 0.16078431
v 0.71336426 0.72286329 0.74225232 0.24313725 0.18823529 0.16078431
v 0.68198908 0.72364205 0.73971553 0.24313725 0.18823529 0.16078431
v 0.69162266 0.73994123 0.69030568 0.19215686 0.14901961 0.13725490
v 0.67539339 0.74422749 0.70873120 0.20392157 0.15686275 0.14117647
v 0.71970804 0.71931252 0.69716196 0.23529412 0.18431373 0.16078431
v 0.72405935 0.78148698 0.69255617 0.21960784 0.16862745 0.14509804
v 1.15665824 1.72174386 0.91358619 0.25098039 0.19607843 0.16470588
v 0.79171684 2.48190455 1.13928199 0.24705882 0.19215686 0.16470588
v 0.83159926 2.51238874 1.16308365 0.21568627 0.16862745 0.14901961
v 0.85743170 2.50493276 1.16630863 0.24313725 0.18823529 0.15686275
v 0.85393096 2.52041753 1.10465883 0.30980392 0.23921569 0.18431373
v 1.32274961 0.94578849 0.76255284 0.28627451 0.22352941 0.17647059
v 0.32500084 1.28232393 0.77808338 0.20392157 0.16078431 0.14509804
v 0.32443780 1.30911058 0.78582766 0.19215686 0.14901961 0.13725490
v 0.34343059 1.29149920 0.78397585 0.18823529 0.14509804 0.13725490
v 0.35768471 1.26962859 0.77537649 0.19607843 0.15294118 0.14117647
v 0.39511855 1.28859212 0.78212363 0.18431373 0.14117647 0.13333333
v 0.83874009 0.34176130 0.66368629 0.26274510 0.20392157 0.16470588
v 0.30649858 2.16331828 0.95712214 0.25098039 0.19215686 0.16078431
v 0.32750390 2.16046539 1.00347112 0.25098039 0.19607843 0.16078431
v 0.34545623 2.14398950 0.99568883 0.22745098 0.17647059 0.15294118
v 0.35558412 2.16431934 1.00858750 0.21568627 0.16470588 0.14509804
v 0.37425610 2.14724723 0.95976181 0.18039216 0.14117647 0.13333333
v 0.39149728 2.15353456 1.00472807 0.22352941 0.17254902 0.15294118
v 0.09716797 0.36102570 0.40780094 0.20000000 0.15686275 0.14117647
v 0.13513754 0.36869986 0.42811548 0.21960784 0.17254902 0.14901961
v 0.25649764 1.87855106 0.90149259 0.19607843 0.15294118 0.14117647
v 0.24440490 1.89120846 0.90876506 0.19607843 0.15294118 0.14117647
v 0.23980567 1.87239892 0.91029706 0.20392157 0.16078431 0.14509804
v 0.25870007 1.89452390 0.91548533 0.20784314 0.16078431 0.14509804
v 0.27173695 1.90011242 0.90209621 0.20392157 0.16078431 0.14509804
v 0.24186122 1.90657792 0.91197334 0.20000000 0.15686275 0.14117647
v 0.24840882 1.92092290 0.91907263 0.20392157 0.16078431 0.14509804
v 0.27009915 1.91983478 0.91062381 0.20392157 0.16078431 0.14509804
v 0.22662709 1.94041942 0.91417838 0.20392157 0.16078431 0.14509804
v 0.26903689 1.93433828 0.93207756 0.23529412 0.18431373 0.16078431
v 0.27307484 1.95124121 0.90921816 0.20392157 0.16078431 0.14509804
v 0.27458096 1.94562738 0.91976113 0.20392157 0.16078431 0.14509804
v 0.27641091 1.86841058 0.91010060 0.20784314 0.16078431 0.14509804
v 0.28447081 1.88557080 0.90812374 0.20392157 0.16078431 0.14509804
v 0.29524514 1.92082049 0.91524689 0.20392157 0.16078431 0.14509804
v 0.29780235 1.89810813 0.90691539 0.20392157 0.16078431 0.14509804
v 0.32474653 1.86535490 0.92306006 0.21960784 0.16862745 0.14901961
v 0.26537872 1.22734122 0.75745376 0.22352941 0.17254902 0.15294118
v 0.23430685 1.22910236 0.75406778 0.22745098 0.17647059 0.14901961
v 0.24063929 1.25419754 0.76601255 0.21568627 0.16862745 0.14509804
v 0.29390911 1.23936038 0.76611178 0.21960784 0.17254902 0.14901961
v 0.27002415 1.27021806 0.77359239 0.20392157 0.16078431 0.14509804
v 0.04947207 0.41345215 0.51883731 0.23921569 0.18431373 0.15294118
v 0.18111890 1.71126522 0.86390820 0.20392157 0.15686275 0.14117647
v 0.20638168 1.74058551 0.86778762 0.20392157 0.15686275 0.14117647
v 0.15771081 1.74626283 0.87591629 0.17647059 0.13725490 0.12941176
v 0.21460593 1.71691121 0.85362900 0.23921569 0.18431373 0.16078431
v 0.23220685 1.71874816 0.84411302 0.24313725 0.18823529 0.16078431
v 0.24458166 1.74067275 0.87525063 0.20392157 0.15686275 0.14117647
v 0.25077689 1.71542372 0.84130227 0.24313725 0.18823529 0.16078431
v 0.28316851 1.72832819 0.88187825 0.19607843 0.15294118 0.13725490
v 0.29000508 1.50927209 0.81714022 0.22745098 0.17647059 0.15294118
v 1.12662112 1.75877869 0.99370999 0.23137255 0.17647059 0.14901961
v 1.16053196 1.75558207 0.99907552 0.24313725 0.18431373 0.15294118
v 1.21788923 2.03230642 1.09614224 0.24313725 0.18823529 0.16078431
v 1.25101061 2.08199241 1.11926292 0.23529412 0.18431373 0.15686275
v 1.28597527 2.04764489 1.11291275 0.21176471 0.16078431 0.14509804
v 1.28062075 1.95566559 1.07729594 0.21568627 0.16862745 0.14901961
v 1.30474574 1.96225862 1.09493989 0.18823529 0.14509804 0.13725490
v 0.06469397 0.89165716 0.54167158 0.24313725 0.19215686 0.16862745
v 1.09189157 0.24468673 0.65927914 0.23137255 0.18039216 0.15686275
v 1.12908936 0.22048304 0.66178429 0.22745098 0.17647059 0.14901961
v 1.17503978 0.26223502 0.67425603 0.22745098 0.17647059 0.15294118
v 0.42989209 0.32978398 0.44420294 0.22745098 0.17647059 0.15294118
v 1.35900205 2.18461089 1.16894959 0.17254902 0.13333333 0.12941176
v 0.56512888 1.94194675 0.96481692 0.24705882 0.19215686 0.16470588
v 0.45289658 0.40315261 0.59096057 0.22745098 0.17647059 0.14901961
v 0.49658064 0.45739045 0.61200740 0.18823529 0.14509804 0.13333333
v 0.83792655 0.73240509 0.73580649 0.25490196 0.20000000 0.17254902
v 0.10037742 1.68784271 0.74394493 0.20784314 0.16078431 0.14117647
v 0.29428356 2.57464975 1.02194332 0.31764706 0.26274510 0.22745098
v 0.31300789 2.57767810 1.03004104 0.38823529 0.34901961 0.30980392
v 0.93201354 1.60957767 0.93888581 0.23921569 0.18431373 0.15294118
v 0.95213330 1.65775535 0.94800757 0.19607843 0.15294118 0.14117647
v 0.96691018 1.68333601 0.95466668 0.17647059 0.13725490 0.13333333
v 1.00267608 1.70598819 0.96327456 0.22352941 0.17254902 0.15294118
v 0.31433391 0.49936518 0.58960345 0.23529412 0.18039216 0.15294118
v 0.45263945 1.68734585 0.78002789 0.24313725 0.18823529 0.15686275
v 0.49536133 1.78051758 0.81046950 0.22745098 0.17254902 0.15294118
v 0.80534333 1.01568521 0.73023017 0.18039216 0.14117647 0.13333333
v 0.81207821 0.99073672 0.73598182 0.18823529 0.14509804 0.13725490
v 0.82790916 1.02001849 0.75167957 0.17254902 0.13333333 0.12941176
v 0.81221513 1.03363690 0.71653791 0.20392157 0.15686275 0.14117647
v 0.83506335 1.02409762 0.72390637 0.20784314 0.16078431 0.14117647
v 0.80629887 1.02214588 0.75730599 0.18823529 0.14509804 0.13333333
v 0.81434029 1.04131939 0.73443937 0.21176471 0.16470588 0.14509804
v 0.80025612 1.02913496 0.74121798 0.17254902 0.13333333 0.12941176
v 0.80292914 1.05308985 0.75172240 0.22352941 0.17254902 0.15294118
v 0.85259636 1.01820170 0.72557872 0.20392157 0.15686275 0.14117647
v 0.85238301 1.04173539 0.72659063 0.20000000 0.15686275 0.14117647
v 0.84090711 1.05674961 0.74839208 0.17254902 0.13333333 0.12941176
v 0.84066794 0.98671540 0.73731437 0.20784314 0.16078431 0.14509804
v 0.85623870 1.04944032 0.74995159 0.17254902 0.13333333 0.12941176
v 0.85598243 1.05770739 0.72998240 0.19607843 0.14901961 0.13725490
v 0.86420725 1.02577331 0.73424370 0.19607843 0.14901961 0.13725490
v 0.85284045 1.07843687 0.73907588 0.19215686 0.14901961 0.13725490
v 0.88353807 1.03547679 0.75242615 0.17254902 0.13333333 0.12941176
v 0.87501362 1.06037182 0.73826805 0.17254902 0.13333333 0.12941176
v 0.87174295 1.06858733 0.75441478 0.17254902 0.13333333 0.12941176
v 0.88556379 1.02209547 0.74361936 0.20784314 0.16078431 0.14509804
v 0.89461238 1.05518209 0.75196119 0.16078431 0.12549020 0.12156863
v 0.39335265 1.93568140 0.94622583 0.24705882 0.19215686 0.16470588
v 0.48705873 0.26598479 0.42673900 0.24705882 0.18823529 0.15686275
v 0.51921939 0.32839991 0.45874100 0.23921569 0.18431373 0.15294118
v 0.82742351 2.47650162 1.14870624 0.23137255 0.18039216 0.15686275
v 0.91797787 0.19979296 0.53122357 0.23137255 0.17647059 0.14901961
v 0.87559381 0.54598952 0.75163121 0.24705882 0.19215686 0.16078431
v 0.09208687 1.79736328 0.88580322 0.19215686 0.14901961 0.13725490
v 0.10033964 1.80819702 0.78639939 0.20000000 0.15686275 0.14509804
v 1.00770500 0.57730378 0.71310884 0.18431373 0.14509804 0.13333333
v 0.99022136 0.58365543 0.72661765 0.18039216 0.14117647 0.13333333
v 0.99835642 0.58759419 0.70263181 0.17254902 0.13333333 0.12941176
v 1.02101914 0.58305749 0.70101066 0.18039216 0.14117647 0.13333333
v 1.01694942 0.59782240 0.68644879 0.17254902 0.13333333 0.12941176
v 0.98839213 0.59835251 0.68731350 0.17254902 0.13333333 0.12941176
v 0.99001792 0.60105179 0.70702599 0.16862745 0.12941176 0.12549020
v 1.02104269 0.59180015 0.72278070 0.18431373 0.14509804 0.13333333
v 1.01424662 0.61084597 0.70553151 0.17254902 0.13333333 0.12941176
v 1.02985336 0.56755848 0.71990341 0.18823529 0.14509804 0.13725490
v 1.03683724 0.59965982 0.69624517 0.17647059 0.13725490 0.12941176
v 1.04192744 0.60017508 0.71886630 0.17254902 0.13333333 0.12941176
v 1.05760704 0.57636935 0.73697435 0.20392157 0.15686275 0.14117647
v 1.05486493 0.56647925 0.71309725 0.17647059 0.13333333 0.12941176
v 1.05695496 0.59127987 0.70285454 0.16470588 0.12941176 0.12549020
v 1.06816366 0.58371792 0.73322814 0.19215686 0.14901961 0.13725490
v 1.09311864 0.57083775 0.72865301 0.20000000 0.15686275 0.14509804
v 1.23238965 1.82350159 0.94074132 0.21960784 0.17254902 0.15294118
v 0.32104758 2.30168620 0.98207539 0.26274510 0.20000000 0.16078431
v 0.33979338 2.33156025 0.99223276 0.29019608 0.21960784 0.16862745
v 0.33539104 2.31946194 0.98280010 0.20392157 0.16078431 0.14509804
v 0.35452235 2.30496783 0.97004565 0.20392157 0.16078431 0.14509804
v 0.34435083 2.30032705 0.99371561 0.20784314 0.16078431 0.14117647
v 0.60228267 1.49194767 0.76147345 0.15294118 0.12156863 0.12156863
v 0.55904628 0.42624147 0.61416331 0.23137255 0.17647059 0.15294118
v 1.16453674 1.71492870 0.99129651 0.22745098 0.17647059 0.15294118
v 0.40061800 2.78468842 1.08381384 0.27843137 0.21176471 0.16470588
v 0.39219583 2.77025726 1.10810844 0.23529412 0.18039216 0.15294118
v 0.40981778 2.79260330 1.09921522 0.22745098 0.17647059 0.14901961
v 0.41311964 2.78413147 1.10893823 0.20784314 0.16078431 0.14509804
v 0.43777056 2.78470070 1.09634365 0.20784314 0.16078431 0.14117647
v 0.45613455 2.80853847 1.09020827 0.14509804 0.11372549 0.11764706
v 0.94931512 0.39816876 0.69526813 0.21568627 0.16862745 0.14509804
v 1.27043549 2.02838750 1.00205786 0.20784314 0.16078431 0.14117647
v 1.30714333 2.05647483 1.00828277 0.22352941 0.17254902 0.14901961
v 1.29617310 1.97587038 0.99187203 0.16470588 0.12941176 0.12549020
v 0.56451225 2.77053676 1.13956424 0.25098039 0.19607843 0.16470588
v 1.15399579 0.89787448 0.79296256 0.24313725 0.18431373 0.15294118
v 0.75912991 2.39201486 1.06908446 0.25490196 0.19607843 0.16078431
v 0.75341623 2.41584501 1.06910176 0.22745098 0.18039216 0.16078431
v 0.77425148 2.40799028 1.06798693 0.23921569 0.18431373 0.15686275
v 1.15228117 0.19794677 0.64672500 0.23137255 0.18039216 0.15686275
v 1.01416102 1.55742487 0.93355080 0.21176471 0.16470588 0.14509804
v 0.33296474 2.28532044 1.00939555 0.23529412 0.18431373 0.15686275
v 0.33972997 2.29065139 1.02208684 0.27843137 0.21568627 0.16862745
v 0.33899688 2.29995665 1.01302784 0.20000000 0.15686275 0.14117647
v 0.93899542 2.53000997 1.11168585 0.23529412 0.18039216 0.15294118
v 0.93747256 2.53297059 1.13166831 0.24313725 0.18823529 0.15686275
v 0.95734034 2.54563451 1.11179809 0.17254902 0.13333333 0.12941176
v 0.38535060 0.49753551 0.60324303 0.19215686 0.14901961 0.13725490
v 0.37958788 0.42748802 0.58489815 0.21960784 0.16862745 0.15294118
v 0.97879884 0.97223777 0.75142889 0.24313725 0.18823529 0.16470588
v 1.32266029 1.38876128 0.88962418 0.24313725 0.18823529 0.16078431
v 0.32649222 2.21588755 0.97689151 0.28627451 0.21960784 0.16862745
v 1.15101391 2.58096619 1.15195947 0.22352941 0.17254902 0.14901961
v 1.14521446 2.60140655 1.16148527 0.24705882 0.19215686 0.16078431
v 1.15927095 2.59790776 1.20128683 0.27058824 0.20784314 0.17254902
v 1.15896776 2.54506695 1.14148123 0.24313725 0.18431373 0.15294118
v 1.16104324 2.54792032 1.15552691 0.22352941 0.17254902 0.14901961
v 1.01784618 2.11768646 1.09952174 0.21176471 0.16470588 0.14509804
v 1.02899695 2.13034052 1.07098992 0.25098039 0.20000000 0.17647059
v 1.03208190 2.13396510 1.10341042 0.22745098 0.17647059 0.15686275
v 1.06708446 2.15107101 1.11005132 0.21176471 0.16470588 0.14901961
v 0.99066666 2.58710107 1.12868678 0.30196078 0.23529412 0.18431373
v 0.80601502 0.96371701 0.75058971 0.17254902 0.13333333 0.12941176
v 0.13068268 0.59425092 0.47364129 0.21960784 0.16862745 0.14509804
v 0.83209334 2.70027363 1.22101296 0.25098039 0.19607843 0.16470588
v 0.90007245 2.71948909 1.19296886 0.17254902 0.13333333 0.12941176
v 0.91706160 2.69891691 1.19496433 0.23529412 0.18039216 0.15294118
v 0.91379512 2.70657223 1.18143261 0.21568627 0.16470588 0.14509804
v 0.75004258 0.67532625 0.71668463 0.20392157 0.16078431 0.14509804
v 1.23354435 1.92804038 0.96084804 0.23921569 0.18431373 0.15294118
v 0.61742946 0.56053396 0.72199066 0.20784314 0.16078431 0.14117647
v 1.28805309 1.35172225 0.83171652 0.25882353 0.20000000 0.16078431
v 0.81720419 0.46098823 0.70704293 0.25098039 0.19215686 0.15686275
v 0.78605791 0.47597283 0.71823529 0.21176471 0.16470588 0.14509804
v 0.86489678 0.43626690 0.73289837 0.24705882 0.18823529 0.15686275
v 0.92436894 0.28313812 0.63170233 0.24705882 0.18823529 0.15686275
v 0.93766597 0.28778104 0.63978443 0.23137255 0.18039216 0.15294118
v 0.94941423 0.28588899 0.66235847 0.25490196 0.20000000 0.16470588
v 0.35673717 0.85935563 0.70085460 0.16862745 0.12941176 0.12549020
v 0.40174461 0.91043557 0.71803069 0.16470588 0.12941176 0.12549020
v 0.38390646 0.95749482 0.72204560 0.21176471 0.16470588 0.14509804
v 0.31222679 1.63736253 0.83215723 0.14509804 0.11372549 0.11764706
v 0.40051244 1.61261739 0.86261206 0.20000000 0.15686275 0.14509804
v 0.61100669 1.39605565 0.85609246 0.16470588 0.12941176 0.12549020
v 0.57974088 1.42431283 0.86332384 0.19215686 0.14901961 0.13725490
v 0.63683319 1.45345237 0.87950225 0.21176471 0.16862745 0.16078431
v 0.65152500 1.37378453 0.84797358 0.17254902 0.13333333 0.12941176
v 0.61510914 0.32087708 0.60520380 0.23529412 0.18431373 0.15686275
v 0.63184028 0.28691060 0.59776267 0.24705882 0.19215686 0.16078431
v 0.58269486 0.80445281 0.71937873 0.18823529 0.14509804 0.13333333
v 0.64056100 0.78676866 0.72477488 0.18039216 0.14117647 0.13333333
v 0.16810483 1.78737568 0.88210893 0.18823529 0.14509804 0.13725490
v 0.19824319 1.78839991 0.87842697 0.18039216 0.14117647 0.13333333
v 1.25562705 2.12793183 1.01224933 0.27843137 0.21568627 0.16862745
v 0.94496357 1.15341227 0.77491944 0.23529412 0.18039216 0.15294118
v 0.92391951 1.17509781 0.77478875 0.20392157 0.16078431 0.14509804
v 1.13251516 0.32222574 0.76241553 0.18431373 0.14509804 0.13333333
v 1.14375683 0.31370574 0.73968372 0.17647059 0.13725490 0.12941176
v 1.16506289 0.33059177 0.72661602 0.19607843 0.15294118 0.13725490
v 0.84531120 2.15225161 1.02769983 0.14509804 0.11372549 0.11764706
v 0.83620906 2.17714891 1.04828225 0.14901961 0.11764706 0.11764706
v 0.85302450 2.15381411 1.03513975 0.14509804 0.11372549 0.11764706
v 0.27859778 1.07714619 0.72120078 0.21960784 0.16862745 0.14901961
v 0.85298061 0.33061769 0.64629423 0.24313725 0.18823529 0.16078431
v 1.14196960 2.38681843 1.16329293 0.17254902 0.13333333 0.12941176
v 1.15116854 2.38319730 1.17056045 0.14509804 0.11372549 0.11764706
v 1.16414994 2.38608510 1.17813232 0.19215686 0.14901961 0.13725490
v 1.15731780 2.38558005 1.12785120 0.21176471 0.16470588 0.14901961
v 1.16721840 2.36361643 1.15408201 0.18823529 0.14509804 0.13725490
v 1.14944446 2.35369711 1.16855519 0.20392157 0.15686275 0.13725490
v 1.17468517 2.40870274 1.12913205 0.25490196 0.19607843 0.16078431
v 0.58047220 2.74657105 1.12245499 0.22352941 0.17647059 0.15294118
v 0.58328247 2.72512135 1.12774865 0.22745098 0.17647059 0.15294118
v 0.58310666 2.73330893 1.14495403 0.23137255 0.17647059 0.15294118
v 0.58958345 2.70958411 1.14463688 0.25490196 0.19607843 0.16078431
v 0.59113125 2.73175269 1.15738867 0.19607843 0.15294118 0.13725490
v 0.58685354 2.76435054 1.16145485 0.18823529 0.14509804 0.13333333
v 0.60051889 2.74751448 1.13747785 0.18823529 0.14509804 0.13333333
v 0.59560611 2.75097458 1.16120886 0.19607843 0.15294118 0.13725490
v 0.60726750 2.73314196 1.14257994 0.24313725 0.18823529 0.15686275
v 1.09672546 0.64612777 0.81896875 0.22352941 0.17254902 0.14901961
v 1.15194702 0.64464695 0.81498316 0.23921569 0.18431373 0.15294118
v 0.98776791 2.02528192 1.05670812 0.17647059 0.13725490 0.12941176
v 0.99403059 2.04388937 1.06610249 0.18431373 0.14117647 0.13333333
v 1.01469056 2.04468713 1.07369076 0.18431373 0.14509804 0.13725490
v 1.01999121 1.98204684 1.05598342 0.20392157 0.16078431 0.14509804
v 0.63205724 0.89262998 0.67247748 0.17254902 0.13333333 0.12941176
v 0.61485120 0.90120134 0.66508439 0.17254902 0.13333333 0.12941176
v 0.88170791 1.03070123 0.76474747 0.17254902 0.13333333 0.12941176
v 0.90133806 1.06840362 0.78037186 0.16470588 0.12549020 0.12549020
v 0.90246356 1.02763518 0.75594092 0.19607843 0.15294118 0.14117647
v 0.87692734 1.08107908 0.77043499 0.17647059 0.13333333 0.12941176
v 0.89656087 1.06928272 0.76388424 0.15686275 0.12156863 0.12156863
v 0.91787355 1.04064370 0.76332498 0.18823529 0.14509804 0.13333333
v 0.92075799 1.02826813 0.73976203 0.20784314 0.16078431 0.14509804
v 0.68669552 0.78177450 0.69205577 0.18039216 0.14117647 0.13333333
v 0.70051923 0.77804419 0.72691585 0.18431373 0.14509804 0.13333333
v 0.67243536 0.76725447 0.71415245 0.16862745 0.12941176 0.12549020
v 1.08460380 0.39305143 0.77303086 0.19215686 0.14901961 0.13725490
v 1.10356722 0.33385793 0.76553829 0.17647059 0.13725490 0.12941176
v 1.14257812 0.40774594 0.79892721 0.19215686 0.14901961 0.13725490
v 1.14011865 2.74891150 1.11155586 0.27450980 0.21176471 0.16862745
v 0.45818288 2.77623494 1.08249108 0.20392157 0.16078431 0.14509804
v 0.45781325 2.77846962 1.06773305 0.20392157 0.16078431 0.14509804
v 0.47760775 2.81918103 1.08214945 0.17254902 0.13725490 0.12941176
v 0.46585540 2.79743865 1.08571585 0.20000000 0.15686275 0.14509804
v 0.69752385 2.07888269 1.02542323 0.14509804 0.11372549 0.11764706
v 0.68042007 2.10575026 1.03231799 0.14509804 0.11372549 0.11764706
v 0.67661214 2.13016659 1.04115227 0.16470588 0.12941176 0.12549020
v 0.71542948 2.10144026 1.03489619 0.14509804 0.11372549 0.11764706
v 0.73058773 2.06052960 1.02014480 0.15294118 0.11764706 0.12156863
v 0.72539015 2.12530722 1.04071550 0.14901961 0.11372549 0.11764706
v 0.74947004 2.10416151 1.03545790 0.14509804 0.11372549 0.11764706
v 0.77372708 2.08841170 1.03336477 0.16078431 0.12549020 0.12549020
v 0.25125649 0.50375535 0.46534698 0.16470588 0.12941176 0.12549020
v 0.79691893 2.28884807 1.04041266 0.25882353 0.20000000 0.16078431
v 0.11810717 1.67586826 0.86779604 0.14901961 0.11372549 0.11764706
v 0.09868482 1.76193618 0.88964344 0.16078431 0.12549020 0.12549020
v 0.08355750 0.48822966 0.54739061 0.20784314 0.16078431 0.14117647
v 0.08550787 0.55275758 0.55976737 0.17254902 0.13333333 0.12941176
v 0.09860539 1.81943715 0.90122314 0.16078431 0.12549020 0.12156863
v 0.12690705 1.85903413 0.90848342 0.18823529 0.14901961 0.13725490
v 1.26131564 1.95478979 0.98246555 0.18039216 0.14117647 0.13333333
v 1.15404430 0.36323206 0.77772385 0.16470588 0.12941176 0.12549020
v 0.31815590 1.80148057 0.90181976 0.15686275 0.12156863 0.12156863
v 0.29361812 1.77537356 0.89100540 0.16470588 0.12549020 0.12549020
v 1.30405988 1.00149216 0.85790879 0.17254902 0.13725490 0.12941176
v 0.84779742 1.52834771 0.90494475 0.26274510 0.20000000 0.16078431
v 0.88433158 1.47296658 0.89399792 0.25098039 0.19215686 0.16078431
v 1.14924474 0.29240252 0.69501306 0.20392157 0.15686275 0.14117647
v 0.55091338 0.47453055 0.49413962 0.17647059 0.13725490 0.13333333
v 0.57093267 0.43261110 0.49024061 0.18039216 0.14117647 0.13333333
v 0.22817283 1.42212810 0.80894219 0.18039216 0.13725490 0.13333333
v 0.26915100 1.44486782 0.81898188 0.16862745 0.12941176 0.12549020
v 0.27724350 1.47136150 0.82477727 0.18823529 0.14509804 0.13333333
v 1.14948261 1.62540080 0.86662669 0.23529412 0.18431373 0.16078431
v 1.04006365 1.72400962 0.96647281 0.23529412 0.18039216 0.15294118
v 0.27699471 1.64079641 0.74586513 0.20392157 0.15686275 0.14117647
v 0.07722852 1.04540715 0.57630510 0.19215686 0.14901961 0.13725490
v 1.14613902 1.07998311 0.78448914 0.15686275 0.12156863 0.12156863
v 1.09730999 1.07409278 0.76872700 0.18823529 0.14509804 0.13333333
v 1.11064812 1.09185928 0.77914356 0.14901961 0.11764706 0.11764706
v 1.12742924 1.09806766 0.78958215 0.16470588 0.12941176 0.12549020
v 0.65341621 0.49273673 0.51156962 0.18823529 0.14901961 0.13725490
v 0.62253326 0.41481804 0.49764030 0.16470588 0.12941176 0.12549020
v 1.16853898 0.42675781 0.77734375 0.20392157 0.15686275 0.14117647
v 0.11517564 1.84784448 0.77510073 0.18823529 0.14901961 0.13725490
v 0.16399847 1.87210233 0.79311507 0.19607843 0.15294118 0.14117647
v 0.06708199 1.10156411 0.70622307 0.18823529 0.14509804 0.13725490
v 0.17330836 2.71693023 1.03374202 0.32156863 0.24705882 0.18431373
v 0.81607551 2.25421969 1.08285828 0.15294118 0.12156863 0.12156863
v 0.81345703 2.26164760 1.09577091 0.14901961 0.11764706 0.11764706
v 0.80298672 2.27875701 1.09329707 0.19215686 0.14901961 0.13725490
v 0.82318467 2.29065949 1.10030049 0.21176471 0.16078431 0.14117647
v 0.83133468 2.26731502 1.10077939 0.14509804 0.11372549 0.11764706
v 0.83607432 2.24826798 1.09834333 0.15686275 0.12156863 0.12156863
v 0.83882063 2.29505480 1.10010629 0.18039216 0.13725490 0.12941176
v 0.83436304 2.22789286 1.08585841 0.16078431 0.12549020 0.12156863
v 0.84608948 2.28954566 1.10918848 0.14509804 0.11372549 0.11764706
v 0.85742803 2.24746806 1.10311369 0.15294118 0.11764706 0.11764706
v 0.13949933 1.68385825 0.81319626 0.15686275 0.12156863 0.12156863
v 0.12069878 1.67690040 0.82057074 0.18039216 0.14117647 0.13333333
v 0.13083937 1.70790010 0.80096119 0.14509804 0.11372549 0.11764706
v 0.15907917 1.69619449 0.86474835 0.17647059 0.13725490 0.12941176
v 0.52600310 2.65361927 1.14010032 0.20392157 0.15686275 0.14117647
v 0.52647079 2.67631734 1.14576962 0.20784314 0.16078431 0.14117647
v 0.54466990 2.66078325 1.14253537 0.21960784 0.16862745 0.14509804
v 0.10031408 0.32507142 0.40393612 0.17254902 0.13333333 0.12941176
v 0.10914680 0.30589739 0.41796875 0.18431373 0.14117647 0.13333333
v 0.12787903 1.68074948 0.78761315 0.17254902 0.13333333 0.12941176
v 0.56779477 0.76718375 0.71032357 0.17254902 0.13333333 0.12941176
v 0.59975122 0.77421502 0.71566069 0.15294118 0.11764706 0.12156863
v 0.19724005 0.44067170 0.45114448 0.19215686 0.14901961 0.13333333
v 0.92881490 2.56219670 1.16135486 0.16470588 0.12941176 0.12549020
v 0.95121523 2.55720719 1.16649732 0.14509804 0.11372549 0.11764706
v 0.95357022 2.58798609 1.17671183 0.14509804 0.11372549 0.11764706
v 0.95236288 2.60739432 1.18246551 0.23529412 0.18431373 0.15686275
v 0.98761016 2.59462224 1.18562168 0.21960784 0.17254902 0.14509804
v 0.98031077 2.55779566 1.17104431 0.15686275 0.12549020 0.12156863
v 0.92339904 1.89900539 1.00950632 0.17647059 0.13725490 0.13333333
v 0.61444818 2.59605292 1.13760888 0.26666667 0.20392157 0.16078431
v 0.68387585 0.43096071 0.50921408 0.20000000 0.15686275 0.14117647
v 0.46063232 0.23704553 0.47086609 0.21176471 0.16470588 0.14509804
v 0.66886132 0.41645054 0.64860968 0.18039216 0.13725490 0.12941176
v 0.67097313 0.44889865 0.65306088 0.17254902 0.13333333 0.12941176
v 0.68768490 0.41404674 0.67190975 0.21176471 0.16470588 0.14117647
v 0.81777758 0.93963432 0.73877205 0.19215686 0.14901961 0.13725490
v 0.79402128 0.94511763 0.74252656 0.21176471 0.16862745 0.14901961
v 0.83555338 0.96367900 0.73689123 0.19215686 0.14901961 0.13725490
v 0.30028964 1.73992153 0.88816148 0.15294118 0.12156863 0.12156863
v 0.35664136 1.72485908 0.89082847 0.17647059 0.13725490 0.12941176
v 0.27643256 2.67886606 1.13058734 0.22352941 0.17647059 0.16078431
v 1.20702621 1.66585178 0.89470314 0.21960784 0.17254902 0.15294118
v 0.19251999 1.10759494 0.72138450 0.17647059 0.13725490 0.12941176
v 0.21964583 1.13420031 0.72825969 0.20392157 0.15686275 0.14117647
v 0.20237022 1.17950635 0.73896544 0.19607843 0.15294118 0.13725490
v 1.12457633 2.34199756 1.11409697 0.21960784 0.17254902 0.14509804
v 1.13934022 2.35812585 1.12691968 0.19215686 0.14901961 0.13725490
v 0.96343311 0.84168324 0.82099430 0.24313725 0.18823529 0.16078431
v 0.42168587 0.96228612 0.72557932 0.18823529 0.14509804 0.13725490
v 0.91569445 2.74544103 1.13248970 0.23137255 0.18039216 0.16078431
v 0.90645482 2.73710074 1.10915328 0.23529412 0.18823529 0.16862745
v 0.39273757 2.36351398 1.02639490 0.32549020 0.24705882 0.17647059
v 0.40589092 2.33740946 1.03221130 0.27450980 0.21176471 0.16862745
v 0.40406508 2.33592711 1.01826551 0.30980392 0.23921569 0.18431373
v 0.40682713 2.36912443 1.01584962 0.29019608 0.22352941 0.16862745
v 0.41341956 2.36200071 1.02852401 0.26274510 0.20392157 0.16470588
v 0.42873599 2.34417413 1.03982274 0.23529412 0.18039216 0.15294118
v 0.43076179 2.33393724 1.05449248 0.22745098 0.17647059 0.15294118
v 0.45566922 2.34740573 1.04755465 0.20392157 0.16078431 0.14509804
v 0.44771165 2.35761490 1.05942043 0.19607843 0.15686275 0.14117647
v 0.44778416 2.35938264 1.03247826 0.21960784 0.16862745 0.14901961
v 0.45271302 2.32441412 1.05703363 0.21176471 0.16470588 0.14509804
v 0.46235772 2.34380477 1.07086203 0.20392157 0.16078431 0.14509804
v 0.73960252 0.48250425 0.73072209 0.17254902 0.13333333 0.12941176
v 0.26957208 1.44753780 0.80559813 0.19607843 0.15294118 0.13725490
v 0.54858943 1.71475006 0.90474329 0.24313725 0.18823529 0.16078431
v 0.55830767 1.73925771 0.91128361 0.24313725 0.19215686 0.16470588
v 0.96356680 2.27795421 1.04877605 0.21568627 0.16862745 0.14901961
v 1.01656994 2.27970172 1.05228222 0.20784314 0.16078431 0.14509804
v 0.13596013 1.26171875 0.64849687 0.27450980 0.21176471 0.16862745
v 0.52615725 0.78632217 0.68202144 0.20000000 0.15294118 0.14117647
v 0.54058410 0.78029437 0.69100893 0.19607843 0.14901961 0.13725490
v 0.43034173 0.46354632 0.60230037 0.18431373 0.14117647 0.13333333
v 0.82334944 0.77671084 0.72473201 0.25098039 0.19607843 0.16862745
v 0.78980573 0.78440059 0.70467930 0.23921569 0.18431373 0.16078431
v 0.90638575 0.33685642 0.72725689 0.25098039 0.19215686 0.16078431
v 0.91280673 0.38055567 0.72094362 0.23137255 0.18039216 0.15686275
v 0.56995613 0.36099789 0.48008583 0.24313725 0.18823529 0.15294118
v 0.58153475 0.40009785 0.48951462 0.21176471 0.16470588 0.14901961
v 0.06576729 1.15997854 0.71099854 0.20392157 0.15686275 0.14117647
v 0.20729453 1.99538479 0.92611638 0.23529412 0.18039216 0.15294118
v 0.25477752 2.01796788 0.91692382 0.21568627 0.16862745 0.14901961
v 0.23150981 1.99862739 0.91837401 0.20392157 0.16078431 0.14509804
v 0.25949399 1.99852490 0.91042795 0.20392157 0.16078431 0.14509804
v 0.26478792 2.03219099 0.92465624 0.23137255 0.18039216 0.15686275
v 0.51452275 2.83515552 1.07378106 0.25098039 0.19215686 0.15686275
v 0.50713768 2.84851136 1.08000989 0.23921569 0.18431373 0.15294118
v 0.53361458 2.85716050 1.06848392 0.20392157 0.16078431 0.14509804
v 0.55184851 2.83884767 1.07842317 0.21568627 0.16862745 0.14509804
v 0.55708186 2.84547372 1.09318652 0.20784314 0.16470588 0.14509804
v 0.55560720 2.85893334 1.07742368 0.19607843 0.15686275 0.14117647
v 0.57062798 2.85240004 1.08620872 0.18823529 0.14509804 0.13725490
v 0.04674508 0.55392838 0.53475508 0.27450980 0.21176471 0.16862745
v 0.04685425 0.49874878 0.54075566 0.21176471 0.16470588 0.14509804
v 0.46756525 1.30336995 0.80152034 0.17647059 0.13725490 0.12941176
v 1.18810909 1.61115502 0.98171644 0.20000000 0.15686275 0.14117647
v 0.10000138 1.72354126 0.77518561 0.19215686 0.14901961 0.13725490
v 0.10518512 1.73669484 0.80349690 0.18823529 0.14509804 0.13725490
v 0.85417568 0.90064416 0.73431230 0.25882353 0.20392157 0.17647059
v 0.89309925 0.90758685 0.74244826 0.27450980 0.21568627 0.17647059
v 0.43980900 2.14408066 0.97175006 0.20392157 0.15686275 0.14117647
v 0.44815815 2.15125850 0.96640618 0.21960784 0.16862745 0.14901961
v 0.43507666 2.16012763 1.00874710 0.22352941 0.17647059 0.15294118
v 0.44283711 2.18555002 0.98555545 0.23137255 0.18039216 0.15686275
v 0.46188154 2.15927973 0.99096464 0.21176471 0.16470588 0.14509804
v 0.46701149 2.18139914 0.97221779 0.22352941 0.17254902 0.14901961
v 0.47336046 2.14224395 1.00391065 0.20784314 0.16078431 0.14509804
v 0.95190459 0.28804923 0.72403063 0.25882353 0.20000000 0.16862745
v 0.65242132 1.33822871 0.83487427 0.21176471 0.16470588 0.14901961
v 0.69998388 1.35664369 0.83753037 0.22352941 0.17254902 0.15294118
v 0.77709521 1.37216529 0.83702864 0.23137255 0.18039216 0.15686275
v 1.29840607 1.87811790 1.07401532 0.22745098 0.17647059 0.15686275
v 1.33642773 1.91573551 1.09775510 0.21176471 0.16470588 0.14901961
v 0.51908658 0.77962852 0.70989295 0.17254902 0.13333333 0.12941176
v 0.17338858 0.26582238 0.41544642 0.22352941 0.17254902 0.14901961
v 0.46728811 2.31102362 1.06833149 0.24705882 0.19215686 0.16078431
v 0.46554800 2.27252351 1.05307229 0.23921569 0.18431373 0.16078431
v 0.58748526 2.70890316 1.10184873 0.25490196 0.19607843 0.16078431
v 0.59182584 2.73024415 1.11114692 0.27843137 0.21568627 0.17254902
v 0.60809476 2.76106566 1.12450316 0.21960784 0.16862745 0.14901961
v 0.34269580 2.29054017 0.98116670 0.21568627 0.16862745 0.14901961
v 0.40178943 0.80718751 0.68390644 0.21176471 0.16470588 0.14901961
v 0.48187787 2.28673895 1.04315699 0.22352941 0.17254902 0.15294118
v 0.50517107 2.28248679 1.02154250 0.25882353 0.20392157 0.17647059
v 0.51985548 2.28535671 1.04971994 0.24705882 0.19215686 0.15686275
v 0.52553637 2.29173218 1.02991591 0.26666667 0.21176471 0.17647059
v 0.55551057 2.28000939 1.05683053 0.21176471 0.16470588 0.14901961
v 0.55275134 2.27786258 1.03072628 0.25882353 0.20392157 0.17647059
v 0.57654500 2.29750956 1.03484262 0.25882353 0.20000000 0.16470588
v 0.58170091 2.30516203 1.05442626 0.21568627 0.16862745 0.14901961
v 1.15718574 2.21594437 1.12920463 0.23137255 0.18039216 0.15294118
v 0.24132114 1.95727163 0.90829882 0.20784314 0.16470588 0.14509804
v 0.24014359 1.95396879 0.92260800 0.23921569 0.18823529 0.16078431
v 0.26400529 1.96422446 0.92936563 0.23921569 0.18823529 0.16078431
v 0.25200782 1.97922552 0.90553181 0.20392157 0.16078431 0.14509804
v 0.27659681 1.97573390 0.91023985 0.20392157 0.16078431 0.14509804
v 0.28614559 1.99704747 0.90168285 0.19607843 0.15294118 0.14117647
v 0.29228254 1.96882061 0.92691748 0.21176471 0.16862745 0.14901961
v 0.29626087 1.99355961 0.91469213 0.18823529 0.14509804 0.13725490
v 0.89177404 0.42002800 0.72817858 0.21960784 0.17254902 0.14901961
v 0.92102699 0.43315511 0.72381045 0.22745098 0.17647059 0.15686275
v 0.78040161 0.99786410 0.73794916 0.24705882 0.19215686 0.16470588
v 1.21127928 1.11476695 0.85089794 0.18823529 0.14509804 0.13725490
v 0.68415512 1.57257813 0.89389648 0.18431373 0.14117647 0.13333333
v 0.70820746 1.59013132 0.90424655 0.22745098 0.17647059 0.15294118
v 0.91467518 1.94124234 1.02244558 0.18039216 0.14117647 0.13333333
v 0.88073180 1.96635424 1.01860293 0.21568627 0.16470588 0.14509804
v 0.96948303 1.93130224 1.02969044 0.19607843 0.15294118 0.14117647
v 0.78026300 2.26605870 0.97361801 0.22745098 0.17647059 0.15294118
v 1.08747268 1.05743879 0.81538498 0.23529412 0.18431373 0.16078431
v 1.07743952 1.08234424 0.77616125 0.20000000 0.15686275 0.14117647
v 1.09986585 1.08988316 0.78867526 0.20000000 0.15686275 0.14117647
v 0.82202939 2.21196681 1.07832224 0.15686275 0.12156863 0.12156863
v 0.81382425 2.23458526 1.08172028 0.19607843 0.15294118 0.13725490
v 0.85404778 2.22599980 1.09447641 0.17254902 0.13333333 0.12941176
v 0.90056995 1.12123198 0.75384965 0.25882353 0.20000000 0.16470588
v 0.89571369 1.16062932 0.76499227 0.27058824 0.20784314 0.16078431
v 0.89446291 1.11659611 0.76952504 0.26666667 0.20784314 0.16862745
v 0.91092797 1.13983221 0.77866087 0.25882353 0.20000000 0.16078431
v 0.91711400 1.15851978 0.77193135 0.24313725 0.18823529 0.15686275
v 0.75130781 1.06021731 0.76737827 0.24313725 0.18823529 0.16078431
v 0.74050428 1.07654560 0.76779298 0.22352941 0.17254902 0.14901961
v 0.78582114 1.09646772 0.78069287 0.24705882 0.18823529 0.15686275
v 0.74248525 1.12839115 0.78222515 0.21176471 0.16470588 0.14509804
v 0.74757888 1.13555739 0.76015565 0.23137255 0.18039216 0.15686275
v 0.77214833 1.12554920 0.78323936 0.24313725 0.18823529 0.15294118
v 0.75840880 1.13522359 0.77069203 0.21960784 0.17254902 0.15294118
v 0.79430589 1.09155975 0.76561404 0.27450980 0.21176471 0.17254902
v 0.79633166 1.13341774 0.76076516 0.26274510 0.20784314 0.17254902
v 0.78261882 1.14621869 0.78940092 0.27843137 0.21176471 0.16470588
v 0.80974259 1.08318360 0.77281895 0.25098039 0.19215686 0.16078431
v 0.81985263 1.10798418 0.77557060 0.29411765 0.22745098 0.17647059
v 0.14520989 1.78983265 0.88870320 0.19607843 0.15294118 0.14117647
v 0.15862212 1.84181536 0.89546266 0.22352941 0.17254902 0.14901961
v 0.16811865 1.88005819 0.90008520 0.22352941 0.17254902 0.14901961
v 0.17137609 1.87220069 0.88488305 0.22352941 0.17254902 0.14901961
v 0.17132294 1.81686912 0.88856508 0.21176471 0.16470588 0.14509804
v 0.18617816 1.85123865 0.88452518 0.23529412 0.18039216 0.15294118
v 0.20186874 1.83482500 0.87865556 0.22352941 0.17254902 0.14901961
v 0.19409282 1.88841487 0.89189237 0.21568627 0.16470588 0.14509804
v 0.59441645 1.75095332 0.91865028 0.28627451 0.22745098 0.18823529
v 0.10548175 1.71354425 0.83102656 0.18823529 0.14901961 0.13725490
v 0.23702119 1.85064817 0.87897116 0.20784314 0.16470588 0.14509804
v 0.23034822 1.82144060 0.87651023 0.20392157 0.15686275 0.14117647
v 0.22137150 1.87249243 0.88472129 0.21960784 0.16862745 0.14901961
v 0.50776865 1.89773326 0.84320187 0.23137255 0.18039216 0.15294118
v 0.27464156 1.51036985 0.82792043 0.24705882 0.18823529 0.15686275
v 0.27576069 1.49166359 0.82024885 0.20784314 0.16078431 0.14509804
v 0.49111643 1.60800569 0.76749558 0.20784314 0.16078431 0.14509804
v 0.30325045 1.31156526 0.78710343 0.20392157 0.16078431 0.14509804
v 0.30718299 1.33746978 0.79085430 0.20392157 0.16078431 0.14509804
v 0.33588105 1.37418674 0.79629485 0.20784314 0.16078431 0.14509804
v 0.28669009 1.36553744 0.79187927 0.20392157 0.16078431 0.14509804
v 1.27496642 1.89662421 1.06111889 0.25490196 0.20000000 0.16862745
v 0.26827754 2.15286119 0.97256830 0.23137255 0.18039216 0.15686275
v 0.27931347 2.14482868 0.96564730 0.26274510 0.20392157 0.16862745
v 0.27770828 2.14957621 0.98266105 0.24313725 0.18823529 0.16078431
v 0.28692638 2.17111689 0.98123148 0.23921569 0.18823529 0.15686275
v 0.29557668 2.15261530 0.99364638 0.29019608 0.21960784 0.17254902
v 0.29408283 2.17855931 0.96818502 0.26274510 0.20392157 0.16862745
v 0.42185974 1.85522461 0.82364098 0.23137255 0.18039216 0.15686275
v 0.13192749 1.13024141 0.72199816 0.18823529 0.14509804 0.13725490
v 0.16411985 1.16652443 0.73129875 0.18039216 0.14117647 0.13333333
v 0.56457969 1.48006677 0.87428796 0.21176471 0.16470588 0.14901961
v 0.53022564 1.52850282 0.87620553 0.22745098 0.17647059 0.15686275
v 0.65560941 1.56100562 0.88898003 0.20784314 0.16078431 0.14509804
v 1.15017260 1.53485411 0.95044389 0.23137255 0.18039216 0.15686275
v 1.13192501 1.56196443 0.95391925 0.23137255 0.18039216 0.15686275
v 1.10786365 1.57766477 0.95583781 0.22745098 0.17647059 0.14901961
v 1.16610101 1.56309939 0.96270390 0.21176471 0.16470588 0.14509804
v 1.17015617 1.54423188 0.95828436 0.20392157 0.16078431 0.14509804
v 1.19382566 1.54597663 0.96748149 0.20392157 0.15686275 0.14117647
v 0.97822469 2.05689768 1.06711757 0.21960784 0.16862745 0.14509804
v 0.98802115 2.08795650 1.08258702 0.17254902 0.13333333 0.12941176
v 1.12995214 2.67181126 1.17174691 0.32941176 0.25098039 0.18039216
v 1.15370906 2.66059703 1.16894301 0.28627451 0.21960784 0.16862745
v 0.85805371 1.19505534 0.72115531 0.26274510 0.20392157 0.16470588
v 0.69496921 0.64698817 0.76888964 0.21960784 0.17254902 0.15294118
v 0.25054114 1.81434974 0.88437760 0.20392157 0.16078431 0.14509804
v 0.27081230 1.83903677 0.89417477 0.20392157 0.16078431 0.14509804
v 0.25495053 1.85122437 0.88652691 0.20392157 0.16078431 0.14509804
v 0.24925649 1.86031575 0.89818067 0.20000000 0.15686275 0.14117647
v 0.22960399 1.85717172 0.90368645 0.20392157 0.16078431 0.14509804
v 0.28155850 1.80527784 0.88985513 0.18823529 0.14509804 0.13725490
v 0.29210644 1.84998390 0.90678502 0.20392157 0.16078431 0.14509804
v 0.31183961 1.83425394 0.90561500 0.19215686 0.14901961 0.13725490
v 0.06467604 0.95932699 0.65705249 0.23137255 0.18039216 0.15686275
v 0.28627214 2.68219729 1.10322658 0.18039216 0.13725490 0.12941176
v 0.68734957 0.45705905 0.69261280 0.19215686 0.14901961 0.13725490
v 0.46982986 2.32245239 1.06115885 0.20784314 0.16078431 0.14117647
v 0.47844506 2.32462027 1.04618018 0.21960784 0.17254902 0.14901961
v 1.32696870 1.61990038 0.95593916 0.25098039 0.19607843 0.16862745
v 1.33177262 1.67977296 0.96549694 0.23921569 0.18431373 0.15686275
v 0.23782334 1.29310314 0.77312778 0.22352941 0.17254902 0.14901961
v 0.25963911 1.32584709 0.78510585 0.20392157 0.16078431 0.14509804
v 0.27702837 1.29930563 0.78142461 0.20392157 0.16078431 0.14509804
v 0.30184096 1.27397808 0.77806633 0.20392157 0.16078431 0.14509804
v 0.59953873 0.88874311 0.67621953 0.17254902 0.13333333 0.12941176
v 0.81559165 1.28708528 0.83356821 0.26274510 0.20000000 0.16078431
v 0.09286924 1.64254870 0.83396361 0.18823529 0.14509804 0.13725490
v 0.09169929 1.68458689 0.86810628 0.17647059 0.13725490 0.12941176
v 0.77245913 1.14550232 0.76292869 0.21568627 0.16862745 0.14901961
v 0.74711874 1.16333424 0.79503218 0.22745098 0.17647059 0.15294118
v 0.77352901 1.14937803 0.77681515 0.20392157 0.16078431 0.14509804
v 0.74692910 1.16671833 0.76008285 0.20392157 0.16078431 0.14509804
v 0.73892422 1.15783314 0.74632817 0.26274510 0.20392157 0.16078431
v 0.78364990 1.17287262 0.76084806 0.23921569 0.18823529 0.16078431
v 0.78720657 1.14910305 0.75511627 0.24705882 0.19215686 0.16470588
v 0.75222538 2.22345141 1.06249261 0.21176471 0.16470588 0.14509804
v 0.74931731 2.24903155 1.07301018 0.25882353 0.20784314 0.18039216
v 0.75277599 2.26331790 1.06963811 0.24705882 0.19607843 0.17254902
v 0.77592480 2.23160452 1.06976120 0.20392157 0.16078431 0.14509804
v 0.78392050 2.24434417 1.08356230 0.20784314 0.16470588 0.14509804
v 0.78903944 2.26236827 1.07665001 0.22745098 0.17647059 0.15294118
v 0.79711181 2.22319344 1.06850115 0.20784314 0.16078431 0.14509804
v 0.77121321 2.20838947 1.04780717 0.20392157 0.16078431 0.14509804
v 0.76793666 2.24507231 1.03450551 0.23921569 0.18431373 0.16078431
v 0.75498444 2.22659346 1.04419422 0.20784314 0.16470588 0.14509804
v 0.73994477 2.25170160 1.05821529 0.24313725 0.19215686 0.16470588
v 0.73799777 2.24632634 1.03475970 0.24705882 0.19215686 0.16470588
v 0.78230880 2.21396880 1.03860847 0.18823529 0.14509804 0.13725490
v 0.77392933 2.26962127 1.03657146 0.25490196 0.20392157 0.18039216
v 0.79070252 2.23849551 1.04131307 0.16078431 0.12549020 0.12549020
v 0.79692385 2.26078599 1.03465882 0.22352941 0.17647059 0.15294118
v 0.87564976 0.28346198 0.63015176 0.24705882 0.19215686 0.15686275
v 0.88896873 1.64404687 0.93796046 0.19607843 0.15294118 0.13725490
v 1.21439890 1.41799254 0.93382226 0.23921569 0.18823529 0.16470588
v 1.19552015 1.34540194 0.89612489 0.23529412 0.18431373 0.16078431
v 0.71271487 2.67462876 1.14980685 0.30196078 0.23529412 0.18431373
v 0.40842717 1.25876274 0.77811665 0.20392157 0.16078431 0.14509804
v 0.42478128 1.23693335 0.77426412 0.24313725 0.18823529 0.16078431
v 0.46563759 1.23252533 0.77770407 0.21960784 0.17254902 0.15294118
v 0.51216257 1.84421249 0.83507400 0.21960784 0.17254902 0.14901961
v 0.83189359 1.40099562 0.86144678 0.25882353 0.20000000 0.16862745
v 0.88098953 1.39947269 0.87098631 0.25490196 0.19607843 0.16470588
v 0.39947210 2.41496052 1.06739868 0.22745098 0.17647059 0.15294118
v 0.36369575 2.40860601 1.07321877 0.26666667 0.20784314 0.16862745
v 0.38757477 2.40082648 1.05691154 0.30196078 0.22745098 0.16862745
v 0.41951832 2.36556751 1.07458095 0.23921569 0.18431373 0.15686275
v 0.18998197 1.21116622 0.74620835 0.22352941 0.17254902 0.14901961
v 0.39200057 2.15312562 0.95927808 0.17254902 0.13333333 0.12941176
v 0.38342036 1.91700584 0.94540196 0.25098039 0.19215686 0.16078431
v 0.07589255 1.23379893 0.63613713 0.23137255 0.18039216 0.15686275
v 0.07302801 1.20754242 0.64844890 0.23529412 0.18039216 0.15294118
v 0.08489990 1.23398510 0.62240560 0.23137255 0.17647059 0.14901961
v 0.07566401 1.16813660 0.66105652 0.23137255 0.18039216 0.15294118
v 0.08595335 1.21239483 0.74493613 0.20392157 0.15686275 0.14117647
v 0.91434463 2.01032866 1.04098819 0.23921569 0.18431373 0.15294118
v 0.95002103 2.02863373 1.04928432 0.21176471 0.16078431 0.14509804
v 0.94066694 1.98746022 1.04058464 0.20392157 0.15686275 0.14117647
v 1.34810826 1.31221975 0.83917812 0.29411765 0.22745098 0.17647059
v 0.22706559 1.38627529 0.78936477 0.20392157 0.16078431 0.14509804
v 0.24675325 1.36831660 0.78624920 0.20392157 0.16078431 0.14509804
v 0.26462154 1.39832504 0.79292902 0.20392157 0.16078431 0.14509804
v 0.24383466 1.40983702 0.79230574 0.20392157 0.16078431 0.14509804
v 0.26856565 1.40319315 0.80292854 0.20392157 0.16078431 0.14509804
v 0.26496084 1.41246338 0.81278553 0.19215686 0.14901961 0.13725490
v 0.25433743 1.42511532 0.80470111 0.19607843 0.15294118 0.14117647
v 0.27700634 1.42919823 0.79766199 0.21176471 0.16470588 0.14509804
v 0.29133649 1.40850702 0.80465029 0.21176471 0.16470588 0.14509804
v 0.29056586 1.42655188 0.81626313 0.21176471 0.16470588 0.14509804
v 0.33538904 1.98731065 0.90022314 0.17254902 0.13333333 0.12941176
v 0.21608512 1.32132880 0.77723911 0.21568627 0.16862745 0.14509804
v 0.07014947 1.24108887 0.73182644 0.20392157 0.15686275 0.14117647
v 0.08026930 1.28449765 0.76211681 0.21176471 0.16470588 0.14509804
v 0.07370785 1.34564714 0.76489712 0.19215686 0.15294118 0.13725490
v 0.08300255 1.32821371 0.73778440 0.21568627 0.16862745 0.14509804
v 0.09014503 1.35428497 0.71847960 0.22745098 0.17647059 0.15294118
v 0.43844065 1.28206440 0.78951040 0.19215686 0.15294118 0.13725490
v 1.05535029 1.57640997 0.94790822 0.22745098 0.17647059 0.15294118
v 0.09297180 1.32464821 0.77857380 0.23137255 0.18039216 0.15686275
v 0.97188044 0.61296946 0.60292958 0.26666667 0.20784314 0.16862745
v 1.32374842 1.50616455 0.95354318 0.23529412 0.18431373 0.16078431
v 0.82841771 2.71276468 1.09019622 0.25490196 0.19607843 0.16078431
v 0.83814029 2.73953582 1.10926328 0.18431373 0.14117647 0.13333333
v 0.88382405 2.72220859 1.10229198 0.21176471 0.16470588 0.14509804
v 0.88357918 2.73614160 1.11302420 0.18823529 0.14901961 0.13725490
v 0.09882479 1.37528588 0.74067035 0.20392157 0.16078431 0.14509804
v 0.10464967 1.40672942 0.72749605 0.23137255 0.18039216 0.15686275
v 0.11782929 1.33981746 0.73049005 0.18823529 0.14509804 0.13725490
v 0.10689029 1.35815430 0.72976648 0.20392157 0.16078431 0.14509804
v 0.11243201 1.35132134 0.74725718 0.17647059 0.13725490 0.13333333
v 0.09553374 1.40373355 0.75840909 0.18039216 0.14117647 0.13333333
v 0.12450589 1.39575898 0.73026806 0.21176471 0.16470588 0.14509804
v 0.13179656 1.36533979 0.72864579 0.18823529 0.14901961 0.13725490
v 0.19622821 1.34322084 0.78134000 0.22745098 0.17647059 0.15294118
v 0.22151326 1.34887374 0.78160819 0.20392157 0.16078431 0.14509804
v 0.25887613 1.34668395 0.78699298 0.20392157 0.16078431 0.14509804
v 0.18206596 1.33920483 0.66790152 0.26666667 0.20392157 0.16470588
v 1.30736643 1.87698501 0.96546400 0.22352941 0.17254902 0.14901961
v 1.35036529 1.79242685 0.98317091 0.22745098 0.17647059 0.14901961
v 0.08289591 1.36843717 0.78772622 0.18823529 0.14901961 0.13725490
v 0.37633909 1.63751497 0.75830399 0.18431373 0.14509804 0.13333333
v 0.21585846 2.68006081 1.12779003 0.27450980 0.21568627 0.17647059
v 0.52702268 0.71778919 0.67787741 0.18823529 0.14509804 0.13333333
v 0.53426257 0.72157406 0.66873358 0.19607843 0.14901961 0.13725490
v 0.54281681 0.70358744 0.67648457 0.18431373 0.14117647 0.13333333
v 0.54273981 0.67922411 0.66172470 0.18823529 0.14509804 0.13333333
v 0.72509145 0.40994263 0.51356565 0.23137255 0.18039216 0.16078431
v 0.36258292 2.27366191 0.99190955 0.24313725 0.18823529 0.16078431
v 0.36926842 2.28554206 0.97626459 0.21960784 0.17254902 0.15294118
v 0.38526901 2.27655491 0.98504227 0.23921569 0.18823529 0.16470588
v 0.92788867 1.35281805 0.85877096 0.27058824 0.21176471 0.17254902
v 0.96313783 1.35786656 0.86598645 0.25882353 0.20392157 0.16862745
v 0.46827769 2.35769822 1.05909214 0.20000000 0.15686275 0.14117647
v 0.47579415 2.35830112 1.06871649 0.21568627 0.16862745 0.14509804
v 0.48139763 2.34481277 1.07140881 0.22745098 0.17647059 0.15294118
v 0.20780026 0.76467092 0.64249726 0.21176471 0.16470588 0.14509804
v 0.14712795 1.41734269 0.74200503 0.23137255 0.18039216 0.15686275
v 1.09533192 0.54662390 0.71531358 0.20784314 0.16078431 0.14509804
v 1.34005375 1.94430642 0.98063960 0.21176471 0.16078431 0.14509804
v 0.16624672 0.27971857 0.39651282 0.21176471 0.16470588 0.14117647
v 0.84815774 1.09234873 0.76085397 0.21176471 0.16078431 0.14509804
v 0.84469936 1.09432304 0.74426693 0.23921569 0.18431373 0.15294118
v 0.85436633 1.07387516 0.75381793 0.17254902 0.13333333 0.12941176
v 0.86009196 1.10189948 0.76965658 0.23529412 0.18039216 0.15294118
v 0.86671302 1.08865754 0.78016807 0.21960784 0.16862745 0.14509804
v 0.47956779 2.47848778 1.04474798 0.21960784 0.16862745 0.14509804
v 0.80232131 1.53139034 0.89744237 0.23137255 0.18039216 0.15294118
v 1.03822603 1.54596542 0.93272641 0.21176471 0.16470588 0.14509804
v 1.35982029 2.13221711 1.15088415 0.18823529 0.14509804 0.13333333
v 0.49921731 1.28411583 0.80000511 0.21176471 0.16862745 0.14901961
v 0.30737649 2.39204139 1.03862611 0.23921569 0.18431373 0.15686275
v 0.30795570 2.40560536 1.04276287 0.21960784 0.17254902 0.14901961
v 0.33057429 2.41474583 1.04729337 0.24313725 0.18823529 0.15686275
v 0.31348733 2.42412306 1.04804635 0.23529412 0.18431373 0.15294118
v 0.33410950 2.41889923 1.05720129 0.24705882 0.19215686 0.16078431
v 0.34354189 2.41225781 1.03738599 0.27450980 0.21176471 0.16862745
v 0.36453658 2.40182254 1.02462930 0.26666667 0.20392157 0.16078431
v 0.35036444 2.42278517 1.02088354 0.29803922 0.23137255 0.18039216
v 0.35934375 2.39588780 1.04156952 0.27058824 0.20784314 0.16470588
v 0.35858613 2.41489809 1.04970956 0.26274510 0.20000000 0.16078431
v 0.37932173 2.41912259 1.04894587 0.25882353 0.20000000 0.16078431
v 0.39415439 2.39494263 1.01570837 0.26666667 0.20392157 0.16078431
v 0.29122247 1.46404874 0.81012298 0.17647059 0.13725490 0.12941176
v 0.30553601 1.47919094 0.81315653 0.19607843 0.15294118 0.13725490
v 0.32623615 1.45562378 0.81092666 0.20784314 0.16078431 0.14117647
v 0.96655316 2.07170051 1.04593468 0.25882353 0.20000000 0.16470588
v 0.98351237 2.08060515 1.05747950 0.21176471 0.16470588 0.14509804
v 0.97252568 2.08909093 1.07279067 0.18823529 0.14509804 0.13333333
v 1.00215320 2.08981440 1.07245659 0.21176471 0.16862745 0.15686275
v 0.85743712 1.58455845 0.92262862 0.23921569 0.18431373 0.15294118
v 0.38991667 2.39895069 1.03594103 0.25490196 0.19607843 0.16078431
v 0.39411513 2.40328248 1.04401385 0.23921569 0.18431373 0.16078431
v 0.39876785 2.41904108 1.01707270 0.20392157 0.16078431 0.14509804
v 0.36158072 1.46607867 0.81761371 0.22745098 0.17647059 0.15294118
v 0.11465454 1.47623470 0.78339191 0.23137255 0.18431373 0.16862745
v 0.95255654 0.60095239 0.70945858 0.17254902 0.13333333 0.12941176
v 0.28868011 1.69139256 0.87449908 0.20784314 0.16078431 0.14509804
v 0.84835973 1.60124203 0.91949561 0.23921569 0.18431373 0.15686275
v 0.09157054 1.60261578 0.84683173 0.16470588 0.12549020 0.12549020
v 0.11038017 1.60570031 0.80852045 0.21568627 0.16862745 0.14901961
v 0.28135289 2.03983157 0.92150435 0.21176471 0.16470588 0.14509804
v 0.28984486 2.01950810 0.90503253 0.18431373 0.14509804 0.13333333
v 0.22563965 2.21545402 0.99252110 0.30196078 0.23529412 0.18431373
v 0.10032138 1.53269050 0.83041024 0.16862745 0.12941176 0.12549020
v 0.09532262 0.72774671 0.60632220 0.26666667 0.20392157 0.16078431
v 0.09509277 0.67514853 0.59285309 0.25490196 0.19607843 0.16470588
v 0.76644713 1.03629349 0.76231594 0.23137255 0.18039216 0.15294118
v 0.77891422 1.01690049 0.74989529 0.20784314 0.16078431 0.14509804
v 0.08382810 1.50326711 0.81612435 0.21568627 0.17254902 0.16078431
v 0.09203500 1.57467651 0.81699134 0.21960784 0.17647059 0.16470588
v 0.77629120 1.03768083 0.71625275 0.20392157 0.16078431 0.14509804
v 0.78568033 1.03633379 0.73286341 0.20392157 0.15686275 0.14117647
v 0.78207619 1.02233903 0.72598697 0.18823529 0.14509804 0.13725490
v 0.93989614 2.53861553 1.15189138 0.18039216 0.14117647 0.13333333
v 0.96917258 2.49076037 1.15522770 0.17254902 0.13333333 0.12941176
v 0.99226222 2.50169184 1.15208184 0.20784314 0.16078431 0.14509804
v 0.24644803 1.77531083 0.88042524 0.18431373 0.14509804 0.13333333
v 0.73072957 1.12896946 0.75593796 0.20392157 0.15686275 0.14117647
v 0.71766963 1.08705797 0.77350591 0.18431373 0.14117647 0.13333333
v 0.71586117 1.11862623 0.78188670 0.17647059 0.13725490 0.13333333
v 0.10993575 1.64589960 0.77170442 0.21176471 0.16862745 0.14901961
v 1.05298084 0.55603244 0.73379344 0.19607843 0.15294118 0.13725490
v 0.82635598 1.24791672 0.73012550 0.22745098 0.17647059 0.15294118
v 0.56323242 1.88452148 0.85267256 0.25098039 0.19215686 0.15686275
v 0.64400580 1.98177173 0.88163309 0.24313725 0.18823529 0.15686275
v 0.27229512 2.40562936 1.03540692 0.25098039 0.19607843 0.16470588
v 0.70922022 1.15924628 0.75857100 0.23921569 0.18431373 0.15294118
v 0.71432501 1.16172930 0.79477410 0.17647059 0.13725490 0.12941176
v 1.08538944 0.54051464 0.74534557 0.20392157 0.15686275 0.14117647
v 0.60497538 1.32045450 0.82986608 0.18823529 0.14509804 0.13725490
v 0.61593519 1.35822308 0.84250790 0.17254902 0.13333333 0.12941176
v 1.17850797 2.51175745 1.15254069 0.27058824 0.20784314 0.16470588
v 0.22035079 1.93799613 0.90494195 0.20784314 0.16078431 0.14509804
v 0.22188329 1.92202529 0.91449178 0.21176471 0.16470588 0.14509804
v 0.22254457 1.97752043 0.91504264 0.21960784 0.17254902 0.14901961
v 0.11204557 1.70090468 0.79610427 0.15686275 0.12156863 0.12156863
v 0.22113198 1.88827156 0.89274896 0.18039216 0.13725490 0.13333333
v 0.08539033 0.92966924 0.55209431 0.22352941 0.18039216 0.16862745
v 0.60612123 2.76806613 1.15569957 0.24313725 0.18431373 0.15294118
v 1.03328159 2.55436552 1.20687371 0.17647059 0.13725490 0.12941176
v 0.98145651 2.57121218 1.20460125 0.20392157 0.16078431 0.14117647
v 0.98827280 2.59369054 1.21100764 0.22352941 0.17254902 0.14901961
v 1.02429443 2.60233231 1.21936203 0.24705882 0.19215686 0.16078431
v 1.05360505 2.58959415 1.19796586 0.29019608 0.22745098 0.18039216
v 1.04284221 2.59966438 1.14220359 0.31372549 0.24313725 0.18431373
v 0.18250020 1.90558604 0.89275529 0.18823529 0.14901961 0.13725490
v 0.18630813 1.91952224 0.90580982 0.22352941 0.17647059 0.15294118
v 0.21757382 1.91655383 0.89779265 0.19607843 0.15294118 0.13725490
v 0.23505012 1.90819268 0.89971085 0.17647059 0.13333333 0.12941176
v 0.54785954 1.21672742 0.78800141 0.24705882 0.19607843 0.16862745
v 1.36416802 1.90245604 0.97638663 0.22745098 0.17647059 0.14901961
v 0.53658657 2.48275105 1.10089619 0.24313725 0.18431373 0.15294118
v 0.57713528 2.47457823 1.10206140 0.21176471 0.16470588 0.14509804
v 0.99815261 2.10396963 1.08788496 0.21176471 0.16470588 0.14509804
v 0.07920712 1.43020643 0.78842538 0.20784314 0.16470588 0.15686275
v 0.08286618 1.45620126 0.81095560 0.18039216 0.14117647 0.13333333
v 0.09546861 1.43542776 0.77415501 0.21176471 0.17254902 0.16470588
v 0.96118394 2.47208483 1.15694005 0.22352941 0.17254902 0.14901961
v 0.97672193 2.46463557 1.14704341 0.21960784 0.16862745 0.14901961
v 0.98392079 2.47282931 1.15411816 0.20000000 0.15294118 0.13725490
v 0.99778820 2.48515723 1.14444065 0.21960784 0.16862745 0.14901961
v 0.26595243 2.62445548 1.07275232 0.19215686 0.14901961 0.13725490
v 0.23698215 2.62692262 1.08608270 0.20392157 0.16078431 0.14901961
v 0.26436805 2.66083741 1.09819973 0.16470588 0.12549020 0.12549020
v 0.28616419 2.66142766 1.08589058 0.14901961 0.11764706 0.11764706
v 0.27260329 2.62943788 1.08861298 0.14509804 0.11372549 0.11764706
v 0.28011105 2.65294919 1.09201565 0.15686275 0.12156863 0.12156863
v 0.27645089 2.63743523 1.06091331 0.14509804 0.11372549 0.11764706
v 0.26861089 2.60202676 1.08121798 0.24705882 0.20000000 0.18039216
v 0.26007889 2.59443065 1.10189839 0.24705882 0.19215686 0.16078431
v 0.28783913 2.64033602 1.08650271 0.14509804 0.11372549 0.11764706
v 0.28955312 2.65353064 1.06102483 0.14509804 0.11372549 0.11764706
v 0.26729089 2.61824720 1.04799845 0.26666667 0.21176471 0.18039216
v 0.61972502 2.44688606 0.99641775 0.26274510 0.20000000 0.16078431
v 0.58623475 2.34749825 1.03431614 0.17254902 0.13725490 0.12941176
v 0.59185973 2.33139880 1.06082306 0.20784314 0.16078431 0.14117647
v 0.58933028 2.35492629 1.05294246 0.16862745 0.12941176 0.12549020
v 0.59159599 2.31012631 1.03963285 0.17254902 0.13333333 0.12941176
v 0.59435521 2.38024827 1.06049828 0.19607843 0.15294118 0.13725490
v 0.59246734 2.38003442 1.05194257 0.18039216 0.14117647 0.13333333
v 0.60268652 2.36166724 1.04162256 0.14509804 0.11372549 0.11764706
v 0.60726437 2.33174347 1.03095463 0.16470588 0.12941176 0.12549020
v 0.61957159 2.30487756 1.03783325 0.17254902 0.13333333 0.12941176
v 0.62066263 2.31738957 1.05075152 0.17647059 0.13725490 0.13333333
v 0.61561853 2.34077190 1.06042155 0.19607843 0.15294118 0.13725490
v 0.61249079 2.30051943 1.06529110 0.18039216 0.14117647 0.13333333
v 0.62114678 2.37908159 1.04311954 0.22745098 0.17647059 0.14901961
v 0.63788580 2.32758305 1.03914219 0.22352941 0.18039216 0.16470588
v 0.64108484 2.33309699 1.05802649 0.25490196 0.20392157 0.18431373
v 0.63369703 2.36496669 1.04115611 0.14509804 0.11372549 0.11764706
v 0.64367379 2.35304379 1.03705885 0.19215686 0.14901961 0.13725490
v 0.64060020 2.38209747 1.03026468 0.21176471 0.16470588 0.14901961
v 0.65047870 2.38589613 1.04415522 0.18431373 0.14509804 0.13333333
v 1.00531154 2.53055179 1.19805414 0.14509804 0.11372549 0.11764706
v 1.05035148 2.53164782 1.20008978 0.18039216 0.14117647 0.13333333
v 1.26526113 2.71685854 0.97024295 0.14509804 0.11372549 0.11764706
v 0.68663446 2.44006960 1.00405187 0.24313725 0.18431373 0.15294118
v 0.59853823 2.40132269 1.08267924 0.23137255 0.17647059 0.14901961
v 0.62054208 2.35558385 1.07639233 0.23921569 0.18431373 0.15294118
v 0.75126640 2.44967855 1.07859565 0.17647059 0.13725490 0.12941176
v 0.75575788 2.42926129 1.09003606 0.20784314 0.16470588 0.15686275
v 0.74846930 2.45577383 1.10411290 0.16078431 0.12549020 0.12549020
v 0.75080034 2.42263960 1.10437243 0.21568627 0.17254902 0.16470588
v 0.73884214 2.43661279 1.10038730 0.17647059 0.13725490 0.12941176
v 0.74635804 2.47884328 1.11882804 0.20392157 0.15686275 0.14117647
v 0.77237978 2.44956157 1.09836379 0.18039216 0.14117647 0.13725490
v 0.78460202 2.44254464 1.11587068 0.22352941 0.17254902 0.14901961
v 0.77341636 2.48139092 1.10154595 0.14509804 0.11372549 0.11764706
v 0.78574956 2.45648546 1.08764859 0.24705882 0.19215686 0.16078431
v 0.78518124 2.46797958 1.11082217 0.16862745 0.12941176 0.12549020
v 0.79326122 2.48238016 1.10595756 0.22745098 0.17647059 0.15294118
v 0.78937480 2.42596539 1.07740568 0.28627451 0.22745098 0.18823529
v 0.79573415 2.44446030 1.10086899 0.25490196 0.20000000 0.17254902
v 0.59676858 2.48369487 1.10540137 0.26274510 0.20392157 0.16470588
v 0.97245180 0.60115161 0.71945100 0.16078431 0.12549020 0.12549020
v 0.96630859 0.58601283 0.71151655 0.15294118 0.11764706 0.12156863
v 0.97791802 0.60048406 0.69305358 0.17254902 0.13333333 0.12941176
v 0.79110815 2.69073477 1.20998536 0.23137255 0.18039216 0.15686275
v 0.17156982 0.29881292 0.39532643 0.20000000 0.15686275 0.13725490
v 1.08871528 2.14199355 1.10394662 0.21176471 0.16470588 0.14509804
v 1.09765131 2.16158897 1.11654905 0.16862745 0.12941176 0.12549020
v 1.10597058 2.14599162 1.11196540 0.18823529 0.14509804 0.13333333
v 0.64610712 0.76498415 0.63864903 0.23529412 0.18039216 0.15294118
v 0.65953239 0.79110322 0.70080746 0.19215686 0.15294118 0.14117647
v 0.67196273 0.75010118 0.69598994 0.16470588 0.12941176 0.12549020
v 0.51923270 0.66780319 0.65989633 0.16470588 0.12549020 0.12549020
v 0.64636333 0.75411288 0.72037666 0.18039216 0.14117647 0.13333333
v 0.41929093 1.56079859 0.85511470 0.23921569 0.18431373 0.16078431
v 0.42667966 1.65848445 0.88063434 0.24705882 0.19215686 0.16078431
v 0.46988976 1.56687164 0.86521059 0.25490196 0.20392157 0.18039216
v 0.47336338 1.61665967 0.87377753 0.24705882 0.19607843 0.16862745
v 0.30774037 0.69114143 0.64609665 0.26666667 0.21960784 0.20000000
v 0.35766813 0.70234622 0.65531403 0.21568627 0.16862745 0.14901961
v 0.34059065 0.70832956 0.65311202 0.26666667 0.21176471 0.18431373
v 1.04200844 0.58516676 0.60169388 0.25882353 0.20000000 0.16470588
v 1.17801096 0.22688396 0.66279029 0.22745098 0.17647059 0.15294118
v 0.59504809 2.28805904 1.05956013 0.18823529 0.14509804 0.13725490
v 0.64363008 2.29109413 1.04356398 0.29411765 0.24705882 0.22352941
v 0.64353129 2.28718509 1.06812673 0.25098039 0.20000000 0.18039216
v 0.71197102 2.14850643 1.04418970 0.16470588 0.12549020 0.12549020
v 0.71193018 2.17251373 1.04900289 0.19607843 0.15294118 0.14117647
v 0.65470095 2.31035915 1.03652906 0.23529412 0.18823529 0.16862745
v 0.65930679 2.27678959 1.06672362 0.29411765 0.24313725 0.21568627
v 0.66453450 2.30056727 1.05206447 0.33333333 0.28627451 0.25490196
v 0.68282725 2.27922322 1.04342467 0.38823529 0.34901961 0.30980392
v 0.67879479 2.30445471 1.04767582 0.35686275 0.31372549 0.27843137
v 0.70099565 2.26663666 1.06829009 0.36470588 0.32156863 0.28627451
v 0.69550155 2.28904528 1.05390708 0.36078431 0.31764706 0.28235294
v 0.88461046 2.61165482 1.20182258 0.32549020 0.26666667 0.22745098
v 0.63605640 2.33564540 1.07305956 0.28627451 0.23137255 0.19607843
v 0.65271846 0.73218845 0.71334967 0.25490196 0.20000000 0.16862745
v 0.64864042 2.52193991 1.12172881 0.33725490 0.25490196 0.18039216
v 0.39382493 0.80556687 0.67027882 0.22745098 0.18039216 0.16078431
v 0.63221926 1.59541548 0.78406621 0.25490196 0.20000000 0.16862745
v 1.16421394 2.33738499 1.14457583 0.24313725 0.18823529 0.15686275
v 1.22395126 0.28685798 0.65387597 0.27450980 0.21568627 0.17254902
v 0.09635414 1.50130500 0.78702524 0.31764706 0.26666667 0.23921569
v 0.67752179 1.90370606 0.97589470 0.38823529 0.34901961 0.30980392
v 0.68433930 1.92184889 0.97980167 0.38823529 0.34901961 0.30980392
v 0.70694453 1.96210875 0.99046609 0.36862745 0.32941176 0.29411765
v 0.72687791 1.92765094 0.98664456 0.35294118 0.30980392 0.27843137
v 0.75906826 1.92375323 0.99080225 0.28235294 0.22745098 0.20392157
v 0.76519814 0.46617126 0.52712839 0.27058824 0.21568627 0.18823529
v 0.22607983 2.53776584 1.05919099 0.32156863 0.25490196 0.20784314
v 0.23482935 2.52782818 1.03573213 0.30980392 0.25490196 0.22352941
v 0.23947144 2.53635739 1.04292592 0.31372549 0.25490196 0.21960784
v 0.23001424 2.55928176 1.07230686 0.33725490 0.28627451 0.24705882
v 0.26120575 2.55768334 1.04874453 0.34509804 0.29019608 0.24705882
v 0.26088154 2.53821303 1.03211017 0.33333333 0.28627451 0.25490196
v 0.74562510 2.03002118 0.90981324 0.24313725 0.19215686 0.16470588
v 0.76010472 1.95823734 0.99325180 0.30588235 0.25882353 0.23137255
v 0.75706775 2.00939192 1.00726958 0.26666667 0.21568627 0.19215686
v 0.78312825 2.01037145 1.01109935 0.27058824 0.21960784 0.19607843
v 0.59898516 1.23346409 0.80098057 0.26274510 0.20784314 0.18039216
v 0.56133915 1.26117411 0.80360489 0.27058824 0.21568627 0.19215686
v 0.60281219 1.27827685 0.81634480 0.22745098 0.18039216 0.16470588
v 0.63928657 1.24255371 0.81003910 0.22745098 0.17254902 0.14901961
v 0.56069030 1.28696273 0.81230786 0.21176471 0.16470588 0.14901961
v 0.64693164 1.28769581 0.82086384 0.22745098 0.17254902 0.14901961
v 0.26298958 2.73898315 1.14486127 0.29019608 0.23529412 0.21176471
v 0.24928840 2.52324059 1.08205955 0.34509804 0.27843137 0.22745098
v 0.26064676 2.53449782 1.06943412 0.35686275 0.30196078 0.25882353
v 0.27079144 2.55448991 1.09041688 0.30588235 0.25490196 0.21960784
v 0.23471832 2.55822216 1.09376063 0.29411765 0.23529412 0.20000000
v 0.28001581 2.52209119 1.05957832 0.32549020 0.26274510 0.21176471
v 0.27860814 2.53549487 1.08415302 0.32549020 0.27843137 0.24313725
v 0.26872874 2.53552134 1.05745707 0.32156863 0.27058824 0.23921569
v 0.27717083 2.55002246 1.07382982 0.37254902 0.33333333 0.29411765
v 0.26698290 2.53268973 1.02251940 0.38823529 0.34901961 0.30980392
v 0.28618826 2.55806105 1.02705147 0.38823529 0.34901961 0.30980392
v 0.61127007 1.51265369 0.88569923 0.25098039 0.20392157 0.18431373
v 0.63907896 1.52586307 0.88342468 0.28235294 0.23137255 0.20392157
v 1.32372848 1.46157837 0.91698335 0.28235294 0.22745098 0.20392157
v 0.65987813 1.47445426 0.88021219 0.31764706 0.27058824 0.24313725
v 0.52623723 1.61136061 0.88294344 0.27058824 0.21568627 0.18823529
v 0.39863128 1.47324690 0.83424177 0.27058824 0.21568627 0.18823529
v 0.41365674 1.45888370 0.83453434 0.26666667 0.21176471 0.18823529
v 0.47690035 1.52756926 0.86312899 0.28235294 0.22745098 0.20392157
v 0.56571262 1.34344809 0.83155377 0.16078431 0.12549020 0.12549020
v 1.03404515 2.09279564 1.08053873 0.29803922 0.24313725 0.21568627
v 0.64899676 2.33210806 1.03225349 0.24313725 0.19215686 0.16470588
v 0.66116498 2.35412312 1.04293394 0.28235294 0.22745098 0.20392157
v 0.65723081 2.35054184 1.02708258 0.21568627 0.16862745 0.15294118
v 0.66379531 2.33288755 1.04932500 0.29411765 0.23921569 0.21568627
v 0.67459848 2.36497727 1.03544605 0.18431373 0.14117647 0.13333333
v 0.67672112 2.33871819 1.06146320 0.24313725 0.19215686 0.17254902
v 0.83590230 2.64706987 1.17329744 0.24705882 0.19215686 0.16470588
v 0.84208247 2.64993229 1.14520205 0.24705882 0.19215686 0.16862745
v 0.84935803 2.66230210 1.15989774 0.23137255 0.18039216 0.15294118
v 0.09410831 0.83502340 0.53612470 0.34509804 0.30196078 0.27058824
v 0.57398987 1.79136997 0.92666361 0.36470588 0.32549020 0.29019608
v 0.74288467 2.39294505 1.08266235 0.32156863 0.26666667 0.22745098
v 0.76815848 2.40782413 1.09340340 0.31764706 0.26666667 0.23921569
v 0.78952290 2.41835239 1.09864208 0.34117647 0.29411765 0.26274510
v 0.80064199 2.40649782 1.08936249 0.35294118 0.29019608 0.23921569
v 0.24938296 2.58070554 1.07617656 0.33725490 0.28235294 0.24313725
v 0.54678808 2.01666808 0.98381319 0.30980392 0.25490196 0.22352941
v 0.53707596 1.97204777 0.96734616 0.29411765 0.23921569 0.20784314
v 0.58805186 2.03732137 0.99691917 0.29411765 0.23137255 0.19215686
v 0.95721540 2.71988258 1.19990419 0.35686275 0.27450980 0.19607843
v 0.97509857 2.72051994 1.21279903 0.32549020 0.25490196 0.20784314
v 0.60467237 1.88838369 0.95850870 0.26274510 0.20392157 0.17254902
v 0.50410940 1.22144476 0.78063581 0.23921569 0.18823529 0.16078431
v 0.74284769 2.02890054 1.01217141 0.20000000 0.15686275 0.14117647
v 0.89074968 2.74861855 1.08625777 0.26666667 0.21176471 0.18431373
v 0.89194521 2.77209105 1.10913945 0.29803922 0.24705882 0.22352941
v 0.89351017 2.79704109 1.12328151 0.30588235 0.25490196 0.23137255
v 0.90487051 2.75702224 1.07732489 0.34509804 0.30196078 0.27058824
v 0.91361196 2.76655918 1.10630743 0.29019608 0.23529412 0.21176471
v 0.91024092 2.79070172 1.10747232 0.30588235 0.25490196 0.23137255
v 0.91539243 2.74351896 1.09568258 0.33333333 0.28627451 0.25490196
v 0.90133908 2.53473934 1.14947552 0.35686275 0.28235294 0.21960784
v 0.91180660 2.53157975 1.13657986 0.30588235 0.25490196 0.23137255
v 0.75025363 2.27327367 1.03689647 0.28235294 0.23137255 0.20392157
v 0.79061373 2.27979382 1.03100793 0.25098039 0.19607843 0.17254902
v 0.76191893 2.27577219 1.08743392 0.30980392 0.25490196 0.21176471
v 0.71078479 2.22426516 1.03671416 0.30196078 0.23529412 0.18431373
v 0.71871455 2.26165446 1.06349601 0.31372549 0.26274510 0.22745098
v 0.72265438 2.27763524 1.05333512 0.25098039 0.19607843 0.16862745
v 0.72540120 2.29895592 1.06431692 0.25490196 0.20392157 0.18039216
v 0.73750843 2.28985249 1.04688696 0.29019608 0.23529412 0.21176471
v 0.69258728 2.28423192 1.07761519 0.30196078 0.25098039 0.22352941
v 0.71034428 2.31215298 1.08257384 0.30196078 0.24313725 0.20784314
v 0.67487145 2.31340352 1.07827493 0.33333333 0.28627451 0.25490196
v 0.72600287 2.27595013 1.07771989 0.35294118 0.30980392 0.27450980
v 0.73061800 2.32015168 1.07431699 0.30980392 0.25490196 0.21568627
v 0.70462801 2.34238365 1.08367241 0.31764706 0.26666667 0.23921569
v 0.67669658 2.34623786 1.07953254 0.32549020 0.26274510 0.21568627
v 0.72895722 2.34391583 1.07555843 0.36862745 0.32549020 0.29019608
v 0.72556777 2.36869746 1.08619458 0.37647059 0.32941176 0.28627451
v 0.71144011 2.39490454 1.07876748 0.34509804 0.29019608 0.25098039
v 0.71382478 2.42541857 1.08697278 0.27843137 0.22352941 0.19607843
v 0.71712575 2.41336279 1.07113482 0.25098039 0.20000000 0.17647059
v 0.71992212 2.40382357 1.05699055 0.20000000 0.15686275 0.14509804
v 0.73246522 2.43002151 1.07901380 0.25098039 0.20000000 0.17647059
v 0.72875948 2.44649905 1.06830414 0.23529412 0.19215686 0.17254902
v 0.71983515 2.45705817 1.10324984 0.18823529 0.14509804 0.13333333
v 0.73892418 2.41041337 1.06351120 0.20784314 0.16078431 0.14509804
v 0.16541826 1.89914473 0.89615691 0.20784314 0.16078431 0.14509804
v 0.27994202 0.73259009 0.64958041 0.29019608 0.23921569 0.20784314
v 0.33866670 0.72619089 0.66370444 0.28627451 0.23529412 0.20784314
v 0.77365507 2.71767792 1.16471015 0.38823529 0.34901961 0.30980392
v 0.79870179 2.72634813 1.17491412 0.28235294 0.22745098 0.19215686
v 0.66656657 1.39727322 0.85772440 0.17254902 0.13333333 0.12941176
v 0.52963308 1.28302543 0.80485275 0.23137255 0.18039216 0.16078431
v 0.57962699 2.59310380 1.09616494 0.39215686 0.34117647 0.29019608
v 0.58662387 2.60301906 1.10670454 0.38823529 0.34901961 0.30980392
v 0.59801928 2.60081853 1.08098485 0.33333333 0.28627451 0.25490196
v 0.60305435 2.59524169 1.10352399 0.32941176 0.27843137 0.25098039
v 0.72472897 1.99558066 0.99987819 0.25098039 0.20784314 0.18823529
v 0.91960006 1.08314463 0.78392218 0.22352941 0.17647059 0.15294118
v 0.52188400 1.77928085 0.92109519 0.26666667 0.21568627 0.18823529
v 0.07870386 0.93181183 0.66307395 0.20392157 0.15686275 0.14117647
v 0.09797974 0.96706730 0.67746329 0.19215686 0.14901961 0.13725490
v 0.60175619 1.91943736 0.96363019 0.25490196 0.20000000 0.17254902
v 0.63829515 1.92722015 0.97250661 0.35294118 0.30588235 0.26666667
v 0.70956043 2.45379980 1.06748532 0.35686275 0.28235294 0.21960784
v 0.73089762 2.47744429 1.10999567 0.21568627 0.16862745 0.14509804
v 0.77244210 2.51622641 1.14722720 0.27058824 0.20784314 0.16862745
v 0.78618586 2.52658386 1.15571082 0.25490196 0.20000000 0.16470588
v 1.22297690 2.09508861 1.12184081 0.23921569 0.18431373 0.15686275
v 0.26914072 2.58034220 1.05192145 0.35686275 0.30980392 0.27058824
v 0.28873173 2.60667891 1.03149077 0.31764706 0.27058824 0.24313725
v 1.14834321 2.21657808 1.13933807 0.24705882 0.19607843 0.16862745
v 0.40738638 0.79266650 0.67858487 0.24313725 0.19215686 0.16862745
v 1.08655892 2.66309684 1.22963070 0.29411765 0.22352941 0.17254902
v 1.11567497 2.65906212 1.23022985 0.26666667 0.20784314 0.16862745
v 0.76550968 0.27559547 0.47515629 0.28627451 0.21960784 0.16862745
v 0.46196290 2.34139748 1.01963723 0.26274510 0.20392157 0.16470588
v 0.47398147 2.34614603 1.05158836 0.19607843 0.15294118 0.14117647
v 0.24685077 2.59837228 1.08304890 0.30588235 0.24705882 0.21176471
v 0.28635145 2.57363111 1.07556801 0.38823529 0.34901961 0.30980392
v 0.65330184 1.90258485 0.97598715 0.38823529 0.34901961 0.30980392
v 1.16736109 2.73126369 1.09229805 0.27058824 0.20784314 0.16078431
v 1.17484802 2.71131775 1.08648700 0.24313725 0.18823529 0.15686275
v 0.08588367 1.11577498 0.71848080 0.18431373 0.14117647 0.13333333
v 0.59372497 0.63097843 0.67252159 0.19215686 0.14901961 0.13725490
v 0.60071025 0.59433251 0.66184829 0.19215686 0.14901961 0.13725490
v 0.59921443 2.76242592 1.08800498 0.23529412 0.18039216 0.15294118
v 0.21722734 2.59332287 1.08037192 0.36470588 0.30980392 0.26666667
f 1 4 2
f 6 1 2
f 9 7 8
f 8 10 9
f 18 13 15
f 13 16 17
f 17 16 14
f 18 16 13
f 20 13 17
f 26 4 22
f 26 22 24
f 25 24 23
f 5 25 28
f 26 25 5
f 4 26 5
f 26 24 25
f 29 30 31
f 32 29 31
f 33 34 35
f 22 36 37
f 22 37 39
f 22 40 36
f 4 40 22
f 43 44 33
f 43 33 35
f 48 44 45
f 44 43 45
f 33 44 49
f 59 55 56
f 27 60 61
f 27 41 60
f 1 41 4
f 70 69 68
f 68 67 70
f 69 71 72
f 68 69 72
f 73 72 71
f 72 73 74
f 77 76 75
f 77 14 76
f 79 14 77
f 21 80 67
f 81 77 82
f 77 83 82
f 83 77 75
f 79 77 81
f 81 20 79
f 71 69 87
f 87 88 71
f 88 87 89
f 71 90 73
f 92 91 89
f 93 92 89
f 97 94 98
f 98 94 99
f 97 101 100
f 100 101 102
f 49 50 103
f 33 49 103
f 33 102 34
f 57 105 104
f 112 94 111
f 111 94 95
f 96 94 112
f 114 111 113
f 113 116 115
f 95 116 113
f 95 113 111
f 95 94 97
f 117 97 100
f 101 97 98
f 97 118 116
f 97 116 95
f 97 117 118
f 117 119 118
f 121 119 117
f 109 123 122
f 57 104 122
f 122 104 109
f 108 125 126
f 107 125 108
f 107 106 125
f 129 124 127
f 125 128 126
f 106 127 124
f 125 124 128
f 125 106 124
f 131 132 133
f 42 131 34
f 47 34 135
f 34 131 135
f 35 34 47
f 47 134 43
f 96 112 137
f 119 139 140
f 118 119 140
f 144 145 146
f 149 148 143
f 150 152 39
f 155 157 141
f 118 120 115
f 118 115 116
f 118 140 120
f 163 161 162
f 164 165 163
f 166 163 167
f 167 163 165
f 169 146 145
f 145 143 168
f 144 143 145
f 73 90 86
f 88 170 90
f 71 88 90
f 51 171 172
f 175 173 174
f 175 174 176
f 172 176 51
f 51 176 177
f 53 51 177
f 52 51 53
f 176 174 177
f 179 54 174
f 174 54 178
f 174 178 177
f 49 177 178
f 91 170 88
f 89 91 88
f 180 181 182
f 181 183 182
f 188 189 190
f 198 196 197
f 199 200 198
f 198 200 199
f 201 197 195
f 202 198 197
f 199 202 203
f 199 198 202
f 202 197 201
f 204 203 202
f 201 206 202
f 202 206 204
f 204 207 203
f 206 201 208
f 206 209 204
f 206 208 210
f 205 208 201
f 207 204 209
f 213 211 212
f 215 213 212
f 217 216 213
f 220 218 219
f 226 227 225
f 226 225 224
f 228 226 224
f 229 227 226
f 231 133 230
f 131 133 231
f 231 135 131
f 232 134 136
f 234 236 235
f 237 235 236
f 236 238 237
f 241 240 239
f 244 242 243
f 245 244 243
f 102 246 100
f 249 251 248
f 252 251 250
f 248 251 254
f 251 252 254
f 252 248 254
f 252 250 258
f 258 255 252
f 254 255 259
f 253 254 259
f 258 262 255
f 259 256 253
f 257 255 262
f 255 260 259
f 261 248 253
f 248 252 254
f 254 253 248
f 262 258 263
f 264 258 250
f 263 258 264
f 267 265 266
f 272 270 271
f 270 273 274
f 274 271 270
f 276 277 275
f 281 278 280
f 280 282 281
f 287 286 284
f 284 285 287
f 291 292 287
f 292 286 287
f 286 292 293
f 297 295 298
f 295 297 294
f 302 300 301
f 308 306 307
f 308 307 309
f 157 155 156
f 310 157 156
f 316 313 311
f 311 312 315
f 315 316 311
f 316 314 313
f 324 326 325
f 319 318 322
f 328 327 320
f 322 318 331
f 331 329 322
f 332 331 318
f 332 327 334
f 333 329 336
f 31 345 346
f 344 343 349
f 32 31 350
f 348 349 343
f 350 349 32
f 353 352 354
f 355 354 352
f 358 356 359
f 356 358 357
f 359 356 360
f 359 360 361
f 363 362 364
f 362 365 364
f 374 369 371
f 371 372 376
f 371 377 374
f 377 371 376
f 368 373 378
f 368 378 375
f 374 377 379
f 384 385 382
f 386 384 382
f 386 382 383
f 386 387 384
f 4 41 27
f 356 393 360
f 395 357 394
f 399 401 402
f 405 399 398
f 405 401 399
f 401 407 402
f 404 406 403
f 405 397 409
f 397 396 409
f 406 404 411
f 410 405 409
f 400 403 406
f 408 407 401
f 409 412 410
f 405 410 413
f 414 415 408
f 415 407 408
f 417 410 412
f 421 419 420
f 421 420 423
f 425 428 426
f 428 425 427
f 433 432 431
f 436 442 437
f 435 436 437
f 443 430 439
f 442 430 441
f 443 441 430
f 439 441 443
f 444 442 441
f 444 437 442
f 441 437 444
f 437 441 440
f 439 448 441
f 441 449 440
f 464 453 454
f 465 455 454
f 468 465 454
f 455 459 469
f 456 455 469
f 469 471 456
f 459 456 471
f 472 458 460
f 473 467 462
f 458 472 470
f 471 469 459
f 471 469 468
f 471 468 469
f 475 469 465
f 469 475 476
f 475 474 476
f 476 475 479
f 460 480 472
f 482 483 488
f 481 487 486
f 488 483 489
f 491 488 490
f 482 486 488
f 481 486 482
f 487 482 488
f 487 488 486
f 494 490 287
f 494 287 291
f 483 484 489
f 485 481 495
f 486 485 496
f 492 486 496
f 490 494 491
f 488 495 482
f 485 498 496
f 491 494 499
f 494 497 499
f 495 488 491
f 496 499 492
f 485 495 498
f 498 495 491
f 498 491 499
f 499 496 498
f 503 502 501
f 508 506 505
f 511 508 510
f 510 513 511
f 508 505 512
f 508 512 510
f 518 512 516
f 512 519 510
f 518 516 515
f 514 518 515
f 518 519 512
f 514 519 518
f 520 242 244
f 242 520 521
f 19 231 230
f 231 19 135
f 527 528 529
f 526 530 525
f 532 533 531
f 237 536 235
f 538 539 540
f 245 542 244
f 544 543 546
f 550 548 547
f 552 544 546
f 554 544 552
f 550 547 553
f 553 547 556
f 547 555 556
f 559 553 556
f 570 567 566
f 569 570 566
f 567 570 571
f 569 573 570
f 572 574 569
f 573 571 570
f 569 574 573
f 577 575 578
f 578 575 574
f 564 562 563
f 562 580 579
f 580 562 564
f 582 584 583
f 584 582 585
f 585 587 584
f 585 582 586
f 593 592 591
f 594 590 589
f 590 594 595
f 591 590 595
f 596 591 595
f 598 597 599
f 606 607 605
f 612 611 610
f 613 610 609
f 613 612 610
f 612 614 611
f 615 619 616
f 623 622 621
f 623 621 624
f 624 625 623
f 632 629 628
f 628 631 632
f 129 638 637
f 128 636 294
f 636 637 635
f 130 638 129
f 130 639 638
f 128 637 636
f 642 640 641
f 641 46 642
f 46 45 43
f 641 640 644
f 45 641 644
f 48 45 644
f 641 45 46
f 3 646 645
f 645 646 647
f 5 3 2
f 650 648 649
f 653 651 652
f 659 660 661
f 662 659 661
f 663 662 661
f 84 85 664
f 669 667 670
f 670 668 669
f 673 147 159
f 681 679 678
f 681 678 682
f 435 438 434
f 438 684 683
f 686 684 438
f 687 685 683
f 686 435 437
f 435 686 438
f 683 684 688
f 687 683 688
f 686 690 684
f 684 690 688
f 687 688 691
f 687 691 689
f 688 691 687
f 688 687 691
f 437 440 686
f 692 688 690
f 692 691 688
f 692 690 686
f 699 697 701
f 700 703 698
f 695 708 694
f 696 700 698
f 700 708 695
f 701 710 704
f 706 711 704
f 711 706 704
f 708 700 696
f 698 700 713
f 700 698 713
f 710 711 704
f 700 704 706
f 706 713 700
f 704 716 706
f 696 712 708
f 713 703 700
f 716 704 711
f 718 694 708
f 719 703 713
f 720 694 718
f 720 721 712
f 713 706 723
f 723 706 716
f 721 708 712
f 717 719 713
f 712 722 720
f 721 718 708
f 722 717 713
f 718 715 725
f 726 715 718
f 721 720 718
f 722 713 730
f 725 715 731
f 730 713 723
f 725 726 718
f 720 722 728
f 728 722 721
f 722 728 721
f 721 718 729
f 729 718 721
f 729 722 730
f 732 733 717
f 728 732 722
f 732 717 722
f 729 721 722
f 720 729 736
f 728 729 720
f 729 722 721
f 728 722 729
f 726 725 735
f 740 739 697
f 710 701 715
f 697 715 701
f 724 714 740
f 731 697 714
f 715 697 731
f 727 714 724
f 715 726 710
f 727 725 714
f 714 725 731
f 744 266 265
f 265 743 744
f 745 743 265
f 753 755 754
f 754 755 753
f 768 767 766
f 769 766 765
f 768 770 767
f 768 766 769
f 768 769 771
f 775 771 769
f 779 780 778
f 779 781 780
f 784 787 786
f 787 784 783
f 788 784 786
f 783 787 793
f 783 793 787
f 783 791 793
f 787 783 793
f 794 787 793
f 791 683 793
f 795 683 791
f 793 685 794
f 795 791 683
f 683 685 793
f 683 685 793
f 793 685 683
f 438 791 434
f 791 438 683
f 796 534 563
f 799 798 797
f 803 675 801
f 675 804 676
f 675 803 804
f 343 347 811
f 343 344 347
f 268 265 588
f 588 265 267
f 816 815 597
f 816 819 817
f 819 816 598
f 597 598 816
f 822 823 824
f 824 825 826
f 824 827 825
f 824 829 827
f 830 827 829
f 831 824 823
f 824 831 829
f 835 834 836
f 835 836 823
f 837 831 823
f 837 836 838
f 836 837 823
f 840 839 842
f 843 842 844
f 843 846 845
f 847 845 848
f 846 848 845
f 841 840 843
f 843 826 846
f 848 846 849
f 850 842 839
f 840 826 843
f 840 822 826
f 826 825 846
f 822 824 826
f 839 840 850
f 853 852 851
f 840 841 850
f 850 852 855
f 842 850 822
f 822 840 842
f 850 855 822
f 822 855 823
f 855 852 835
f 823 855 835
f 861 854 859
f 860 866 863
f 866 867 863
f 867 866 857
f 871 873 872
f 871 872 875
f 872 874 875
f 877 873 871
f 878 874 879
f 873 879 874
f 881 875 880
f 879 873 882
f 877 882 873
f 877 883 882
f 884 879 882
f 59 886 887
f 885 886 59
f 888 121 885
f 893 775 892
f 896 892 891
f 899 893 892
f 895 899 894
f 897 895 894
f 899 895 898
f 899 892 900
f 899 898 893
f 896 900 892
f 196 899 900
f 894 200 897
f 195 900 896
f 196 900 899
f 200 894 899
f 900 196 198
f 899 198 200
f 198 899 200
f 198 899 900
f 196 900 197
f 198 200 899
f 197 900 195
f 200 198 199
f 903 904 238
f 909 906 908
f 908 910 909
f 909 905 906
f 915 912 911
f 916 915 911
f 919 921 920
f 303 301 920
f 921 303 920
f 916 911 922
f 924 922 923
f 925 924 923
f 916 922 924
f 924 925 926
f 927 919 918
f 618 615 929
f 619 615 618
f 934 935 933
f 936 935 934
f 937 938 939
f 398 941 397
f 396 397 941
f 405 398 397
f 942 398 405
f 943 405 398
f 943 398 942
f 405 943 942
f 405 943 408
f 405 408 401
f 942 944 943
f 943 946 942
f 943 408 947
f 947 408 943
f 408 943 944
f 944 942 946
f 946 945 944
f 943 947 946
f 405 947 943
f 405 413 947
f 948 408 944
f 948 944 945
f 945 946 951
f 951 946 947
f 948 414 408
f 953 956 955
f 958 953 952
f 958 952 957
f 958 956 953
f 956 958 959
f 957 960 958
f 963 961 962
f 966 964 963
f 619 618 967
f 595 968 596
f 596 968 970
f 969 970 968
f 971 220 938
f 937 971 938
f 104 972 106
f 107 104 106
f 107 108 109
f 104 107 109
f 973 770 768
f 973 768 771
f 983 981 978
f 986 975 979
f 707 977 976
f 986 979 982
f 974 975 988
f 988 975 989
f 989 975 986
f 707 987 977
f 991 978 974
f 991 990 978
f 990 983 978
f 974 988 991
f 982 993 986
f 994 987 707
f 989 991 988
f 705 989 995
f 996 990 991
f 996 991 989
f 998 990 996
f 705 996 989
f 986 706 989
f 989 706 997
f 705 997 999
f 706 986 1000
f 993 1000 986
f 704 997 709
f 999 996 705
f 504 658 656
f 658 504 1001
f 1003 1002 1004
f 1010 1007 1008
f 1009 1007 1010
f 1011 1009 1010
f 1012 1010 1008
f 46 643 642
f 643 46 43
f 134 643 43
f 904 903 1016
f 801 906 905
f 906 801 805
f 901 1023 1024
f 1025 1027 1026
f 1029 1030 1025
f 1027 1025 1030
f 1034 1036 1033
f 1040 613 1039
f 1042 613 1040
f 1041 1044 1040
f 1044 1042 1040
f 1044 1045 1042
f 1047 1048 964
f 1047 964 966
f 966 1050 1047
f 221 1052 222
f 269 1052 221
f 1055 1054 1053
f 1056 1055 1053
f 1058 1054 1055
f 1058 1057 1054
f 1060 74 1059
f 1059 74 73
f 1063 1065 1064
f 199 1061 192
f 1067 1061 199
f 203 1067 199
f 1067 1068 1061
f 207 1067 203
f 1068 1070 1067
f 1070 1068 1067
f 1070 1069 1068
f 1070 1068 1067
f 1081 15 1080
f 15 67 68
f 67 15 21
f 1082 1084 1083
f 1083 76 14
f 14 1082 1083
f 15 13 21
f 1085 68 1086
f 68 1085 1080
f 15 68 1080
f 1090 1088 1087
f 1090 1089 1088
f 1091 1093 1090
f 1093 1094 1090
f 1094 1092 1090
f 1097 1098 1096
f 1098 1097 1087
f 1091 1090 1087
f 1091 1087 1097
f 1102 1101 668
f 1101 1100 668
f 1103 1100 1104
f 6 1104 1106
f 1111 1110 1114
f 1113 1110 1112
f 1114 1110 1115
f 617 1119 1116
f 615 1116 1118
f 1116 615 617
f 616 617 615
f 1124 1120 1121
f 1123 1120 1124
f 1122 1120 1123
f 1127 1128 1125
f 1125 1128 1127
f 1130 1125 1131
f 1133 1123 1124
f 1123 1133 1134
f 1134 1129 1123
f 1136 1132 1128
f 1132 1137 1128
f 1128 1137 1132
f 1128 1132 1136
f 1136 1128 1137
f 1139 1138 1140
f 1139 1141 1138
f 1139 1142 1141
f 1139 1141 1142
f 1143 1140 1138
f 1141 1139 1138
f 522 1143 1138
f 1143 522 523
f 522 1145 1144
f 1145 1146 1144
f 1150 1148 1149
f 1151 1152 901
f 1150 1149 536
f 1154 1153 1155
f 1157 1156 1155
f 1158 1156 1157
f 1158 1157 1155
f 1159 1157 1158
f 1158 1155 1159
f 1160 1155 1153
f 1160 1159 1155
f 1159 1160 1161
f 1163 1162 1164
f 1163 1164 1166
f 1166 1165 1163
f 1168 1166 1164
f 1170 1169 1166
f 506 1166 1168
f 506 1170 1166
f 1172 971 188
f 937 1173 971
f 1178 1179 507
f 1180 239 1176
f 1176 1177 1180
f 1117 239 1180
f 1117 1180 1118
f 929 1118 1180
f 677 1182 1183
f 1167 1184 1185
f 1187 652 366
f 1196 1189 1188
f 1188 1192 1197
f 1197 1192 1193
f 1194 1191 1198
f 1193 1200 1197
f 1196 1188 1189
f 1198 1191 1190
f 1202 1189 1188
f 1188 1197 1202
f 1202 1201 1199
f 1189 1202 1205
f 1198 1200 1203
f 1190 1206 1198
f 1206 1200 1198
f 1207 1209 1190
f 1208 1207 1212
f 1209 1210 1190
f 1190 1210 1206
f 1206 695 1200
f 1205 739 1211
f 1211 739 693
f 695 1206 698
f 1209 1207 1208
f 1206 1210 1213
f 693 739 1211
f 1206 696 698
f 739 694 1211
f 1213 696 1206
f 693 694 739
f 426 677 1183
f 678 677 426
f 1216 1215 282
f 282 1215 640
f 1214 640 1215
f 1220 1217 1219
f 1225 1188 1189
f 1188 1225 1189
f 1225 1224 1226
f 1225 1188 1189
f 1226 1193 1227
f 1225 1189 1204
f 1224 1228 1226
f 1189 1196 1204
f 1196 1189 1204
f 1229 1231 1228
f 1205 1204 1189
f 1232 1228 1231
f 1233 1228 1232
f 1208 1212 1234
f 1236 1208 1234
f 739 1205 1211
f 1237 1238 1235
f 1240 925 1239
f 926 925 1240
f 655 656 658
f 658 1241 655
f 1242 52 1243
f 51 52 1242
f 52 644 1214
f 53 644 52
f 640 1214 644
f 1244 1246 1245
f 1247 1248 1249
f 1249 1251 1247
f 1245 1250 1248
f 1248 1250 1249
f 1246 1253 1245
f 1245 1252 1250
f 1254 1245 1253
f 771 1256 973
f 1259 973 1256
f 1259 1260 973
f 1258 1257 1260
f 1261 1263 1262
f 1267 1261 1265
f 1263 1261 1267
f 1272 1271 1269
f 1274 317 314
f 315 1275 316
f 1275 1276 316
f 1276 314 316
f 1278 1274 314
f 58 1280 1279
f 1283 161 1282
f 642 281 640
f 1285 1286 1287
f 1285 1287 1289
f 1287 1290 1289
f 1299 1298 1297
f 1302 1299 1297
f 1307 1308 1305
f 1312 1309 950
f 1313 1310 1311
f 1315 1316 1313
f 950 1317 1312
f 950 945 1317
f 1312 1317 1318
f 1312 1318 945
f 1319 948 1318
f 1318 1317 1319
f 871 874 1321
f 874 1322 1321
f 871 872 874
f 873 874 872
f 1327 1325 1328
f 320 1329 1296
f 320 1296 1295
f 1326 1329 327
f 1330 1329 320
f 1330 327 1329
f 320 327 1330
f 1326 1331 332
f 1333 1334 1323
f 1331 1326 332
f 327 1330 334
f 1334 1332 1323
f 1330 334 1335
f 1330 327 334
f 1338 1328 1325
f 1334 1336 1332
f 1334 1332 1336
f 1332 1334 1336
f 1340 1336 1334
f 334 1330 1335
f 1332 1342 1334
f 1342 1332 1336
f 1336 1332 1342
f 1343 1336 1344
f 1334 1342 1332
f 1341 1328 1338
f 1332 1336 1343
f 1336 1340 1343
f 1343 1344 1336
f 1344 1342 1332
f 1343 1344 1332
f 1340 1342 1343
f 1342 1344 1332
f 1342 1343 1344
f 1342 1344 1343
f 1344 1343 1342
f 1345 1347 1349
f 1345 1349 1346
f 1350 1347 1348
f 473 1346 1349
f 477 1349 1347
f 1349 477 473
f 1347 1350 477
f 1352 1353 1351
f 1351 1353 1352
f 1354 1352 1353
f 1356 1357 1355
f 1358 1357 1356
f 1356 1359 1358
f 1360 1359 1356
f 1171 218 220
f 1362 503 1171
f 1363 284 283
f 1368 1364 1363
f 1364 1369 1365
f 1367 1365 1369
f 1368 285 284
f 1368 1369 1364
f 1368 1363 285
f 286 289 284
f 1368 284 289
f 288 290 289
f 289 290 288
f 1368 289 290
f 290 289 286
f 1369 1368 290
f 1371 1369 290
f 1369 1372 1367
f 1367 1372 1370
f 1371 1372 1369
f 290 1375 1371
f 285 494 291
f 1374 494 285
f 1372 1373 1370
f 286 293 290
f 458 341 1281
f 470 1378 458
f 342 1281 341
f 458 339 341
f 110 72 74
f 1381 1383 1382
f 1381 1384 1383
f 1381 1385 1384
f 1386 1387 1356
f 1389 1392 1390
f 1388 1389 1394
f 1390 1391 1389
f 1392 1389 1388
f 1391 1395 1389
f 1392 1393 1390
f 1397 1388 1396
f 1397 1388 1398
f 1394 1398 1388
f 1389 1395 1394
f 1398 1401 1397
f 1398 1394 1401
f 1403 1394 1395
f 1397 1401 1388
f 1388 1401 1397
f 1388 1397 1392
f 1403 1401 1394
f 1394 1395 1403
f 1394 1403 1395
f 1386 1402 1404
f 1395 1400 1406
f 1405 1395 1406
f 1407 1406 1400
f 1403 1397 1401
f 1408 1392 1397
f 1392 1408 1399
f 1395 1405 1403
f 1410 378 373
f 1411 1409 733
f 1409 1410 373
f 1409 1411 1413
f 1324 1409 1413
f 1410 1409 1324
f 1414 1413 1411
f 1327 1410 1324
f 998 1419 1416
f 1419 1421 1416
f 1417 1416 1421
f 1423 1421 1419
f 1425 1417 1421
f 1425 1424 1417
f 1423 1419 1422
f 1419 1421 1423
f 1421 1419 1423
f 1426 1421 1419
f 374 379 1427
f 1421 1426 1419
f 1421 1426 1425
f 1423 1428 1421
f 1421 1428 1426
f 1428 1425 1426
f 1434 1431 1433
f 1433 1431 1429
f 1436 1437 1439
f 1437 1440 1439
f 1441 1440 1442
f 1445 1444 1443
f 1444 1445 1446
f 1444 1446 1447
f 1449 1443 1444
f 1449 1448 1443
f 1450 1448 1449
f 1447 1449 1444
f 1449 1447 1451
f 1451 1450 1449
f 1450 1451 1073
f 1453 1455 1454
f 1453 1452 1456
f 1456 1454 1453
f 1455 1453 1456
f 1310 1456 1452
f 1456 1453 1454
f 1456 1310 1313
f 1459 1460 1457
f 1314 1456 1313
f 1461 1317 1458
f 1461 1457 1460
f 1314 1462 1456
f 1317 945 951
f 1463 947 413
f 1318 948 945
f 1458 951 1457
f 1457 951 1465
f 1466 414 948
f 1457 1464 1465
f 1457 1465 1464
f 1465 1459 1457
f 1459 1465 1464
f 1458 1317 951
f 1467 1464 1465
f 1465 951 1468
f 1467 1465 1468
f 1468 951 947
f 1468 947 1463
f 1467 1463 1464
f 1319 1317 1320
f 415 414 1466
f 1320 1468 951
f 1468 1463 1469
f 1461 1320 1317
f 1458 1457 1461
f 951 1468 1320
f 1467 1468 1469
f 1470 415 1466
f 1319 1466 948
f 1461 1467 1468
f 1319 1320 1466
f 1468 1320 1461
f 1320 1468 1466
f 1467 1469 1468
f 1468 1469 1466
f 1466 1469 1470
f 1461 1460 1467
f 1469 1471 1470
f 1476 1475 1472
f 1474 1477 1476
f 1474 1476 1473
f 1478 1477 1474
f 1476 1475 1480
f 139 142 1483
f 1483 157 310
f 140 139 1483
f 1483 115 140
f 115 1483 310
f 709 997 705
f 707 703 994
f 999 997 706
f 998 996 1420
f 999 1420 996
f 711 999 706
f 993 374 1000
f 711 1484 999
f 706 716 711
f 716 1000 999
f 706 1000 716
f 1419 998 1420
f 711 716 999
f 1422 1420 999
f 1485 716 711
f 994 703 719
f 373 994 719
f 1419 1420 1422
f 711 710 1484
f 711 999 1484
f 1484 999 1485
f 1000 1485 999
f 999 1484 1422
f 1486 716 1485
f 1485 1000 1486
f 374 1486 1000
f 1486 1485 716
f 723 716 1485
f 1484 1485 711
f 1485 1486 1489
f 1488 1484 1485
f 1486 1489 1485
f 1485 1489 1486
f 374 1427 1486
f 1488 1484 710
f 1488 1485 1484
f 1422 1484 1488
f 1489 1488 1485
f 1486 1485 1489
f 717 733 719
f 1486 1489 1487
f 1489 1485 1488
f 723 1485 1486
f 1409 373 719
f 1422 1488 1489
f 1487 1489 1486
f 1409 719 733
f 1486 1427 723
f 1487 1427 1486
f 820 463 821
f 1494 1495 1493
f 1494 1493 1492
f 1496 1492 1491
f 1496 1494 1492
f 1496 1491 1497
f 1496 1498 1494
f 1494 1498 1499
f 1499 1498 1494
f 1498 1500 1494
f 1501 1497 1491
f 1494 1499 1495
f 1498 1496 1497
f 1502 1495 1499
f 1504 853 851
f 1505 1504 1503
f 853 856 852
f 856 1504 1505
f 853 1504 856
f 835 852 856
f 834 835 856
f 1507 1505 1503
f 1505 1507 1506
f 1357 1508 1438
f 1357 1358 1508
f 1509 1358 1359
f 726 1511 1512
f 1378 738 339
f 1378 339 458
f 1517 1516 1515
f 1514 1518 466
f 461 473 1519
f 1519 473 462
f 473 1519 1345
f 459 466 461
f 466 473 461
f 1521 1517 1515
f 455 465 1520
f 466 1520 1514
f 1519 473 466
f 1520 459 455
f 1514 1520 479
f 1351 466 1522
f 459 1522 466
f 473 477 467
f 459 1520 1522
f 465 476 1520
f 1520 466 1522
f 466 1351 1522
f 465 469 476
f 476 479 1520
f 1523 1525 1521
f 1526 1515 1528
f 1529 1531 1527
f 1527 1531 1529
f 1530 1535 464
f 1532 1533 1526
f 1533 1515 1526
f 1535 1530 464
f 1514 479 1530
f 1530 479 465
f 1515 1533 1523
f 479 1530 1535
f 479 1535 1530
f 1535 479 475
f 1515 1523 1521
f 1539 1523 1533
f 1540 1523 1539
f 1538 1524 1537
f 1527 1544 1534
f 1529 1534 1527
f 1530 1535 1529
f 1535 1530 464
f 465 464 1530
f 453 464 454
f 1545 1535 464
f 464 468 454
f 1534 1531 1527
f 1536 1534 1529
f 1535 1534 1536
f 468 464 465
f 1536 1529 1531
f 1531 1529 1536
f 1535 1536 1529
f 1549 1548 1531
f 1549 1531 1548
f 1536 1550 1531
f 478 1543 1547
f 1535 468 479
f 468 475 479
f 465 479 475
f 478 1552 1536
f 1552 468 1535
f 1552 474 468
f 1549 1548 1550
f 1550 1548 1531
f 1549 1551 1548
f 1551 1550 1536
f 1536 1552 1551
f 1537 1551 1536
f 1551 1552 1536
f 1536 1552 1537
f 1552 1535 475
f 1551 1537 1552
f 474 1552 475
f 475 1552 478
f 478 1551 1547
f 1547 1552 478
f 1547 478 1552
f 1554 1378 470
f 1555 190 1038
f 1361 1357 1438
f 1561 1557 1556
f 1560 1561 1556
f 1564 1565 1411
f 1565 1414 1411
f 1566 1414 1565
f 1567 1568 1565
f 1568 1566 1565
f 1569 1566 1568
f 1391 1390 1572
f 1390 1571 1572
f 1390 1393 1571
f 1575 1572 1571
f 1572 1395 1391
f 1574 1571 1393
f 1572 1400 1395
f 1572 1573 1400
f 1572 1575 1573
f 1574 1575 1571
f 1392 1399 1393
f 1574 1577 1575
f 1577 1573 1575
f 1580 1577 1574
f 1581 1400 1573
f 1407 1400 1405
f 1582 1579 1400
f 1405 1400 1583
f 1583 1399 1405
f 1583 1393 1399
f 1578 1400 1579
f 1393 1583 1574
f 1583 1584 1574
f 1584 1580 1574
f 1585 1374 493
f 489 1585 493
f 1585 494 1374
f 1586 494 1585
f 1587 489 484
f 484 1588 1587
f 1587 1585 489
f 499 497 500
f 1585 1589 1590
f 1592 1589 1585
f 1591 1592 1587
f 1585 1587 1592
f 1589 1592 1593
f 470 472 1554
f 1597 1596 1595
f 1599 1598 1596
f 1599 1596 1597
f 1599 1597 1601
f 1600 1597 1595
f 1602 1597 1600
f 1597 1602 1601
f 1603 1602 1600
f 1601 1602 1604
f 1602 1603 1604
f 1605 1606 1524
f 1605 1608 1606
f 1606 1609 1607
f 1611 1594 1554
f 305 1554 472
f 1436 1361 1437
f 1361 1438 1437
f 1618 1436 1439
f 1441 1439 1440
f 1619 1620 1621
f 1620 1624 1621
f 1622 1623 1620
f 1620 1623 1624
f 1623 1625 1624
f 1626 1624 1625
f 1627 154 1442
f 1627 1442 1628
f 1630 1629 1633
f 1637 1632 1636
f 1632 1638 1630
f 1635 1630 1633
f 1635 1636 1632
f 1635 1632 1630
f 1645 1644 1646
f 1647 1646 1648
f 1644 1649 1646
f 1649 1648 1646
f 1650 1649 1644
f 1651 1649 1650
f 1656 1655 1654
f 1656 1654 1653
f 1657 143 148
f 168 143 1657
f 1661 1660 1662
f 1663 1665 1659
f 1659 1665 1663
f 1662 1666 1661
f 1666 1570 1661
f 1665 1659 1668
f 1665 1663 1669
f 1669 1663 1665
f 1667 1670 1660
f 1670 1662 1660
f 1667 1672 1671
f 1662 1670 1673
f 1671 1670 1667
f 1674 1673 1670
f 1677 1680 1679
f 1679 1564 1681
f 1683 1679 1681
f 1681 1564 1684
f 1683 1681 1685
f 1680 1679 1677
f 1680 1677 1679
f 1686 1680 1679
f 1681 1683 1685
f 1682 1683 1685
f 1677 1679 1680
f 1565 1564 1567
f 1678 1686 1679
f 1686 1679 1680
f 1680 1679 1686
f 1685 1683 1684
f 1677 1680 1688
f 1681 1684 1683
f 1678 1686 1691
f 1678 1691 1686
f 1691 1683 1686
f 1689 1686 1683
f 1683 1689 1684
f 1684 1689 1683
f 1689 1683 1691
f 1693 1695 1689
f 1567 1692 1570
f 1688 1680 1696
f 1696 1680 1690
f 1690 1696 1691
f 1697 1689 1695
f 1691 1693 1689
f 1698 1687 1688
f 1697 1694 1689
f 1689 1694 1697
f 1694 1689 1697
f 1698 1690 1687
f 1568 1567 1570
f 1692 1661 1570
f 1698 1688 1696
f 1698 1696 1690
f 1664 1663 1698
f 1698 1699 1696
f 1702 725 727
f 1701 1702 727
f 728 1704 732
f 1703 735 725
f 1701 736 1702
f 1704 728 732
f 729 730 1704
f 1704 733 732
f 1702 736 1701
f 736 1705 1701
f 729 1706 736
f 730 729 1704
f 1704 730 723
f 734 1704 723
f 728 1676 732
f 1704 729 730
f 736 1706 1705
f 1706 1702 1705
f 1707 1703 1702
f 1707 1702 1706
f 1707 729 1704
f 733 1704 1709
f 1706 729 1712
f 729 1707 1712
f 1708 1709 732
f 732 1709 1704
f 733 1709 1708
f 1411 733 1708
f 734 1713 1709
f 1711 1702 1706
f 1711 1706 1702
f 1711 1706 1712
f 1708 732 1676
f 1511 1703 1707
f 1709 1707 1704
f 1512 1511 1710
f 734 1709 1704
f 1707 1706 1711
f 1707 1709 1712
f 1707 1714 1511
f 1708 1676 1564
f 1564 1411 1708
f 1511 1714 1710
f 1564 1709 1713
f 1678 1707 1711
f 1711 1712 1679
f 1678 1714 1707
f 1712 1709 1564
f 1682 1714 1678
f 1678 1711 1679
f 1679 1712 1564
f 1564 1681 1712
f 1679 1677 1711
f 1676 1567 1564
f 1678 1679 1711
f 1679 1682 1678
f 1564 1712 1681
f 1682 1715 1714
f 1679 1680 1677
f 1679 1683 1682
f 1719 751 1718
f 1723 1722 1594
f 1723 1594 1611
f 1726 1634 1725
f 1727 1728 1726
f 1729 1634 1726
f 796 563 562
f 1728 1729 1726
f 1727 1734 1728
f 1737 1736 1728
f 1734 1727 1735
f 1728 1739 1737
f 1728 1736 1738
f 1736 1636 1738
f 1738 1740 1728
f 1739 1741 1737
f 504 656 501
f 1357 1361 1742
f 1745 1747 1748
f 1692 1744 1746
f 1692 1567 1744
f 1687 1677 1688
f 1743 1746 1744
f 1743 1749 1746
f 1746 1749 1661
f 1746 1661 1692
f 1658 1660 1749
f 1749 1660 1661
f 1728 1734 1739
f 1750 1734 1735
f 1751 1734 1750
f 1734 1751 1739
f 1754 1751 1750
f 1753 1759 1752
f 1752 1759 1753
f 1759 1753 1752
f 1755 1759 1752
f 1760 1742 1436
f 1742 1361 1436
f 1760 1436 1618
f 1441 1442 154
f 1702 1703 725
f 726 735 1511
f 1511 735 1703
f 1513 738 1378
f 1716 1764 1761
f 608 1765 421
f 1111 1765 608
f 1112 1111 608
f 1768 1767 1769
f 1772 1766 1773
f 1773 1766 1771
f 1774 1775 1769
f 1777 1769 1776
f 1769 1767 1776
f 1780 1779 1778
f 1773 1780 1778
f 1782 1774 1769
f 1780 1786 1779
f 1777 1782 1769
f 1778 1779 1786
f 1786 1780 1779
f 1782 1784 1774
f 256 1789 253
f 261 253 1787
f 1793 1790 1792
f 1795 1794 1629
f 1796 1795 1629
f 1633 1629 1794
f 915 913 912
f 1798 913 915
f 917 1798 915
f 1803 1802 1800
f 1803 1805 1801
f 1804 1803 1800
f 1801 1805 1806
f 1803 1804 1797
f 1807 1805 1803
f 1807 1803 1797
f 1806 1809 1801
f 1817 1813 1810
f 1810 1813 1811
f 1810 1811 1817
f 1810 1817 1811
f 1815 1812 1818
f 1812 1813 1818
f 1817 1810 1811
f 1813 1817 1818
f 1817 1810 1816
f 1810 1817 1811
f 1817 1811 1818
f 1818 1811 1817
f 1802 1818 1817
f 1800 1817 1799
f 1800 1802 1817
f 1822 1823 1820
f 1823 1822 1793
f 1825 1791 1821
f 1823 1825 1820
f 1825 1823 1824
f 1793 1824 1823
f 1825 1631 1791
f 1793 1795 1824
f 1795 1796 1824
f 1825 1828 1631
f 1824 1796 1827
f 1825 1824 1827
f 1828 1825 1827
f 1827 1825 1828
f 1831 1835 1836
f 1835 1831 1832
f 1835 1832 1834
f 1837 1836 1835
f 1835 1793 1822
f 1793 1835 1790
f 1835 1820 1837
f 1822 1820 1835
f 1360 1838 1359
f 1387 1839 1360
f 1840 1838 1360
f 1573 1576 1581
f 1360 1839 1840
f 1581 1838 1840
f 1400 1581 1582
f 1799 1842 1841
f 1804 1800 1799
f 1841 1804 1799
f 1808 1804 1841
f 1843 1808 1841
f 351 1844 352
f 352 1844 1223
f 352 1223 355
f 1809 1806 309
f 1846 309 1806
f 1845 309 1846
f 270 269 273
f 221 273 269
f 1847 273 221
f 800 1850 1851
f 1851 1850 1852
f 1271 1853 1269
f 1854 1853 1273
f 1273 1853 1271
f 1856 1855 1854
f 1856 1854 1273
f 234 1019 1859
f 1861 631 1860
f 1861 1860 1862
f 1863 1861 1862
f 1864 1861 1863
f 159 1865 160
f 1871 1224 1225
f 1869 1870 1196
f 1196 1870 1188
f 1196 1188 1870
f 1196 1188 1225
f 1229 1228 1224
f 1225 1204 1196
f 1868 1869 1873
f 1196 1874 1869
f 1872 1867 1875
f 1196 1204 1874
f 1877 1875 1873
f 1875 1878 1872
f 1873 1869 1877
f 1235 1874 1204
f 1877 1869 1874
f 1230 1874 1231
f 1874 1235 1234
f 1230 1231 1229
f 1881 1873 1875
f 1878 1875 1879
f 1882 1874 1234
f 1235 1874 1230
f 1231 1874 1235
f 1876 1873 1877
f 1880 1881 1875
f 1881 1875 1883
f 1873 1884 1877
f 1883 1875 1877
f 1212 1882 1234
f 1885 1881 1879
f 1879 1881 1885
f 1873 1881 1883
f 1877 1884 1883
f 1883 1884 1877
f 1883 1877 1884
f 1881 1886 1885
f 1884 1873 1883
f 1889 1888 1627
f 1891 1513 1762
f 1892 1893 1894
f 1891 1762 1895
f 1897 1898 1896
f 1898 1900 1896
f 1902 1701 1901
f 1901 1899 1898
f 1890 1902 1898
f 1763 1902 742
f 1763 742 1902
f 1904 1906 1905
f 1897 1890 1898
f 1898 1902 1901
f 1902 1763 1701
f 1764 1902 1890
f 1764 1763 1902
f 1907 1701 1763
f 1764 1907 1763
f 1716 1907 1764
f 1909 1906 1745
f 1764 1890 1761
f 788 1911 784
f 788 792 1911
f 792 788 1911
f 782 790 789
f 790 782 789
f 789 792 782
f 790 782 789
f 782 790 789
f 782 792 789
f 1917 790 782
f 789 1917 782
f 1917 789 790
f 1387 1360 1356
f 1920 1839 1919
f 1922 1919 1921
f 1404 1387 1386
f 1387 1839 1404
f 1404 1839 1387
f 1404 1839 1387
f 1637 1797 1804
f 1804 1808 1637
f 1805 1807 1924
f 1806 1805 1924
f 1637 1638 1632
f 1806 1924 1926
f 1808 1927 1637
f 1927 1638 1637
f 1925 1807 1741
f 1928 1927 1808
f 1925 1924 1807
f 1927 1630 1638
f 1927 1640 1630
f 1927 1641 1640
f 1741 1730 1925
f 1929 1924 1925
f 1924 1929 1926
f 1731 1926 1924
f 1925 1730 1929
f 1018 1806 1926
f 1930 1926 1757
f 1731 1757 1926
f 272 1052 270
f 272 1931 1052
f 269 270 1052
f 1934 1933 1935
f 1936 1935 1933
f 1943 1941 1940
f 1938 1939 1940
f 1943 1944 1945
f 1943 1940 1944
f 1940 1946 1944
f 1948 1946 1940
f 1946 1950 1951
f 1952 814 1942
f 1953 1944 1946
f 1944 1953 1950
f 1953 1949 1950
f 1437 1956 1955
f 1440 1437 1955
f 1442 1440 1957
f 1957 1440 1955
f 1960 1964 1961
f 1962 1963 1965
f 1958 1962 1965
f 1829 1971 1831
f 1836 1829 1831
f 1799 1817 1816
f 1799 1816 1842
f 1717 450 813
f 1972 154 1888
f 734 723 1427
f 1487 1489 1488
f 1973 1427 1487
f 1974 1489 1487
f 1974 1422 1489
f 1973 1427 1975
f 1973 734 1427
f 1488 1974 1487
f 1427 1973 1975
f 1422 1974 1976
f 1974 1487 1486
f 734 1973 1975
f 1488 1976 1974
f 1974 1973 1487
f 1975 1973 1427
f 1423 1422 1976
f 1973 1975 1427
f 1486 1977 1974
f 1486 1427 1977
f 1427 379 1412
f 726 1512 1488
f 1975 1973 1427
f 1973 1975 1427
f 1512 1976 1488
f 1978 1977 1427
f 1974 1977 1976
f 1978 1974 1973
f 1974 1427 1973
f 1974 1978 1427
f 1976 1977 1979
f 1973 1978 1975
f 1974 1980 1973
f 1973 1427 1978
f 1974 1976 1980
f 1974 1979 1980
f 1979 1974 1980
f 1978 1427 1412
f 1977 1978 1981
f 1973 1713 1978
f 1975 1713 734
f 1980 1976 1512
f 1973 1980 1978
f 1975 1978 1415
f 1982 1981 1978
f 1713 1973 1978
f 1713 1975 1978
f 1978 1975 1415
f 1981 1978 1983
f 1982 1978 1412
f 1982 1978 1981
f 1980 1979 1983
f 1980 1983 1978
f 1980 1983 1979
f 1978 1982 1983
f 1715 1512 1710
f 1713 1978 1984
f 1512 1715 1980
f 1983 1984 1978
f 1713 1684 1564
f 1985 1980 1715
f 1984 1980 1985
f 1994 1992 1991
f 1994 1995 1992
f 1997 1998 1996
f 1997 1996 1999
f 2001 2002 577
f 2001 578 574
f 2006 2007 2010
f 1933 1934 1998
f 150 2012 2011
f 2011 152 150
f 152 2011 2013
f 2013 1936 152
f 152 1936 2014
f 339 737 340
f 1924 1926 1731
f 1018 1926 2015
f 1731 1926 1929
f 1731 1929 1732
f 1929 1642 1733
f 1732 1929 1733
f 777 1732 1733
f 908 907 1018
f 2017 2018 2016
f 2018 2020 2019
f 2021 2023 1402
f 2021 2025 2023
f 1918 1402 2027
f 1402 2023 2030
f 2027 1402 1918
f 2027 1918 1402
f 2022 2028 2031
f 2032 2023 2025
f 2030 2027 1402
f 2022 2031 2028
f 2033 2028 2029
f 2033 2029 2028
f 2035 2028 2031
f 2035 2031 2028
f 2033 2031 2035
f 2023 2032 2030
f 2035 2031 2033
f 2036 2031 2035
f 2036 2035 2037
f 1723 2043 1722
f 2045 2043 1723
f 759 762 764
f 761 763 764
f 759 764 2046
f 763 2046 764
f 759 2046 763
f 764 2049 2046
f 762 2049 764
f 1941 762 2048
f 762 1941 2049
f 1943 2049 1941
f 1941 2048 1938
f 1940 1941 1938
f 2055 2056 2053
f 2058 2059 2057
f 2057 2056 2055
f 764 2060 761
f 2052 2054 2063
f 2062 2058 2057
f 2061 2060 764
f 2058 2054 2057
f 2055 2058 2057
f 2054 2055 2063
f 2055 2054 2058
f 2059 2058 2062
f 2061 764 2046
f 2065 2055 2064
f 2065 2063 2055
f 2068 2066 2067
f 372 2068 2067
f 368 370 987
f 371 2068 372
f 1262 1273 1271
f 2069 1271 1272
f 1264 1273 1262
f 2069 1262 1271
f 1261 1262 2069
f 1264 1262 1263
f 2070 2025 2071
f 2021 2072 2025
f 2022 2070 2073
f 2070 2074 2025
f 2074 2070 2075
f 2075 2070 2022
f 2034 2025 2074
f 2075 2022 2031
f 2034 2032 2025
f 2022 2077 2031
f 2076 2034 2074
f 2036 2075 2031
f 2074 2078 2076
f 2075 2078 2074
f 2078 2075 2036
f 2082 532 2032
f 532 2030 2032
f 2080 2037 2039
f 531 1923 2030
f 2083 2037 2039
f 2083 2039 2037
f 2037 2080 2083
f 2085 2083 2080
f 2084 2037 2083
f 2039 2083 2085
f 2038 2083 2039
f 532 531 2030
f 2039 2081 2080
f 2086 2081 2087
f 2084 2083 2088
f 2038 2089 2090
f 2086 2085 2080
f 2038 2039 2085
f 2081 2086 2080
f 2090 2039 2091
f 2093 2085 2086
f 2039 2038 2085
f 2089 2038 2090
f 2091 2085 2093
f 2085 2091 2039
f 2095 2090 2091
f 2090 2095 2098
f 2097 2092 2084
f 2092 2097 2093
f 532 2082 2099
f 2097 2084 2088
f 2098 2095 2090
f 2093 2101 2092
f 2097 2102 2093
f 2093 2105 2091
f 2105 2095 2091
f 2098 2105 2091
f 400 2110 403
f 2107 2114 2109
f 409 396 400
f 2114 2107 2115
f 2114 2113 2109
f 2117 2118 2114
f 2113 2114 2118
f 412 409 400
f 412 400 406
f 2117 2114 2118
f 412 406 2116
f 2117 412 2116
f 2118 2117 2116
f 412 2116 406
f 2116 412 2117
f 2117 412 2116
f 2114 2115 2118
f 2122 2123 2127
f 2122 2124 2125
f 2122 2126 2124
f 2122 2125 2126
f 2123 2128 2127
f 2127 2128 2130
f 2131 2006 2009
f 2132 2125 2129
f 2132 2129 2131
f 2133 2006 2131
f 2134 2128 2123
f 2130 2009 2131
f 2131 2009 2133
f 2121 2134 2123
f 2137 2135 2125
f 2128 2134 2130
f 2009 2130 2131
f 2134 2136 2130
f 2133 2009 2006
f 2125 2138 2135
f 2125 2135 2137
f 2138 2125 2132
f 2130 2136 2133
f 2124 2122 2125
f 2108 2134 2121
f 2132 2131 2130
f 2130 2133 2132
f 2132 2110 2138
f 2112 2132 2133
f 2111 2110 2132
f 2134 2108 2107
f 2111 2132 2112
f 2138 396 2139
f 2138 2110 396
f 403 2111 2112
f 400 396 2110
f 403 2112 404
f 2144 2142 2124
f 2124 2142 2122
f 1945 1947 2140
f 2108 2121 2140
f 2140 1947 1944
f 2139 2146 2138
f 2138 2146 2147
f 2146 2139 2147
f 2148 2108 1949
f 2139 941 2147
f 941 2139 396
f 2043 2045 812
f 1945 2140 1943
f 1942 812 2045
f 2140 1944 1947
f 1947 1944 2140
f 1949 2140 1944
f 1949 2108 2140
f 2150 1942 2045
f 2152 1999 2153
f 2154 2152 2153
f 2000 2153 1999
f 2152 2154 2155
f 2156 2153 2000
f 2149 2158 1432
f 2150 2045 2149
f 956 747 955
f 749 747 956
f 956 959 749
f 1434 2161 2162
f 2162 2161 2164
f 2164 2161 2163
f 76 78 75
f 2167 2168 2165
f 624 2165 2168
f 78 2169 2168
f 2168 2167 78
f 2173 2094 2103
f 2103 2173 2174
f 2173 2103 2174
f 2171 2172 2175
f 2171 2175 2103
f 2177 2173 2174
f 2172 2176 2175
f 2178 2172 2176
f 2172 2178 2176
f 2176 2178 2179
f 2176 2179 2175
f 452 890 1972
f 2183 2185 2184
f 2185 2187 2184
f 2189 881 2190
f 341 2192 2193
f 341 340 2192
f 339 340 341
f 1154 1220 1219
f 2066 2195 2067
f 2066 2068 984
f 993 982 984
f 2194 983 992
f 993 984 2068
f 2068 369 993
f 990 992 983
f 2194 1418 2066
f 1418 2195 2066
f 2196 990 998
f 2196 992 990
f 992 1418 2194
f 2068 371 369
f 2196 1418 992
f 2196 1417 1418
f 369 374 993
f 1416 1417 2196
f 1416 2196 998
f 2202 2198 2197
f 2200 2203 2197
f 2203 2202 2197
f 2202 2203 2073
f 2203 2200 2204
f 2202 2073 2070
f 2073 2203 2205
f 1508 2206 1438
f 1358 2207 1508
f 2208 2207 1358
f 2208 1358 1509
f 2212 264 2209
f 2213 264 2212
f 264 2213 2214
f 2216 1203 2215
f 2217 974 2218
f 1198 1203 1194
f 1201 1193 1199
f 2217 988 974
f 1201 1200 1193
f 988 2217 974
f 1203 976 2215
f 1200 1201 995
f 695 1200 995
f 695 1197 1200
f 995 1201 702
f 2219 976 1203
f 707 976 2219
f 1200 1197 695
f 995 997 705
f 1200 695 693
f 1203 1200 698
f 1202 699 1201
f 702 1201 699
f 995 702 695
f 702 705 995
f 2219 707 703
f 707 2219 703
f 705 997 995
f 693 1197 1200
f 1200 695 698
f 702 995 997
f 2219 703 707
f 989 997 995
f 695 1203 698
f 695 698 1203
f 695 702 700
f 699 693 702
f 693 697 702
f 1203 698 2219
f 698 703 2219
f 997 704 702
f 704 997 2219
f 704 705 702
f 2219 997 704
f 704 997 706
f 704 706 997
f 695 694 693
f 699 702 697
f 699 701 702
f 700 702 704
f 705 702 701
f 702 705 704
f 704 705 701
f 709 705 704
f 1109 2222 2154
f 1109 23 2222
f 2227 2225 2229
f 2227 2229 2231
f 2225 2227 2229
f 222 2234 2229
f 2237 2229 2227
f 2238 2225 2235
f 2237 222 2229
f 2240 2225 2238
f 2225 2241 2238
f 2240 2241 2225
f 2241 2240 2236
f 221 222 2237
f 2237 2239 2243
f 2242 2236 2240
f 606 2245 1380
f 2248 2188 2247
f 2249 2188 2248
f 2154 2153 1108
f 2151 2250 1994
f 2156 1994 2250
f 2154 1108 1109
f 1108 2153 2250
f 2156 2250 2153
f 2188 2251 2247
f 2255 2252 2254
f 2254 2252 2256
f 2254 2197 2199
f 2259 2257 2258
f 2259 881 2189
f 153 2264 2262
f 2265 153 2263
f 1839 1920 1840
f 1582 1839 1840
f 1582 1840 1839
f 1582 1581 2266
f 2267 1581 1840
f 2268 1578 1582
f 2268 1582 2266
f 2268 2266 2269
f 1188 2268 2269
f 1920 1922 1840
f 1919 1922 1920
f 1190 1840 1922
f 1870 2268 1188
f 1840 1190 2267
f 2268 1870 1869
f 2183 2270 2271
f 2183 2184 2270
f 2184 2272 2270
f 2262 2264 2270
f 2261 2273 38
f 37 38 2273
f 2273 2012 37
f 450 870 890
f 450 1717 870
f 2276 1298 1299
f 1299 2277 2276
f 2277 2278 2276
f 2285 2283 2286
f 2286 2284 2285
f 2281 2287 2280
f 2282 2280 2287
f 2283 2282 2287
f 2288 2287 2281
f 2292 2287 2288
f 2283 2287 2293
f 2294 2291 2289
f 2293 2287 2292
f 2290 2283 2293
f 2294 2289 2295
f 2296 2292 2288
f 2296 2294 2292
f 2295 2289 2290
f 2292 2294 2295
f 2295 2290 2293
f 2295 2293 2292
f 1301 2298 1430
f 1301 1430 1435
f 2299 1355 2246
f 2186 2188 2246
f 2299 2246 2188
f 2300 2301 2304
f 2305 2304 2301
f 2308 2304 2300
f 2307 2204 2305
f 2304 2301 2300
f 2305 2301 2303
f 2303 2307 2305
f 2309 2204 2307
f 2301 2310 2303
f 2312 2303 2302
f 2310 2313 2303
f 2312 2302 2303
f 2314 2311 2303
f 2311 2306 2303
f 2306 2312 2303
f 2312 2306 1490
f 2314 2303 2313
f 2303 2315 2307
f 2317 2306 2311
f 2310 2318 2313
f 2312 2315 2303
f 2315 2309 2307
f 2306 2317 1490
f 2319 2318 2310
f 2318 2314 2313
f 2312 1492 2315
f 2311 2320 2317
f 2311 2314 2320
f 2313 2318 2314
f 2318 2313 2314
f 2320 2314 2318
f 1493 2309 2315
f 2324 158 2321
f 2325 2322 2323
f 2321 2326 2324
f 2326 2321 2322
f 2327 1211 1210
f 1213 1210 1211
f 739 697 693
f 1211 1208 2329
f 2327 1210 1209
f 739 1211 2329
f 1211 2327 1213
f 696 1213 712
f 1209 1208 2327
f 2327 1208 1211
f 2327 1211 694
f 2330 1209 2327
f 2327 1209 2330
f 2330 1209 1213
f 2327 712 1213
f 2330 1213 1209
f 694 720 2327
f 712 2327 2330
f 2330 2327 720
f 1903 2330 2331
f 2333 2332 2331
f 2330 720 712
f 2330 1903 2331
f 724 2334 1903
f 712 720 2332
f 2331 2335 2333
f 2332 2333 2336
f 2331 2332 1903
f 1903 2332 720
f 728 712 2332
f 728 722 712
f 2335 2331 1903
f 728 2332 2336
f 727 724 2337
f 1903 736 2337
f 1903 2337 736
f 1903 736 724
f 2337 724 736
f 1903 2337 2335
f 2337 1903 1701
f 720 736 1903
f 2337 1701 727
f 883 877 876
f 1462 1314 1297
f 1297 1298 1462
f 808 1267 1265
f 2342 2345 2343
f 2345 2342 2343
f 2341 2346 2342
f 2346 2345 2342
f 2344 2345 2343
f 1065 2346 2341
f 2342 2345 2344
f 2298 1952 1942
f 1942 2150 2298
f 1301 2348 2347
f 870 1078 890
f 243 1078 870
f 2148 1949 1953
f 2351 2148 2350
f 2353 2148 2351
f 2353 2351 2148
f 1309 2349 2352
f 2356 1309 2352
f 2350 2354 2351
f 2356 2352 949
f 1452 2355 2353
f 1309 2356 949
f 950 1309 949
f 870 1717 869
f 2265 2264 153
f 2357 2265 2263
f 2358 2360 2359
f 2360 1844 2359
f 1223 1844 2360
f 1314 1313 1316
f 1314 1316 2361
f 2361 1297 1314
f 1078 1074 2362
f 1220 1223 1217
f 652 1187 648
f 347 2363 811
f 2367 2366 263
f 2348 2368 2347
f 2368 1952 2347
f 2245 2369 1380
f 2158 1723 1611
f 1723 2149 2045
f 1723 2158 2149
f 1237 1900 1238
f 740 697 739
f 1208 2370 2329
f 2329 2370 739
f 2370 740 739
f 740 2370 2329
f 2329 724 740
f 741 1238 2371
f 2372 1238 1900
f 2372 2371 1238
f 2370 2371 2334
f 724 2370 2334
f 2329 2370 724
f 741 2370 724
f 724 2370 741
f 1899 2334 2372
f 2371 2370 741
f 2372 1898 2371
f 2372 2334 2371
f 742 2371 1898
f 2372 1900 1898
f 1901 2334 1899
f 2372 1898 1899
f 1898 2372 2371
f 1901 1903 2334
f 742 1898 2371
f 1901 1701 1903
f 1701 2337 736
f 2336 2333 2335
f 2335 2337 2375
f 1676 728 2336
f 1907 2337 1701
f 2336 2335 2375
f 1907 2375 1705
f 2375 2337 1705
f 1701 1705 1702
f 2375 2376 2336
f 1907 1705 2337
f 2374 1747 1904
f 2336 2376 1676
f 1705 1910 2375
f 1907 1705 1910
f 1910 1705 1907
f 1907 1705 2375
f 1907 1910 1705
f 1705 1706 1702
f 1747 2374 2376
f 1702 1706 1705
f 1716 1910 1907
f 1910 2376 2375
f 1747 2376 1910
f 1747 1910 1748
f 1676 2376 1744
f 1744 2376 1743
f 1910 1716 1748
f 1676 1744 1567
f 2263 2378 2357
f 1175 1178 507
f 2379 2381 2380
f 505 2380 2381
f 505 2381 2384
f 512 505 516
f 516 505 2384
f 2384 2382 516
f 2382 1175 507
f 2382 507 515
f 2383 1175 2382
f 2382 515 516
f 2381 2383 2382
f 2384 2381 2382
f 158 2388 182
f 1991 2389 2151
f 253 2391 251
f 252 255 254
f 2397 2361 2395
f 1788 2395 2392
f 2391 2394 2396
f 2394 1788 2392
f 2394 2391 1788
f 1789 1788 2391
f 2397 2395 1788
f 2391 2396 253
f 253 251 2391
f 253 1789 2391
f 1788 1789 2397
f 253 2396 1787
f 2397 1789 256
f 2167 2165 2398
f 2399 2167 2398
f 83 75 78
f 2399 83 2167
f 83 78 2167
f 1014 1010 1013
f 1011 1010 1014
f 1027 1028 1026
f 1028 1270 1847
f 1269 1270 1028
f 2401 1168 1164
f 2400 2401 1164
f 2395 2403 2392
f 2395 2361 1316
f 2405 2408 2406
f 2404 2408 2405
f 315 1277 1275
f 127 2411 2410
f 2410 2412 1277
f 1277 2412 1275
f 37 36 38
f 30 2415 31
f 346 350 31
f 2363 344 349
f 350 2160 349
f 350 346 2160
f 2417 2418 2367
f 2419 2418 2417
f 2420 2419 28
f 2420 28 2422
f 1619 2423 2425
f 2428 787 2427
f 2426 2427 787
f 2430 787 2428
f 2430 2428 2427
f 2430 2374 2428
f 2427 2426 787
f 2430 2428 2374
f 787 788 786
f 787 2426 788
f 2429 2431 2426
f 2426 2429 787
f 787 2429 2426
f 2427 1904 2429
f 794 2426 787
f 1904 2427 2428
f 2428 2374 2427
f 2428 2376 2374
f 2427 2374 2428
f 2426 794 2428
f 2426 2428 2427
f 2426 2427 2429
f 2374 1904 2428
f 788 2426 2431
f 794 2432 2428
f 2428 2432 2426
f 2432 2434 2428
f 2428 2434 2377
f 2428 2377 2376
f 1747 1906 1904
f 2428 2426 2432
f 2432 2435 2434
f 2377 2434 2376
f 2435 794 685
f 2432 794 2435
f 2432 2377 2434
f 2432 2434 2377
f 2434 1743 2376
f 2000 1995 2436
f 2440 314 1276
f 314 2440 1278
f 2297 1278 2440
f 2444 2446 2441
f 2447 2445 2449
f 2447 1075 2445
f 2442 500 2443
f 1075 2447 2445
f 2451 2448 2444
f 1593 2444 2441
f 2450 2454 2452
f 2455 2444 1593
f 2455 2451 2444
f 2451 2455 2457
f 2461 2458 1069
f 2462 2459 2458
f 2460 2461 1069
f 2458 2461 2462
f 2463 2461 2460
f 2463 2464 2461
f 2438 2461 2464
f 2461 2438 2462
f 2438 2437 2462
f 2437 2465 2462
f 2402 2465 2437
f 193 191 2466
f 2466 2416 193
f 1541 2357 1542
f 1541 1892 2357
f 1248 2469 2467
f 2468 2467 2469
f 2471 251 249
f 2472 2325 2323
f 2119 2118 2115
f 2117 2120 412
f 2118 2120 2117
f 1455 2119 2115
f 1456 2119 1455
f 2119 1456 1462
f 1431 2119 1429
f 1074 242 1541
f 1622 2425 2476
f 1622 1619 2425
f 2477 1622 2476
f 1620 1619 1622
f 2478 1622 2477
f 2479 2478 2477
f 1891 738 1513
f 2 4 5
f 1004 2480 1003
f 2482 2480 2483
f 1186 366 367
f 2214 2213 2484
f 340 737 1628
f 2487 215 2486
f 1893 2488 1894
f 2489 2491 2490
f 1138 2490 2491
f 2491 2489 1161
f 2491 522 1138
f 2492 2491 1161
f 522 2491 2493
f 2493 2491 2492
f 2493 2494 1145
f 2502 395 389
f 394 389 395
f 2502 389 660
f 388 660 389
f 388 391 660
f 1326 2503 1412
f 2503 1326 2504
f 318 319 2505
f 1326 2504 1329
f 2504 1326 318
f 2505 2503 318
f 2504 1326 1331
f 1331 1326 2504
f 332 327 1326
f 327 318 1326
f 1331 332 1326
f 1326 327 1331
f 318 327 332
f 327 332 1331
f 2506 2507 1333
f 2507 1334 1333
f 335 331 332
f 2507 2508 1334
f 1334 2508 1340
f 332 1331 335
f 1340 332 335
f 2509 2508 2507
f 2508 2509 2507
f 2510 2509 2507
f 2508 2507 2509
f 1340 2510 1342
f 2512 2476 2511
f 2512 2477 2476
f 2206 2513 1437
f 1437 2513 1956
f 2514 1956 2513
f 814 812 1942
f 808 807 809
f 809 2516 808
f 2517 2516 809
f 810 2517 809
f 2517 810 2518
f 1988 2520 2519
f 1976 1428 1423
f 1412 379 2522
f 1428 1976 1979
f 2522 379 2523
f 2521 1425 2505
f 2505 1425 1428
f 1981 1979 1977
f 1981 1428 1979
f 1983 1979 1981
f 1981 1979 1983
f 1412 2522 1326
f 2503 2505 1428
f 1983 1982 1981
f 1981 2503 1428
f 319 2505 2524
f 2503 1982 1412
f 2503 1981 1982
f 2504 1982 2503
f 1982 2504 2503
f 1329 2504 1326
f 2456 2527 2526
f 2456 2526 1503
f 2441 1589 1593
f 1592 1591 2527
f 1593 1592 2527
f 2456 1593 2527
f 1593 2456 2455
f 2526 2527 1591
f 1591 2525 2526
f 1250 1252 2469
f 2469 1252 2529
f 1245 1255 1252
f 1254 1255 1245
f 2210 2529 1252
f 1252 2210 1255
f 1252 1255 2210
f 2210 1252 1255
f 2532 2530 1011
f 2532 2531 2530
f 1011 610 2532
f 2534 2533 521
f 50 179 2536
f 54 179 50
f 103 50 2536
f 2537 246 102
f 2537 102 103
f 33 103 102
f 2538 2477 2512
f 2538 2479 2477
f 2540 2538 2512
f 2544 2542 2541
f 2542 2213 2543
f 2542 2545 2213
f 2511 2476 2546
f 2549 2511 2546
f 751 649 750
f 2458 2345 2346
f 2344 2458 2550
f 2344 2345 2458
f 1068 2551 1063
f 1069 2551 1068
f 2458 2551 1069
f 1845 1432 308
f 1845 308 309
f 2344 2345 2555
f 2555 2556 2344
f 2550 2556 2555
f 2345 2344 2555
f 2556 1954 1948
f 2550 2555 2344
f 2556 2550 1954
f 1954 2550 2459
f 2550 2458 2459
f 814 1952 2416
f 2459 1311 1954
f 2559 2560 2558
f 2560 2559 2561
f 2562 2557 2563
f 2560 2565 2558
f 2566 2557 2564
f 2567 2563 2557
f 2565 2560 2569
f 2228 2563 2567
f 2565 2569 2566
f 2566 2567 2557
f 2566 2569 2570
f 2571 2573 2569
f 2569 2566 2570
f 2569 2574 2566
f 2574 2567 2566
f 2577 2579 2578
f 2579 2577 2578
f 2581 2585 2582
f 2583 2582 2585
f 2586 2584 2583
f 2583 2587 2582
f 2583 1135 2587
f 2583 1135 2586
f 2586 1135 2584
f 1135 2582 2587
f 2585 1135 2583
f 1135 2587 2589
f 1135 2585 2587
f 2589 2586 1135
f 1135 2586 2589
f 2586 2589 2587
f 2587 2585 2590
f 2586 2587 2589
f 2589 2586 2588
f 2581 2591 2585
f 2591 2590 2585
f 2587 2586 2589
f 2587 2588 2586
f 2593 2588 2587
f 2593 2587 2590
f 875 874 2594
f 875 2594 880
f 2594 878 880
f 875 880 878
f 880 875 878
f 2598 2596 2595
f 2596 880 878
f 879 2596 878
f 2595 2597 2598
f 880 2596 2190
f 2595 2596 879
f 1993 2597 2595
f 2600 2596 2599
f 2190 2600 2601
f 881 880 2190
f 879 1993 2595
f 2190 2596 2600
f 884 1993 879
f 2603 2602 2605
f 2606 2604 2603
f 2603 2605 2606
f 1888 154 1627
f 2614 2612 2616
f 2617 2612 2615
f 2612 2617 2616
f 2621 2618 2622
f 2622 2618 2620
f 2625 847 2623
f 2626 2622 2620
f 2623 847 2627
f 2623 2627 2626
f 2627 2622 2626
f 2627 847 2622
f 2620 2618 841
f 2626 2627 2623
f 2620 841 845
f 845 2620 844
f 2620 845 2626
f 845 844 2620
f 845 2627 2626
f 2626 2627 844
f 2627 2626 844
f 2627 845 847
f 843 844 2627
f 843 845 841
f 844 843 845
f 842 2627 844
f 845 843 844
f 2627 842 843
f 580 581 579
f 564 565 580
f 425 2628 427
f 2629 427 776
f 2630 2631 1272
f 1261 1272 2631
f 1261 2069 1272
f 2348 2633 2368
f 776 2628 2606
f 2628 776 427
f 1196 1870 1188
f 2634 1190 1922
f 1882 1190 2634
f 2635 1882 2634
f 1207 1190 1882
f 1877 1874 1882
f 1877 2636 1876
f 2636 2637 2635
f 1882 2635 2637
f 1882 1884 1877
f 1234 1212 1882
f 1212 1207 1882
f 2636 1877 1884
f 1234 1882 1212
f 2637 2636 1884
f 2637 1884 1882
f 2367 264 2214
f 2417 2367 2214
f 2516 2639 1267
f 2517 2639 2516
f 2517 2640 2639
f 2517 2641 2640
f 2641 2642 2640
f 2576 2646 2607
f 2649 664 2648
f 2159 1167 1114
f 345 1167 2159
f 346 345 2159
f 2651 311 2650
f 312 2651 2652
f 2651 312 311
f 2652 639 312
f 2656 2654 2653
f 2656 2653 2657
f 313 365 2658
f 965 622 966
f 622 1050 966
f 2660 1039 1032
f 1040 1039 2660
f 2660 1041 1040
f 1025 1026 2662
f 833 829 831
f 2664 829 833
f 833 2666 2665
f 2666 833 2665
f 2665 832 2664
f 2665 2667 832
f 833 2666 2664
f 2667 2668 832
f 2664 2667 2665
f 2666 2670 2665
f 2670 2666 2665
f 2672 2671 2669
f 2670 2667 2666
f 2667 2670 2674
f 2673 2667 2674
f 2669 2671 2672
f 2673 2668 2667
f 1700 2676 2680
f 2677 2681 2679
f 1695 2678 1697
f 2678 1695 2677
f 2677 2679 2678
f 2682 2679 2681
f 2676 2681 2677
f 2685 2676 2683
f 1697 2678 2685
f 2686 2678 2679
f 2686 2682 2681
f 2682 2686 2679
f 2681 2676 2687
f 2688 2685 2678
f 2685 2687 2676
f 2681 2687 1546
f 2681 1546 2686
f 2687 2690 2685
f 2688 1527 2685
f 2685 2690 2687
f 2687 2685 1527
f 2689 454 1546
f 2686 1546 453
f 2686 453 454
f 1545 1527 2689
f 1527 1545 2689
f 1527 2688 1545
f 1527 1545 2688
f 1546 1545 2689
f 1546 2687 1545
f 1545 464 2689
f 2689 464 454
f 453 1546 454
f 1527 1544 1531
f 1527 1531 1544
f 1534 1535 1527
f 1535 1545 2687
f 2691 2693 1540
f 2696 2697 2695
f 2696 1609 2694
f 2695 2697 2696
f 2696 2699 2697
f 2694 543 2696
f 2701 2695 2697
f 2700 2696 2697
f 2696 2702 2699
f 2699 2701 2697
f 2703 2700 2697
f 2702 2700 2699
f 2701 2706 2703
f 2701 2699 2706
f 2699 2705 2706
f 2700 2705 2699
f 2702 2706 2705
f 545 2702 543
f 2707 2708 429
f 2707 1007 2708
f 2709 2707 429
f 2709 1008 2707
f 1008 1007 2707
f 2710 2711 2712
f 2714 2712 2713
f 2716 535 901
f 2646 1086 2607
f 2646 2415 1086
f 2719 2720 2718
f 2721 2717 2722
f 2721 2723 2717
f 2725 1032 1031
f 2725 2726 2727
f 2727 1032 2725
f 1032 2727 2660
f 2729 2728 1036
f 238 1037 1038
f 1038 237 238
f 2185 2183 2730
f 2185 2731 2186
f 1222 2732 1219
f 1303 2348 1301
f 2735 2736 2737
f 2739 2738 2644
f 2739 2644 2738
f 2644 2740 2645
f 2741 2739 2743
f 2739 2744 2743
f 2746 2741 2743
f 2647 2579 2745
f 2747 2746 2743
f 1598 2747 2743
f 2749 2647 2745
f 2747 2748 2746
f 2747 2751 2748
f 2756 2752 2755
f 2752 2753 2755
f 2753 2754 2755
f 2758 1038 2759
f 113 310 156
f 113 156 2760
f 2766 2660 2727
f 2729 2761 2728
f 1041 2660 2661
f 2764 2761 2769
f 2762 2763 2771
f 2767 2770 2729
f 2660 2766 2661
f 2761 2729 2770
f 2762 2771 2772
f 2774 2769 2761
f 2773 2761 2770
f 2775 2661 2766
f 2773 2774 2761
f 2663 2778 2777
f 2777 2776 2781
f 2777 2781 2782
f 2777 2662 2663
f 2781 2783 2742
f 2782 2662 2777
f 2742 2783 2578
f 2783 2742 2578
f 1026 2663 2662
f 2645 2578 2579
f 2782 1029 2662
f 2782 2784 1029
f 2784 2662 1029
f 2662 2784 1025
f 2645 2579 2578
f 2741 2782 2742
f 1025 2784 1029
f 829 2664 832
f 2666 2667 2664
f 1618 2272 1760
f 2763 2768 2771
f 2773 2770 2785
f 2787 2774 2773
f 2774 2768 2786
f 2786 2789 2774
f 2790 2787 2773
f 2787 2789 2774
f 2789 2787 2774
f 2774 2787 2789
f 2791 2790 2773
f 2791 2773 2785
f 2792 2661 2775
f 2790 2793 2787
f 2794 2789 2787
f 2794 2787 2790
f 2787 2793 2790
f 2791 2785 2795
f 2794 2790 2791
f 2794 2791 2790
f 2788 2789 2794
f 2791 2795 2785
f 2794 2790 2791
f 2791 2795 2794
f 2794 2795 2788
f 2795 2771 2788
f 2557 2771 2795
f 2791 2790 2794
f 2790 2791 2794
f 2791 2798 2794
f 2785 2798 2791
f 2798 2795 2791
f 1600 1595 2801
f 2800 1600 2801
f 1603 1600 2800
f 2802 2757 961
f 2808 1650 2806
f 2806 2807 2808
f 2809 2808 2807
f 2810 2809 2807
f 1266 1263 1267
f 2812 298 2811
f 298 2812 2813
f 2814 298 2813
f 626 2817 2818
f 1052 2819 222
f 79 20 17
f 2725 2821 1092
f 2821 2725 1031
f 1270 273 1847
f 1270 1269 273
f 1853 273 1269
f 903 604 504
f 1086 110 2607
f 2284 386 2825
f 2284 2827 386
f 386 2827 2826
f 2284 2825 2285
f 2717 2718 2828
f 2717 2828 2722
f 2831 2833 1500
f 1499 1498 2829
f 2831 1500 2832
f 2830 1499 2829
f 2102 2833 2101
f 2834 2831 1498
f 2837 2835 2832
f 2836 2833 2102
f 2838 2830 2829
f 1498 2831 2829
f 2101 2833 2832
f 2833 2831 2832
f 2831 2833 2836
f 2829 2831 2839
f 2839 2831 2836
f 2836 2833 2831
f 2838 2829 2839
f 2830 2838 2841
f 2839 2836 2842
f 2831 2844 2836
f 2837 2832 2835
f 2843 2839 2829
f 2834 2624 2831
f 2843 2829 2839
f 2839 2837 2838
f 2840 2837 2842
f 2831 2624 2844
f 2839 2842 2837
f 2845 2843 2839
f 2839 2843 2845
f 2623 2843 2845
f 2837 2181 2838
f 2623 2845 2843
f 2846 2838 2181
f 2837 2847 2181
f 1048 1601 1604
f 964 1048 1604
f 2823 2725 1092
f 2726 2725 2823
f 2823 2852 2726
f 2853 2851 2854
f 2855 2726 2852
f 2853 2854 2856
f 2852 2857 2855
f 2859 2862 2861
f 2861 2862 2166
f 2166 2862 2863
f 2165 621 2166
f 501 502 504
f 1111 1185 1765
f 1114 1185 1111
f 2221 2220 2865
f 2782 2741 2784
f 2867 2579 2580
f 2868 2784 2741
f 2647 2580 2579
f 2745 2579 2867
f 2746 1029 2784
f 2741 2746 2868
f 2749 2867 2580
f 2868 2869 2784
f 2784 2869 2746
f 2746 1030 1029
f 2746 2869 2868
f 2749 2745 2867
f 2580 2647 2749
f 1030 2746 2748
f 2603 2872 2871
f 2873 2872 2603
f 2604 2873 2603
f 2604 1182 2873
f 1182 2604 2874
f 1182 2874 1183
f 2874 2604 2606
f 2727 2726 2855
f 2876 2856 2854
f 2875 2764 2878
f 2879 2856 2876
f 2858 2856 2875
f 2875 2876 2854
f 2875 2856 2858
f 2856 2879 2858
f 2855 2857 2880
f 2876 2875 2878
f 2764 2769 2878
f 2855 2766 2727
f 2878 2769 2883
f 2855 2880 2775
f 2775 2766 2855
f 2878 2885 2876
f 2887 2769 2888
f 2878 2883 2887
f 2884 2880 2889
f 2775 2880 2884
f 2885 2878 2888
f 2888 2878 2887
f 2887 2883 2888
f 2887 2888 2769
f 2786 2883 2769
f 1303 1435 2274
f 2261 1303 2274
f 2891 856 1505
f 834 856 2891
f 1506 2891 1505
f 836 834 2891
f 838 2891 1506
f 838 836 2891
f 1506 778 838
f 2892 2893 1339
f 1337 2684 2679
f 2892 1569 2893
f 2684 2682 2679
f 1569 2894 1528
f 1569 2895 2893
f 1569 1528 2895
f 2896 2678 2684
f 2678 2686 2684
f 2893 2895 2897
f 1530 2688 2678
f 2678 2896 1530
f 2896 2897 1514
f 2895 1528 1515
f 2895 1515 2897
f 1514 1530 2896
f 1515 1516 2897
f 1527 2688 1529
f 1529 2688 1530
f 2879 2881 2858
f 2881 2877 2858
f 2881 2875 2877
f 2881 2877 2875
f 2875 2877 2881
f 2881 2768 2765
f 2882 2881 2879
f 2882 2887 2881
f 1380 1379 745
f 602 599 1159
f 1157 1159 1156
f 1156 1158 1157
f 602 1159 2901
f 2901 2899 1139
f 2489 2901 1159
f 602 2901 1140
f 1139 1140 2901
f 2490 2901 2489
f 2490 1138 2901
f 1161 2489 1159
f 227 229 2902
f 2906 2904 2907
f 2904 2908 2907
f 2909 2904 2903
f 2908 2904 2910
f 2910 2904 2909
f 2910 2909 2911
f 2911 2912 2910
f 863 867 865
f 857 868 867
f 2882 2885 2887
f 2883 2881 2887
f 2187 1760 2272
f 1049 1048 1047
f 634 2917 2919
f 2918 2917 2920
f 634 2920 2917
f 2922 1093 1091
f 2923 1093 2922
f 2923 1094 1093
f 2823 1092 1094
f 2924 2923 2922
f 2927 2926 2925
f 2932 2930 2929
f 2932 2931 2930
f 2157 2933 745
f 1174 1177 1178
f 2221 2865 2609
f 2937 2938 2935
f 2935 2938 2936
f 2939 2938 2937
f 1544 1531 2941
f 1543 2941 2940
f 2941 1531 2940
f 1549 2940 1531
f 1549 1531 1548
f 2945 2942 2943
f 2945 2944 2942
f 2187 2946 1760
f 2946 1742 1760
f 2946 1355 1742
f 2948 2041 2040
f 2406 2949 927
f 2534 2950 2533
f 927 928 919
f 928 921 919
f 2949 928 927
f 2402 2437 2438
f 2952 2402 2438
f 2403 2402 2952
f 2954 2952 2953
f 2955 2954 2953
f 2954 2955 2952
f 2955 2392 2952
f 2392 2403 2952
f 2956 2955 2953
f 2955 2956 2393
f 2955 2393 2392
f 2952 2438 2464
f 2439 2952 2464
f 2958 1828 2957
f 2958 2959 1828
f 2960 2958 1827
f 1828 2959 1961
f 2959 2958 2960
f 2959 2960 2961
f 2960 1958 2961
f 1961 2959 2961
f 2961 2962 1961
f 1961 2962 1960
f 748 2963 2964
f 2963 2965 2964
f 2967 2965 2963
f 2967 2963 2969
f 2969 2963 2966
f 2970 2969 2966
f 154 1972 2182
f 2257 2973 2975
f 2257 2975 2258
f 2972 2973 2974
f 2973 2972 2971
f 2258 2973 2975
f 2258 2975 2973
f 191 1151 2976
f 2978 228 2977
f 2979 228 2978
f 2979 2980 228
f 2979 2978 2981
f 971 1172 1171
f 620 616 2985
f 620 2985 2984
f 2985 2987 2984
f 2984 2987 2986
f 2989 2986 2987
f 2801 2913 2991
f 2800 2991 2990
f 2800 2801 2991
f 2418 2993 2367
f 2419 2420 2418
f 2420 2993 2418
f 2420 1108 2993
f 2934 2995 2996
f 2995 2994 2996
f 2937 2935 2934
f 2994 2997 2996
f 2934 2996 2937
f 2999 2996 2998
f 2937 2996 2999
f 1082 3000 1084
f 1084 3000 2169
f 626 3000 2817
f 2817 3000 1082
f 3000 626 625
f 1082 14 2817
f 3001 2992 2913
f 2990 2992 3002
f 2991 2913 2992
f 2992 2990 2991
f 1583 1400 1579
f 1579 1400 1578
f 1579 1582 1580
f 3004 1579 1580
f 3005 2266 1581
f 1579 1407 3003
f 1578 1407 1579
f 1584 3004 1580
f 3005 1582 2266
f 3005 1580 1582
f 1405 3003 1407
f 1583 1579 3008
f 3007 3003 1407
f 1407 1579 3007
f 1579 3003 3007
f 3008 1579 3007
f 3007 1579 3004
f 1871 1582 1579
f 1582 1578 1579
f 1584 3008 3004
f 3008 1584 3006
f 1407 3007 1579
f 3007 1871 1579
f 1871 2269 1582
f 2266 1582 2269
f 3003 3007 1407
f 3007 3004 3008
f 1868 1578 2268
f 3010 3007 3003
f 3003 3009 3010
f 3012 3010 1866
f 3011 1868 1866
f 3010 3011 1866
f 1225 2269 1871
f 1871 3007 3010
f 1225 1188 2269
f 1869 1868 2268
f 1229 1871 3010
f 1866 1229 3010
f 1229 1224 1871
f 1849 3013 1848
f 1848 3013 1849
f 1857 800 1851
f 3014 1851 1852
f 797 798 799
f 798 800 1857
f 2483 3016 2482
f 3023 3024 3025
f 3026 2886 3023
f 3026 3023 3025
f 3025 3027 3026
f 3021 2655 3028
f 3028 3021 3027
f 3028 3027 3021
f 3029 3021 2655
f 2655 3021 3028
f 3029 3027 3021
f 2886 3026 3030
f 3028 3021 3027
f 3027 3029 3026
f 3031 3029 2655
f 3029 3031 3026
f 3031 2655 2656
f 3026 3033 3030
f 3032 3026 3031
f 3032 3033 3026
f 3039 3037 3038
f 3040 3035 3034
f 3041 3039 3038
f 3041 3038 3036
f 3040 3036 3035
f 3041 3036 3042
f 1989 3044 1987
f 972 3044 1989
f 2950 2983 3046
f 3047 571 576
f 3050 2005 3049
f 2008 3049 2005
f 2701 2697 2695
f 2005 3050 2008
f 3051 3047 3052
f 3051 2691 3047
f 2701 2703 2697
f 3050 3049 2008
f 2691 3051 3053
f 2861 3057 3056
f 3055 2861 3056
f 2861 962 3057
f 745 1379 743
f 291 492 292
f 293 292 3059
f 3058 292 492
f 492 499 3058
f 292 3060 3059
f 499 497 3058
f 3060 292 3058
f 3059 3062 3061
f 3058 497 3060
f 3061 3062 2449
f 500 497 499
f 3060 497 2443
f 2447 3059 3060
f 3062 3059 2447
f 2443 2447 3060
f 656 657 3063
f 656 3063 501
f 3065 3066 3064
f 3067 3065 3064
f 2724 3066 3065
f 293 1377 290
f 3069 1372 1371
f 1586 1376 1372
f 1585 1590 1586
f 1376 1586 3070
f 1586 1372 293
f 1372 3069 293
f 494 500 497
f 1586 1590 494
f 1590 3070 1586
f 500 494 1590
f 1586 3061 1590
f 3061 1586 293
f 293 3059 3061
f 1590 497 500
f 3070 1590 2446
f 497 3060 500
f 1590 3060 497
f 3061 2449 1590
f 2449 2445 3061
f 2449 3060 1590
f 3070 2446 2448
f 1590 1589 2446
f 2449 2445 3061
f 3061 2445 2449
f 2449 3062 2445
f 2446 1589 2441
f 3060 2449 2443
f 3061 3071 2449
f 2443 500 3060
f 2445 2449 3071
f 3062 2449 2445
f 2449 2445 2443
f 2446 2444 2448
f 3062 2447 2449
f 3071 1075 2445
f 3073 564 3072
f 564 3073 565
f 2478 2479 3074
f 1622 2478 3076
f 2478 3075 3076
f 3074 3075 2478
f 3075 283 3076
f 3077 3075 3074
f 3077 283 3075
f 283 1363 3076
f 3084 3082 3083
f 3084 3079 3082
f 3087 3084 3083
f 3078 3086 3080
f 3084 3087 3089
f 3086 3087 3080
f 3090 3088 3080
f 3089 3087 3086
f 3080 3087 3090
f 234 1859 236
f 2951 928 3091
f 2803 928 2949
f 3091 928 2803
f 2902 2615 2613
f 3093 940 1379
f 1855 3094 1854
f 2715 2713 3096
f 3097 2715 3096
f 3001 3095 2715
f 3097 2992 2715
f 2992 3001 2715
f 372 3099 376
f 380 377 376
f 3101 3032 2656
f 3102 2656 2657
f 2656 3102 3101
f 3103 3101 3102
f 3103 3102 3104
f 3106 3104 3102
f 161 1283 162
f 430 431 3109
f 141 157 142
f 2378 1542 2357
f 2252 2255 2253
f 2253 3114 2252
f 3114 2253 2255
f 1624 1626 3114
f 3114 3115 2252
f 2256 3115 3117
f 3118 1626 1625
f 3115 3114 3116
f 3114 2255 2253
f 3118 3114 1626
f 3117 3115 3116
f 3116 3114 3118
f 3119 3116 3118
f 3116 3119 3117
f 3121 3117 3119
f 3118 1365 3119
f 1365 1366 3119
f 2308 3117 3121
f 3117 2308 2300
f 3125 3123 3124
f 3125 3124 1216
f 392 3125 1216
f 1215 1216 3124
f 392 1216 280
f 3043 3040 3034
f 3043 3127 3128
f 3034 3127 3043
f 3130 2195 1418
f 3130 3131 2195
f 3131 3129 2195
f 1418 1720 3130
f 3130 1720 1418
f 3129 3099 372
f 3129 3131 3099
f 502 903 504
f 1996 2000 1999
f 1999 2152 1997
f 1933 1937 1936
f 3132 1601 1048
f 568 571 3134
f 571 568 567
f 1539 3134 571
f 1540 1539 571
f 3047 1540 571
f 573 576 571
f 1540 3047 2691
f 1048 1049 3132
f 3132 1049 3135
f 1049 3136 3135
f 3136 1049 1047
f 2864 607 606
f 3139 3137 3138
f 3139 3138 3140
f 3142 3138 3137
f 3142 3141 3138
f 1002 3145 3144
f 1002 3144 1005
f 1005 3144 3146
f 3146 3147 1005
f 2799 2802 2800
f 2881 2883 2786
f 2889 2769 2884
f 2881 2786 2768
f 2884 2769 2774
f 2889 2880 2886
f 2885 2888 2887
f 2769 2889 2888
f 2888 2786 2769
f 2883 2786 2888
f 2888 2887 3149
f 2887 2888 3149
f 3149 2786 2888
f 2787 2884 2774
f 2889 2775 2884
f 2786 2883 2888
f 3151 2889 2886
f 2888 2883 2887
f 2889 2884 3150
f 2789 2787 2774
f 3030 3151 2886
f 3149 2888 2889
f 2884 2787 3150
f 2786 3149 2789
f 3150 2789 3149
f 2789 3150 2787
f 3149 2889 3150
f 3151 2775 2889
f 2792 2775 2796
f 2775 3151 2796
f 2793 3150 2787
f 2787 3150 2793
f 3151 3030 3152
f 3150 2797 2793
f 3150 2793 2796
f 3152 2796 3151
f 3153 2610 2611
f 1282 161 2611
f 161 3153 2611
f 3153 161 8
f 3002 3037 3039
f 3039 2990 3002
f 3039 3041 2799
f 3041 3042 3039
f 3039 2799 2990
f 3039 3042 3041
f 2800 2990 2799
f 2799 3041 3042
f 2712 3155 2713
f 2712 2711 3155
f 2713 3155 3096
f 2711 3154 3155
f 3156 3155 3154
f 3156 3098 3155
f 3155 3098 3096
f 3159 3158 3160
f 3161 3159 3160
f 3162 3161 3160
f 452 1972 3163
f 3164 3165 3166
f 604 1001 504
f 3167 3169 3168
f 3170 3169 3167
f 3171 3169 3170
f 3172 530 3174
f 3174 3173 3172
f 3179 3176 3180
f 3178 3175 3176
f 3175 3180 3176
f 3175 3178 3180
f 3185 3183 148
f 3186 3185 148
f 392 279 3187
f 279 392 278
f 3192 2613 3191
f 3191 225 227
f 3192 3191 227
f 227 2902 3192
f 112 114 137
f 3193 2380 2401
f 2380 3193 2379
f 3197 3199 3198
f 3197 2871 3199
f 3204 3205 3202
f 3205 3203 3202
f 3204 3206 3205
f 362 2804 2658
f 362 2658 365
f 358 359 3197
f 3197 359 2871
f 2871 359 361
f 3211 2781 2776
f 3211 3209 2781
f 3209 3211 2783
f 3208 3209 2783
f 3211 2577 2783
f 2577 3211 2781
f 3211 2577 2781
f 3209 3208 2783
f 2783 2781 3209
f 3212 2783 2577
f 2742 2782 2781
f 2783 3212 2578
f 2783 2740 2742
f 2738 2740 3213
f 2783 2578 2740
f 2739 3208 2738
f 2738 3208 2739
f 2741 2742 2740
f 2644 2738 3213
f 2740 2644 3213
f 2578 2645 2740
f 2739 2740 2738
f 2741 2740 2739
f 2579 2578 2645
f 2579 2645 2578
f 738 1628 737
f 3214 3215 2862
f 3215 2863 2862
f 2398 2863 3215
f 2398 2165 2863
f 528 3216 3217
f 3217 3218 3222
f 3225 582 3224
f 3225 3224 3223
f 586 582 3225
f 3227 586 3225
f 3229 3228 3230
f 3228 3231 3230
f 3232 2860 3231
f 3231 2860 3230
f 3234 3233 1021
f 891 3233 896
f 3235 3233 3234
f 896 3233 3235
f 3236 3235 3234
f 3235 195 896
f 933 276 3237
f 3237 934 933
f 2915 3238 2758
f 3241 1650 1644
f 1650 3241 2806
f 673 159 674
f 674 159 160
f 1172 1016 1362
f 1172 188 1016
f 3158 596 3160
f 3242 3160 596
f 3242 3162 3160
f 2917 3243 3244
f 3246 3247 3245
f 3247 3246 3249
f 3249 3248 3247
f 3251 3248 3249
f 3251 3253 3250
f 3254 3249 3246
f 1122 3254 3246
f 3257 3255 3250
f 3250 3253 3255
f 3256 3249 3254
f 3255 3257 3250
f 1887 1881 1880
f 1887 3258 1881
f 3259 1878 1879
f 1237 1230 1878
f 3259 1879 1885
f 3260 1885 1886
f 1881 3258 1886
f 1237 1878 3259
f 3258 3261 1886
f 1237 3259 1896
f 1887 3261 3258
f 3261 3260 1886
f 1896 1900 1237
f 3263 3261 3262
f 3261 3263 3258
f 3262 3264 3263
f 3260 3265 3259
f 2373 3261 3258
f 3265 1896 3259
f 1896 2373 3258
f 3263 3264 3266
f 2373 3265 3261
f 3258 2373 1896
f 3261 3265 3260
f 3258 3263 2373
f 3265 2373 1896
f 3263 3264 1912
f 3267 2373 3263
f 3266 3264 786
f 1912 3267 3263
f 3264 1912 786
f 1912 3264 3263
f 1912 3266 786
f 1912 3263 3268
f 3263 3266 3268
f 3267 1912 3268
f 3268 3266 1912
f 2373 3267 3265
f 2373 3265 3267
f 1897 1896 2373
f 115 310 113
f 2998 2996 3271
f 3271 3272 2998
f 3272 3271 3270
f 2998 3272 2999
f 3270 3273 3272
f 2328 2638 2637
f 2637 2638 2328
f 787 2430 2427
f 3277 3281 3280
f 3278 3276 3279
f 2499 2498 3278
f 2497 2500 3283
f 3277 3284 3276
f 3280 3284 3277
f 2499 3278 3282
f 3276 3284 3279
f 3279 3282 3278
f 3285 3279 3284
f 3286 3282 3279
f 3285 3287 3279
f 3287 3286 3279
f 3285 3284 3288
f 3286 3289 3282
f 3287 3289 3286
f 3127 3126 3128
f 3290 3291 3128
f 3106 3102 3105
f 3294 3106 3105
f 3106 3095 3104
f 2713 3106 3294
f 2713 2715 3106
f 3106 2715 3095
f 2650 3295 2651
f 3297 639 2652
f 2652 2651 3295
f 2649 3238 3100
f 1682 1685 1715
f 3298 1684 1713
f 3300 1715 1685
f 1333 1323 3299
f 1685 1683 3300
f 3300 1986 3298
f 1683 1685 1693
f 1684 1693 1685
f 1693 1684 1695
f 1695 1684 3298
f 3300 1683 1693
f 1986 3299 3298
f 1986 2506 3299
f 3298 3299 3301
f 1693 1700 3300
f 3299 2506 1333
f 1693 1691 1700
f 3301 1695 3298
f 2679 3301 3299
f 1700 2680 3300
f 1337 2679 3299
f 2507 2506 2509
f 1363 283 285
f 3303 283 3077
f 3303 285 283
f 3303 3304 493
f 493 1374 3303
f 1374 285 3303
f 493 488 489
f 2249 2201 2188
f 3089 3079 3084
f 3305 3079 3089
f 3086 3078 3085
f 3307 3305 3089
f 3086 3085 3306
f 3307 3086 3306
f 3307 3089 3086
f 3195 2472 2648
f 1059 3238 1060
f 3314 10 8
f 8 163 3314
f 166 3313 3314
f 3313 166 3315
f 2413 193 2416
f 2648 2472 1148
f 3317 3320 3318
f 3320 931 3318
f 930 931 3320
f 931 930 932
f 3322 3156 3321
f 3322 3321 3126
f 3323 3126 3321
f 2759 1038 2568
f 1053 1054 3325
f 1054 1057 3326
f 2993 2389 2366
f 2151 2389 2993
f 2151 2993 2250
f 2250 2993 1108
f 1017 1018 3327
f 907 3327 1018
f 1944 3328 1945
f 3328 1947 1945
f 1947 1949 1944
f 3328 1944 1950
f 3328 1950 1947
f 1950 1949 1947
f 1951 1950 1946
f 2828 3329 2722
f 3329 3237 2722
f 3191 3308 2724
f 225 3191 2724
f 2986 3288 2984
f 3330 3288 3331
f 3331 3288 2986
f 3331 2710 3330
f 2710 3331 2711
f 3332 3143 3142
f 3332 3142 3333
f 3334 3143 3332
f 1304 3336 3337
f 3220 3219 240
f 3338 3217 3222
f 3221 3219 3220
f 3221 3340 3219
f 3221 3220 3222
f 3220 3339 3341
f 3220 3341 3222
f 3218 511 3221
f 3221 3222 3342
f 511 513 3340
f 3340 3221 511
f 3222 3218 3342
f 3222 3342 3343
f 3344 3221 3340
f 3340 3221 3342
f 3221 3344 3218
f 3342 3218 3344
f 3222 3341 3345
f 517 3340 513
f 3342 3344 3340
f 3346 3342 3345
f 3348 3344 3346
f 1091 1097 1099
f 3349 1091 1099
f 3349 2922 1091
f 3349 2924 2922
f 3352 3351 1278
f 3353 3352 1278
f 810 811 2364
f 3364 3355 3356
f 3364 3356 3359
f 3364 3359 3366
f 3366 3359 3361
f 3363 3362 3355
f 3367 3361 558
f 3362 3363 3355
f 3362 3355 3364
f 3365 3366 3361
f 3361 561 3365
f 3358 3357 3367
f 3365 561 3366
f 3362 3364 3368
f 3368 3363 3362
f 3366 561 1831
f 3364 1971 3368
f 3364 3366 1971
f 1831 1971 3366
f 507 1179 509
f 1179 3369 517
f 517 3369 3219
f 1179 517 509
f 3340 517 3219
f 507 514 515
f 509 514 507
f 514 509 517
f 519 514 517
f 3016 3372 3371
f 3372 3016 3373
f 3020 3374 3375
f 3376 3373 3016
f 3376 3378 3373
f 3378 3376 3375
f 3214 3232 3379
f 3383 3128 3384
f 3290 3128 3383
f 3385 3383 3382
f 3387 1321 3386
f 1321 3387 3386
f 3387 1292 1321
f 1292 1322 1321
f 3387 1322 1292
f 1321 1322 3387
f 3387 1322 1321
f 3387 1321 1322
f 1322 1292 3387
f 1292 1293 3387
f 1322 1293 1292
f 1321 1322 871
f 1293 1322 3387
f 1322 874 872
f 2989 2987 2988
f 2989 2988 3321
f 3321 2988 3323
f 3392 3390 3391
f 654 180 3391
f 3393 1119 617
f 620 3393 617
f 616 620 617
f 3394 3393 620
f 2984 3394 620
f 58 3395 1280
f 3395 3396 1280
f 3396 3395 3397
f 3397 3398 3399
f 3396 3399 3400
f 3396 3397 3399
f 3403 3382 3323
f 3404 3402 1384
f 3404 3403 3402
f 1385 3404 1384
f 3405 3382 3403
f 3405 3403 3404
f 3406 3407 2496
f 2496 3407 3410
f 3407 3409 3410
f 3408 3409 3407
f 3405 3385 3382
f 3411 3385 3405
f 1385 3412 3404
f 3404 3412 3411
f 3405 3404 3411
f 3413 1385 1381
f 3414 3413 1381
f 3416 3412 1385
f 3417 3420 3418
f 3422 3417 3421
f 3422 3292 3417
f 3420 3417 3292
f 3292 3293 3420
f 1148 2472 3316
f 1218 299 300
f 3107 1264 1266
f 1263 1266 1264
f 1150 1079 2649
f 2649 2648 1150
f 1217 2360 1218
f 1217 1223 2360
f 1112 608 607
f 1112 607 2220
f 1304 3337 184
f 1070 1067 207
f 1070 2460 1069
f 1070 207 3428
f 209 3428 207
f 1070 3428 2460
f 209 3429 3428
f 3429 3425 3431
f 3425 3429 3431
f 2463 2460 3428
f 3429 3432 3428
f 3425 3432 3429
f 3428 3432 2463
f 3426 3425 3429
f 3432 2464 2463
f 3426 3432 3425
f 3432 2439 2464
f 3426 2439 3432
f 1115 1110 1113
f 2822 1013 3435
f 1013 2822 1014
f 3350 317 1274
f 3351 3204 3350
f 1278 3351 3350
f 1278 3350 1274
f 311 2658 3436
f 313 2658 311
f 3085 3438 3437
f 2721 2722 275
f 275 2722 3237
f 275 3237 276
f 2865 2866 2609
f 3440 1355 2299
f 1355 3440 1356
f 2299 3441 3440
f 2358 1218 2360
f 2824 2390 3442
f 3442 2390 3443
f 3442 3443 1935
f 3443 2390 1932
f 3443 1996 1934
f 2390 3443 1932
f 1932 3443 2390
f 1935 3443 1934
f 1932 1996 3443
f 1934 1933 3443
f 1934 3443 1932
f 1996 1932 3443
f 1933 1996 3443
f 1934 1932 1933
f 1996 1998 1934
f 2000 1996 1932
f 1996 1933 1932
f 1313 1311 1315
f 1952 2298 2347
f 1972 1888 3163
f 1889 3163 1888
f 1990 1987 3444
f 920 301 3445
f 1243 3450 1242
f 624 621 2165
f 1246 2614 1253
f 2614 2616 1253
f 3451 1253 2616
f 1253 3451 1254
f 3054 3452 2703
f 2703 3452 3054
f 3452 2703 2706
f 2706 2703 3452
f 3454 2703 3452
f 2706 3452 2703
f 3453 3454 3354
f 3355 3454 3452
f 3456 3458 3457
f 3458 3456 3024
f 3458 3024 3457
f 3024 3023 3457
f 3460 3461 3459
f 3022 3462 3460
f 3460 3462 3022
f 3024 3456 3463
f 3463 3460 3022
f 3465 3463 3456
f 3460 3463 3461
f 3461 3463 3465
f 3024 3463 3025
f 3464 3461 3465
f 2654 3022 3460
f 2519 3467 3468
f 3469 3467 2519
f 3469 3470 3467
f 1957 1955 1968
f 2968 3472 1656
f 2968 1656 2965
f 2968 2965 2967
f 3473 3474 141
f 1150 2648 1148
f 3073 2925 580
f 2643 2641 2364
f 2365 3475 2643
f 3476 3475 2365
f 2365 349 2160
f 2646 2576 418
f 419 2646 418
f 2553 2554 3477
f 3477 484 3478
f 1588 484 3477
f 2554 1588 3477
f 3480 3479 2554
f 3479 1588 2554
f 1591 1587 1588
f 3479 2528 1588
f 1266 2639 3481
f 3481 2639 3144
f 3144 2639 3146
f 2640 3146 2639
f 2640 3207 3146
f 2643 3475 2642
f 2640 2642 3207
f 3488 3487 3483
f 3484 3485 3489
f 2614 3488 3483
f 2614 3483 2612
f 3490 3489 3485
f 3490 3484 3489
f 3492 3491 3488
f 2614 3491 3488
f 3488 3492 3490
f 3490 3492 3488
f 1246 3491 2614
f 3467 3494 3468
f 3494 3467 3495
f 3497 3496 3495
f 3498 3495 3467
f 1053 3499 3500
f 3500 1056 1053
f 3500 3499 3501
f 3503 2455 2456
f 3503 3502 2455
f 2457 2455 3502
f 2456 1503 3503
f 3503 1503 1504
f 1289 1290 3504
f 1381 1289 3504
f 1381 3504 3414
f 99 94 96
f 1889 1627 1628
f 1072 1071 3505
f 3506 3505 1470
f 3506 1470 3505
f 3505 1443 1448
f 3505 3506 1072
f 3386 3505 1448
f 3506 3505 3507
f 1073 1072 3506
f 1291 3507 3505
f 3386 1291 3505
f 1450 3386 1448
f 3506 3507 3386
f 3386 3507 1291
f 3506 3386 1073
f 1073 3386 1450
f 3511 3508 3509
f 3510 3508 3511
f 64 65 3512
f 299 1218 2358
f 2860 3055 3230
f 2861 3055 2859
f 2859 3055 2860
f 3513 3329 3493
f 3124 3123 3515
f 3124 3515 3449
f 52 3449 1243
f 3124 3449 52
f 1215 3124 52
f 52 1214 1215
f 2272 1618 2262
f 1441 2262 1439
f 153 2262 1441
f 3517 3177 3516
f 3518 3520 3519
f 3521 3520 3518
f 3521 3446 3520
f 3521 3448 3446
f 3447 3446 3448
f 3496 3448 3521
f 2720 3523 3522
f 2720 3522 2828
f 3438 3523 2720
f 3438 3078 3523
f 3085 3078 3438
f 2923 2823 1094
f 2924 3524 2923
f 2923 2852 2823
f 2852 2923 3524
f 3526 3525 2853
f 2853 2898 3526
f 2852 3524 2857
f 2856 2898 2853
f 229 3092 2902
f 2607 110 74
f 303 3527 302
f 3528 3529 217
f 3530 3528 217
f 1015 83 1284
f 1015 82 83
f 82 1015 232
f 82 232 81
f 3169 3171 3533
f 3533 1121 3169
f 1121 3532 3169
f 3171 3534 3533
f 3535 3533 3534
f 3533 3535 1121
f 3538 3536 3537
f 3538 3537 3240
f 245 243 870
f 869 245 870
f 2530 3540 3539
f 1895 451 452
f 1056 3500 2407
f 3501 2407 3500
f 2736 3541 2502
f 3543 3542 3541
f 3543 3544 3542
f 2502 660 2736
f 938 220 3434
f 935 938 3434
f 2158 1611 305
f 305 306 2158
f 3302 3548 3546
f 3548 3549 3546
f 3176 3179 3547
f 3302 3309 3548
f 3548 3547 3549
f 3309 3302 3546
f 3309 3546 3549
f 3179 3550 3547
f 3550 3549 3547
f 3548 3181 3547
f 3548 3309 3310
f 3181 3548 3310
f 3176 3547 3181
f 3309 3549 3310
f 3310 3549 3550
f 3550 3179 3552
f 3532 3554 3553
f 3532 3245 3554
f 3245 3247 3554
f 3555 3245 3532
f 1036 1034 3556
f 2767 2729 1036
f 1043 3556 1034
f 2767 1036 3556
f 1043 1034 1035
f 3557 2767 3556
f 1043 3557 3556
f 1615 2762 2772
f 2770 2767 3557
f 3557 1043 3558
f 581 588 579
f 3045 588 581
f 1819 1809 307
f 309 307 1809
f 3015 2915 3239
f 2805 2803 2804
f 2607 1060 2576
f 2607 74 1060
f 3217 529 528
f 3559 529 3217
f 3217 3338 3559
f 3338 3560 3559
f 3562 160 3561
f 160 3562 674
f 3563 3562 3561
f 1542 2362 1074
f 3564 3566 3567
f 3567 3566 3568
f 3569 3564 3567
f 3567 3568 3439
f 3565 3170 3167
f 1306 3170 3565
f 3570 3170 1306
f 3573 2425 3572
f 2424 3408 3572
f 2476 2425 3573
f 65 2632 2633
f 1541 1542 1074
f 1653 3575 3574
f 1653 3574 3576
f 1653 3576 3577
f 2980 229 226
f 2980 226 228
f 2980 2979 2982
f 64 2042 902
f 3582 3580 3293
f 3582 3581 3580
f 3293 3540 3582
f 3292 3540 3293
f 3540 3583 3582
f 659 662 3578
f 3579 3578 662
f 662 3584 3579
f 3585 3448 3586
f 3586 1290 3585
f 1290 3586 3587
f 2735 3325 3543
f 423 605 608
f 421 423 608
f 305 1611 1554
f 1172 1362 1171
f 503 1362 1016
f 2744 2738 3589
f 2744 2739 2738
f 3589 2801 1595
f 1595 2744 3589
f 2744 1598 2743
f 2744 1595 1596
f 2744 1596 1598
f 3590 1032 609
f 1039 609 1032
f 613 609 1039
f 2410 130 127
f 130 2410 1277
f 3348 3592 3344
f 3593 3341 3591
f 3593 3345 3594
f 3346 3345 3593
f 3597 3595 3592
f 3281 3346 3593
f 3348 3346 3281
f 3597 3592 3348
f 3597 3348 3275
f 3275 2928 3597
f 3278 3597 2928
f 2499 3598 3595
f 3276 3275 3281
f 3591 3281 3593
f 2499 3595 2498
f 2497 3278 2928
f 3278 3275 3276
f 2497 3275 3278
f 3276 3281 3277
f 3278 2498 3597
f 84 664 3100
f 580 2925 581
f 581 2926 3045
f 581 2925 2926
f 3599 2927 2925
f 2947 1283 3599
f 1017 1845 1846
f 1018 1017 1846
f 2006 2010 2009
f 3052 3601 3051
f 3601 3602 3051
f 402 3455 3051
f 3051 3602 402
f 18 1081 29
f 32 3604 18
f 32 18 29
f 3607 3606 3605
f 3608 3605 3581
f 3607 589 3606
f 3581 3582 3608
f 3608 3607 3605
f 3607 3608 589
f 589 3608 3609
f 3608 3582 3583
f 1016 1555 904
f 1555 1037 904
f 3352 383 3351
f 3352 3610 383
f 3195 2325 2472
f 2815 2325 3195
f 1376 1370 1372
f 1376 1373 1370
f 1375 3611 3069
f 1377 3069 3324
f 3324 3069 3611
f 1377 3069 1375
f 1371 1375 3069
f 293 3069 1377
f 3070 1373 1376
f 3613 1373 3070
f 3612 1373 3613
f 3613 3614 3612
f 2448 3613 3070
f 3071 3061 2445
f 1075 3071 3615
f 1075 1076 2445
f 2445 1076 3615
f 503 501 1724
f 1724 218 503
f 3617 2737 2736
f 2736 3578 3617
f 3621 3619 3620
f 3621 3622 3619
f 3623 3620 3619
f 3620 3624 3622
f 3625 3627 3626
f 3624 3620 3623
f 3624 3623 3626
f 3622 3624 3626
f 3625 3622 3628
f 3630 3629 3626
f 3632 3619 3622
f 3632 3622 3623
f 3622 3632 3623
f 3622 3626 3632
f 3623 3619 3631
f 3623 3631 3632
f 3628 3622 2552
f 3633 3626 3630
f 3633 3630 3626
f 3632 3634 3623
f 3634 3632 3626
f 3634 3626 3623
f 2553 3628 2552
f 2552 3622 3631
f 3635 2552 3631
f 3241 1644 1643
f 2806 3241 632
f 2864 606 2865
f 3638 3637 3636
f 3636 3420 3639
f 3636 3640 3638
f 3639 3640 3636
f 3293 3639 3420
f 3580 3639 3293
f 3581 3639 3580
f 3641 3544 3543
f 3248 3643 3642
f 3248 3251 3645
f 3643 3248 3645
f 3251 3256 3645
f 3646 3251 3645
f 3252 3251 3250
f 3249 3256 3251
f 3251 3252 3645
f 3643 3645 3647
f 3256 3647 3645
f 3646 3645 3252
f 3253 3251 3646
f 3250 3255 3252
f 3646 3252 3255
f 3646 3255 3648
f 3648 3255 3253
f 3648 3253 3646
f 1498 1497 2834
f 2619 1497 1501
f 2621 1497 2619
f 2621 2834 1497
f 2622 2834 2621
f 2618 2621 2619
f 2834 2622 2624
f 2388 3392 3391
f 3392 2388 3509
f 3653 3092 3655
f 3655 3654 3653
f 3655 3092 3656
f 3655 3656 665
f 665 666 3655
f 3200 2756 3148
f 3200 3148 3658
f 3469 2520 3659
f 3660 3659 2520
f 3659 3660 3469
f 3660 2520 1279
f 3184 3185 3514
f 3514 3185 3297
f 388 389 390
f 390 367 388
f 388 367 391
f 2484 2417 2214
f 3663 2417 2484
f 3663 2419 2417
f 3663 647 2419
f 2421 2419 647
f 646 2421 647
f 2419 2421 28
f 2947 3072 2041
f 2947 2041 2948
f 3641 3325 1054
f 3641 1054 3326
f 3057 3036 3056
f 2757 3042 3036
f 2757 3036 3057
f 3042 2757 2799
f 2757 3057 961
f 962 961 3057
f 1651 1648 1649
f 2808 1651 1650
f 2810 1651 2808
f 363 3666 3665
f 3499 3325 2735
f 3499 1053 3325
f 3288 3667 3285
f 3288 3330 3667
f 3287 3285 3667
f 3289 3287 3667
f 3289 3667 2710
f 3668 2828 3522
f 2828 3668 3110
f 3329 2828 3110
f 1513 1610 1762
f 3183 1657 148
f 1081 1080 2414
f 1081 2414 29
f 2414 30 29
f 3673 1240 3672
f 3671 3139 3672
f 3672 3140 3673
f 3140 3672 3139
f 3139 3671 3137
f 659 3578 2736
f 1218 300 1221
f 1221 1217 1218
f 300 304 1221
f 1221 1219 1217
f 1219 1221 1222
f 1081 18 15
f 18 3604 16
f 3537 2918 2920
f 3536 3676 3537
f 3240 3537 2920
f 3240 2920 3677
f 3681 3678 3682
f 3684 2573 3686
f 3681 2573 3684
f 3679 3682 3678
f 2573 3681 3682
f 3682 3684 2573
f 3684 3682 2573
f 3688 2573 3682
f 2573 3688 3681
f 2573 3681 3688
f 3688 2574 2573
f 3687 3682 2906
f 3693 3688 3687
f 3687 3688 3682
f 3692 2574 3688
f 3688 3691 3692
f 2906 3693 3687
f 3696 3688 3695
f 3695 3691 3696
f 3696 3691 3688
f 3691 3696 3692
f 2906 3698 3693
f 3693 3698 3695
f 3693 3695 3688
f 3696 3691 3695
f 114 112 111
f 1657 2407 3501
f 1657 2409 2407
f 928 2951 921
f 2951 303 921
f 2528 1591 1588
f 3700 2528 3480
f 2528 3479 3480
f 1591 2528 2525
f 2525 2528 1647
f 2902 3092 2617
f 3092 3653 2617
f 3510 3662 3508
f 3702 3701 3662
f 3702 3662 3510
f 1990 1276 1275
f 2126 2125 2137
f 2126 2135 3600
f 2135 3703 3600
f 3600 3703 3601
f 2137 2135 2126
f 2125 2135 2137
f 3703 3602 3601
f 399 3703 2135
f 399 3602 3703
f 2111 403 2110
f 399 402 3602
f 2519 2520 3469
f 1382 1288 1381
f 3706 3407 3707
f 3707 3407 3406
f 3711 3713 3712
f 3711 3710 3713
f 3710 3708 3714
f 3711 3708 3710
f 3710 3711 3712
f 3709 3415 3708
f 3716 3714 3708
f 3717 3708 3415
f 3415 3709 3715
f 3716 3711 3718
f 3708 3711 3716
f 3710 3708 3711
f 3708 3715 3711
f 3719 3715 3716
f 3711 3715 3708
f 3718 3719 3716
f 3711 3715 3718
f 3711 3721 3715
f 3717 3721 3711
f 3415 3715 3720
f 3720 3715 3719
f 3718 3715 3722
f 3721 3722 3715
f 3722 3719 3718
f 3415 3720 3416
f 3416 3720 3412
f 3719 3722 3723
f 3720 3719 3723
f 3722 3721 3724
f 1002 1005 1004
f 2201 2299 2188
f 2072 3441 2299
f 2071 2299 2201
f 2198 2202 2201
f 2072 2299 2071
f 2025 2072 2071
f 2201 2070 2071
f 2202 2070 2201
f 2077 2205 3726
f 3728 2077 3726
f 3728 3727 2077
f 2077 3727 2035
f 3727 2038 2035
f 2038 3727 2094
f 3728 3730 3727
f 2171 2094 3727
f 2094 2171 2103
f 3524 3457 2857
f 2898 2856 2858
f 3023 2857 3457
f 3023 2880 2857
f 2882 2879 2876
f 2879 2876 2882
f 2876 2879 2882
f 2886 2880 3023
f 2882 2876 2885
f 3732 3666 363
f 363 364 3732
f 3322 3098 3156
f 3334 3733 3068
f 3651 3068 3733
f 3651 3733 3652
f 3335 3733 3334
f 3652 3733 2977
f 1720 3130 3734
f 3735 3131 3130
f 3735 3130 1418
f 3736 3130 1720
f 3131 3736 1720
f 1417 3735 1418
f 1424 3735 1417
f 3734 3130 3736
f 3737 3735 1424
f 3737 3131 3735
f 3734 1721 1720
f 3736 3131 3737
f 3738 3737 1424
f 3738 3736 3737
f 2521 3738 1424
f 1424 1425 2521
f 3447 3740 3446
f 3741 66 62
f 3742 3743 3741
f 2161 1434 1433
f 2274 1435 1432
f 2161 2276 2163
f 1432 2890 2274
f 320 1295 330
f 330 327 320
f 330 334 327
f 3744 1335 334
f 3296 2408 2404
f 2404 2409 3296
f 3436 2406 2408
f 3436 2949 2406
f 961 2800 2802
f 2800 3745 1603
f 961 3745 2800
f 1604 1603 3745
f 1604 3745 963
f 961 963 3745
f 963 964 1604
f 965 966 963
f 2866 268 588
f 1943 2046 763
f 2143 1943 2140
f 1279 1280 3749
f 2076 2078 2079
f 3751 2078 2036
f 2079 2034 2076
f 3751 2036 3752
f 3753 3751 2036
f 2034 2082 2032
f 2078 1494 2079
f 3751 3752 2078
f 3752 2036 3751
f 3752 2036 2037
f 2078 3752 1494
f 3752 3753 2036
f 3751 3753 3752
f 3752 2037 2084
f 2082 2034 2079
f 3751 3753 3730
f 2092 3752 2084
f 2079 1494 1500
f 1494 3752 1500
f 3730 3753 3751
f 2101 3752 2082
f 1500 1499 1494
f 3752 2092 2082
f 2101 1500 3752
f 2833 2082 2079
f 2833 2079 1500
f 2082 2092 2101
f 1499 1500 1498
f 1499 2830 1502
f 2832 1500 2101
f 2101 2833 2832
f 2833 2101 2832
f 3754 3755 3756
f 1432 1430 2149
f 2733 1222 1221
f 2733 1221 3675
f 2733 3675 3757
f 1222 2733 2732
f 2951 3527 303
f 3758 3527 2951
f 2951 3091 3758
f 2913 3759 2909
f 3759 2911 2909
f 2911 3759 2738
f 3482 3207 2642
f 3760 3207 3482
f 2319 2320 2318
f 3761 2314 2320
f 3761 2320 2314
f 1495 1502 1493
f 2632 2416 2368
f 2633 2632 2368
f 2659 343 810
f 3763 1966 2164
f 2164 3762 3763
f 3763 3764 1966
f 2600 3764 3763
f 3764 1965 1966
f 3762 2600 3763
f 3766 3762 3765
f 3762 3766 2601
f 2600 3762 2601
f 3767 3424 3423
f 2439 3425 3426
f 3426 3433 3768
f 3768 2439 3426
f 3767 3423 3424
f 3769 3767 3423
f 2953 2952 2439
f 3767 3769 3424
f 3769 3423 3767
f 2439 3768 2953
f 2956 2953 3768
f 3487 3770 3485
f 2956 3768 3486
f 382 3205 3206
f 3351 3206 3204
f 3206 3351 383
f 383 382 3206
f 2158 308 1432
f 3066 3308 924
f 3308 3066 2724
f 660 391 661
f 3773 661 391
f 663 661 3773
f 366 3773 391
f 3073 580 565
f 561 560 3775
f 3776 561 3775
f 560 3777 3775
f 560 3775 3777
f 3776 3775 3777
f 561 3776 1831
f 1831 3776 1832
f 1812 1814 3776
f 2165 2166 2863
f 3275 3348 3281
f 3275 2497 2928
f 3275 3278 2928
f 2497 2928 3278
f 2497 3275 2928
f 2497 3278 3275
f 3779 2948 2040
f 3780 1176 239
f 1176 3780 1178
f 1177 1176 1178
f 1174 1178 1175
f 3780 1179 1178
f 2159 1114 1115
f 2983 2919 3046
f 1937 1933 1998
f 1997 2152 1998
f 1998 2152 1937
f 2014 1937 2152
f 2014 1936 1937
f 2014 151 152
f 3092 229 3656
f 3657 665 3656
f 339 738 737
f 726 1488 710
f 1541 242 2533
f 3783 3782 387
f 967 3783 387
f 387 3784 967
f 967 3784 1382
f 3383 3384 3382
f 3787 3468 3494
f 3786 2519 3787
f 3786 3785 2519
f 2519 3468 3787
f 1098 3789 3788
f 3789 3790 2629
f 1088 3790 3789
f 1087 3789 1098
f 1088 3789 1087
f 3791 1128 1137
f 1137 1128 3791
f 1134 541 537
f 537 541 539
f 539 538 537
f 541 540 539
f 3792 541 1134
f 2533 1892 1541
f 3793 3794 3242
f 3793 3795 3794
f 3158 932 930
f 591 930 593
f 596 930 591
f 596 3158 930
f 313 3798 365
f 3798 3797 365
f 1117 241 239
f 1118 1116 1117
f 3349 1099 3799
f 3457 3349 3799
f 3457 2924 3349
f 3524 2924 3457
f 3800 3456 3799
f 3456 3457 3799
f 3644 3802 3801
f 1240 3673 926
f 3140 3674 3673
f 3674 926 3673
f 3064 926 3674
f 3067 3064 3674
f 1491 1490 3612
f 3614 1491 3612
f 3614 3613 2448
f 3616 3614 2448
f 3614 1501 1491
f 3418 3420 3419
f 3420 3636 3419
f 363 3665 2805
f 2805 362 363
f 1847 223 2663
f 1026 1847 2663
f 3725 2947 2948
f 3779 3725 2948
f 654 653 652
f 3808 1242 3450
f 775 1256 771
f 773 774 3810
f 773 3810 3809
f 1258 3810 774
f 895 3811 898
f 895 3809 3811
f 893 1256 775
f 895 3809 3811
f 3811 3809 895
f 3811 3809 898
f 3810 1259 3809
f 3811 898 3809
f 3811 3809 1259
f 1258 1259 3810
f 1256 893 898
f 1259 898 3811
f 898 1259 1256
f 3811 1064 3809
f 1064 1066 3809
f 1259 1258 1260
f 1065 2341 1066
f 200 199 192
f 1062 192 1061
f 1065 1066 1064
f 1892 2950 3046
f 3597 2498 3595
f 963 962 965
f 2166 962 2861
f 965 962 2166
f 622 965 621
f 621 965 2166
f 3034 3322 3126
f 3127 3034 3126
f 429 426 428
f 682 429 2708
f 682 2708 3812
f 1653 1654 3575
f 2825 386 383
f 2825 383 3610
f 2282 3610 3813
f 2282 2285 3610
f 3813 3353 2280
f 3353 3813 3610
f 2285 2282 2283
f 2285 2825 3610
f 2280 2282 3813
f 2012 150 37
f 3814 3815 3816
f 3816 1294 3814
f 1294 876 1293
f 3815 3814 3818
f 3815 3819 3816
f 2972 3814 1294
f 1293 2975 1294
f 883 876 1294
f 1293 876 3388
f 2338 1294 3816
f 2975 2972 1294
f 2975 1293 3388
f 3818 3814 2972
f 2338 883 1294
f 2972 2974 3817
f 3820 3817 2974
f 2279 2277 3820
f 3820 2974 2279
f 2279 2974 2257
f 2971 2972 2973
f 2973 2972 2975
f 2974 2973 2257
f 2893 1338 1339
f 1342 1332 1344
f 1344 1343 1342
f 1342 1343 1344
f 338 3821 1343
f 3822 1343 1342
f 3822 3821 1342
f 3822 1342 3821
f 3821 338 1343
f 1332 3824 1337
f 1516 1341 1338
f 1332 1342 3824
f 1342 1343 3822
f 3823 1344 1343
f 3822 1343 3823
f 1344 1342 3823
f 1342 1344 3823
f 1344 3823 1343
f 1343 3822 3823
f 2684 1337 3824
f 1342 3823 3824
f 3822 3823 1342
f 3827 3825 3823
f 3828 3825 3827
f 2893 1516 1338
f 3827 3826 3828
f 2896 3824 2897
f 2684 3824 2896
f 3824 3823 1518
f 1517 1341 1516
f 1519 3825 3828
f 3827 3823 3822
f 3824 1518 2897
f 3825 1518 3823
f 3827 3822 461
f 1516 2893 2897
f 3829 3827 461
f 2897 1518 1514
f 3825 1519 1518
f 3829 1345 3827
f 1519 3828 1345
f 3829 1519 1345
f 1519 3827 1345
f 1519 3829 461
f 1518 1519 466
f 100 121 117
f 246 121 100
f 3830 3190 3831
f 3189 3831 3190
f 268 2866 2865
f 3394 3280 3281
f 3394 3288 3284
f 3284 3280 3394
f 2984 3288 3394
f 3838 3695 3840
f 3695 3838 3840
f 3699 3843 3842
f 3844 3843 3699
f 3842 3843 2776
f 3210 3843 3844
f 3211 2776 3843
f 3210 3209 3843
f 3209 3211 3843
f 3209 3210 3211
f 3846 3847 3464
f 3464 3465 3466
f 3598 3845 3595
f 3466 3846 3464
f 2657 2653 3598
f 2499 2657 3598
f 3848 3588 3497
f 3849 3848 3497
f 890 2378 2182
f 890 2362 2378
f 3183 3184 2409
f 3184 3183 3185
f 1859 1019 1001
f 1759 1756 1753
f 1758 1757 3851
f 1759 3013 1849
f 1759 1849 3013
f 3014 1758 1759
f 3014 1852 1758
f 3392 3509 3508
f 3508 674 3392
f 2521 3852 3738
f 3739 3738 3852
f 3855 3739 3852
f 319 2521 2505
f 319 3852 2521
f 3852 323 3855
f 3855 3853 323
f 323 3853 3855
f 3855 3854 3739
f 323 3852 319
f 324 3855 323
f 319 322 323
f 3855 324 325
f 3855 325 3854
f 321 324 323
f 3857 3861 3858
f 3857 3856 3859
f 3859 3861 3857
f 3859 3856 3860
f 3859 3862 3861
f 3862 3859 3860
f 3862 765 3861
f 663 3584 662
f 3864 3584 663
f 3064 3066 926
f 2273 2274 1017
f 2340 1948 1939
f 1940 1939 1948
f 2345 2344 2343
f 1954 1946 1948
f 2040 902 2042
f 3868 2358 3869
f 2358 3868 299
f 2871 2872 3199
f 1429 2119 1462
f 1435 1430 1432
f 1429 1462 1298
f 1383 3705 1382
f 3706 3870 3573
f 3706 3572 3407
f 3706 3573 3572
f 3871 3573 3870
f 181 654 652
f 2736 2735 3541
f 2735 3543 3541
f 3325 3641 3543
f 3873 3850 3849
f 3849 3806 3873
f 3807 3873 3806
f 3807 3808 3873
f 3450 3873 3808
f 1152 1151 191
f 1152 191 193
f 3503 1504 3502
f 3502 1504 851
f 22 39 24
f 3347 3281 3591
f 3394 3281 3347
f 3347 3393 3394
f 106 972 3704
f 2411 3704 2412
f 70 89 87
f 70 87 69
f 80 93 70
f 2654 3460 3459
f 2653 2654 3459
f 2005 2003 2008
f 173 2535 174
f 179 174 2535
f 2536 179 2535
f 3830 3383 3385
f 3830 3290 3383
f 3830 3228 3291
f 3874 3875 627
f 3874 627 628
f 628 630 3874
f 629 630 628
f 622 1051 1050
f 622 623 1051
f 2659 623 625
f 623 2659 3876
f 2659 625 626
f 1556 3877 2931
f 3878 1556 2931
f 3878 2931 2932
f 243 1074 1078
f 2482 2481 2480
f 3511 2388 3880
f 3881 3511 3880
f 3880 2388 158
f 3391 653 654
f 653 3391 3390
f 2874 2628 425
f 1047 1050 1051
f 1051 807 1047
f 1083 1084 2169
f 2169 78 76
f 76 1083 2169
f 2168 2169 624
f 625 624 2169
f 2169 3000 625
f 2388 3511 3509
f 922 2018 2017
f 923 922 3472
f 3171 3170 3534
f 3882 3883 3170
f 3534 3170 3884
f 2981 2481 2482
f 3371 2981 2482
f 3016 3371 2482
f 3138 3674 3140
f 3141 3674 3138
f 3141 3067 3674
f 3886 3067 3141
f 3886 3065 3067
f 3886 3141 3142
f 3143 3886 3142
f 3143 3065 3886
f 2643 2642 2641
f 2409 2404 2407
f 1657 3183 2409
f 3779 2042 3512
f 66 3779 3512
f 66 3872 3779
f 808 2516 1267
f 2518 2641 2517
f 2917 3244 3113
f 2917 3113 2919
f 2985 616 619
f 3705 2985 619
f 3389 2987 2985
f 3244 3513 3493
f 3887 3513 3244
f 3237 3513 3887
f 3243 3887 3244
f 657 655 3888
f 656 655 657
f 2809 2810 2808
f 3889 3133 3892
f 3892 3891 3889
f 3881 3880 3893
f 3893 3880 158
f 3515 3850 3895
f 3449 3515 3895
f 3296 2650 2408
f 2650 3436 2408
f 3514 3295 3184
f 3295 3296 3184
f 3406 3896 3707
f 3896 3406 2496
f 3144 1268 3481
f 2753 680 3898
f 678 680 677
f 678 679 680
f 513 519 517
f 519 513 510
f 2407 2404 1056
f 2404 2405 1056
f 563 534 564
f 3072 564 534
f 1955 1956 3899
f 1991 1992 1993
f 3901 3902 3900
f 2065 3903 2063
f 3904 3903 3901
f 2064 3903 2065
f 3905 3900 3901
f 3900 3905 3901
f 3904 3901 3900
f 3900 3901 3904
f 3904 3900 3902
f 3904 3902 3903
f 2065 3903 3906
f 3905 3904 3901
f 2065 3906 3903
f 3904 3907 3900
f 3908 3903 3904
f 3908 3904 3903
f 3904 3908 2386
f 3909 3907 2386
f 2386 3907 3904
f 3909 3908 3904
f 3906 2386 3908
f 2387 3906 3908
f 3908 3909 2385
f 2387 2386 3906
f 2385 3909 2386
f 2385 2387 3908
f 2385 2386 2387
f 1379 1380 2369
f 3912 3910 3911
f 3913 3644 3866
f 3642 3644 3913
f 3642 3643 3644
f 3248 3642 3913
f 3914 1413 1414
f 3915 1324 1413
f 3915 1413 3914
f 1324 3915 1325
f 1323 1324 3915
f 3915 1324 1323
f 1566 3914 1414
f 1323 1332 3299
f 3914 3916 3915
f 1337 3299 1332
f 1325 3915 3916
f 3916 3914 1566
f 2892 1339 3916
f 1339 1325 3916
f 1325 1339 1338
f 2892 3916 1566
f 1569 2892 1566
f 3499 2735 2737
f 3917 3499 2737
f 2737 3617 3917
f 3918 3499 3917
f 3578 3618 3617
f 3088 3919 3080
f 3088 3910 3919
f 3088 3911 3910
f 3083 3911 3088
f 3090 3083 3088
f 3090 3087 3083
f 529 3920 530
f 3174 3920 530
f 3174 3172 3173
f 530 3920 3174
f 3174 3920 529
f 530 3172 3174
f 3799 3920 3921
f 3559 3174 529
f 3920 3174 3921
f 3174 3559 3921
f 3921 3559 3560
f 3800 3799 3921
f 3800 3921 3560
f 2912 3210 3844
f 3210 2577 3211
f 3212 2577 3210
f 3212 3210 2912
f 2912 2911 3213
f 3212 2912 3213
f 2578 3212 3213
f 3213 2911 2738
f 2578 3213 2644
f 2738 2644 3213
f 2644 2645 2578
f 674 3508 673
f 673 3508 3662
f 1865 3579 3922
f 2035 2031 2077
f 3926 3927 3925
f 3928 3924 3925
f 3928 3925 3927
f 1837 3927 3926
f 1837 3926 1829
f 1837 1829 1836
f 1841 1842 3771
f 1446 3928 3927
f 2367 2993 2366
f 1673 1532 1662
f 1532 3930 1662
f 1532 1526 3930
f 1674 568 1532
f 3134 1533 1532
f 568 3134 1532
f 3134 1539 1533
f 3072 2947 3073
f 3599 3073 2947
f 2902 2617 2615
f 3196 2815 3195
f 3196 3195 85
f 3196 2816 2815
f 2133 2007 2006
f 2006 2009 2133
f 3603 2007 2133
f 3603 2010 2007
f 2136 2134 2109
f 3603 2133 2136
f 2109 3603 2136
f 3203 3732 364
f 3203 364 3202
f 3732 3194 3193
f 3194 3732 3203
f 163 162 164
f 1290 3587 3504
f 3587 3588 3848
f 1386 1356 3440
f 1007 3422 2708
f 1009 3422 1007
f 626 2818 2659
f 348 2659 2818
f 2818 3604 348
f 638 3932 3186
f 639 3297 638
f 635 637 3186
f 637 638 3186
f 1439 2262 1618
f 154 153 1441
f 902 901 1152
f 3203 3933 3194
f 3933 3203 3935
f 3933 3934 3194
f 3203 3205 3935
f 3935 3934 3933
f 2648 664 3195
f 85 3195 664
f 3772 3936 3938
f 3938 3679 3772
f 3938 3690 3679
f 3690 3682 3679
f 2903 3938 3936
f 2906 3682 3690
f 2905 3690 3938
f 3938 2903 2905
f 2906 3690 2905
f 2903 2904 2905
f 2904 2906 2905
f 890 2182 1972
f 2599 2962 2961
f 2962 2599 2597
f 2962 2597 2961
f 2962 2961 2597
f 2961 1958 1965
f 2598 2597 2599
f 2596 2598 2599
f 2597 1993 2962
f 2961 3764 2599
f 3764 2961 1965
f 2600 2599 3764
f 1993 1960 2962
f 3940 3939 538
f 3940 627 3939
f 540 3940 538
f 3940 628 627
f 80 70 67
f 230 80 21
f 19 230 21
f 21 20 19
f 21 13 20
f 2272 2184 2187
f 2270 2272 2262
f 3584 3864 3922
f 3561 3922 3864
f 1060 2915 3015
f 807 1051 809
f 623 809 1051
f 623 3876 809
f 810 809 3876
f 810 3876 2659
f 343 811 810
f 2804 362 2805
f 987 3941 977
f 3942 2927 3599
f 3599 1282 3942
f 1283 2947 3725
f 3599 1283 1282
f 3598 2653 3845
f 3563 3561 3864
f 2290 2286 2283
f 3418 3945 3944
f 3945 3418 3419
f 3944 3421 3417
f 3418 3944 3417
f 160 1865 3922
f 3561 160 3922
f 1297 2361 1300
f 2397 1300 2361
f 2397 3946 1300
f 1300 1302 1297
f 256 1789 3946
f 2397 256 3946
f 1300 3946 1302
f 3946 3947 1302
f 425 1183 2874
f 1285 1289 1288
f 1288 1289 1381
f 304 300 302
f 304 302 3675
f 304 3675 1221
f 302 3527 3675
f 3097 3096 3098
f 3097 3098 3948
f 2992 3097 3002
f 3037 3097 3948
f 3002 3097 3037
f 3675 3527 3757
f 3758 3757 3527
f 1088 1089 3949
f 2822 3435 1089
f 2821 2822 1089
f 1092 1089 1090
f 1092 2821 1089
f 1284 278 281
f 642 1284 281
f 3361 560 561
f 3777 560 3361
f 3777 3775 560
f 3950 3951 559
f 3361 3367 3777
f 3776 3777 1812
f 1811 3777 3367
f 1811 1812 3777
f 1810 1811 3367
f 1812 1811 1813
f 1290 1287 3585
f 1001 1019 658
f 1953 1946 2354
f 2354 1946 1954
f 2354 2148 1953
f 1954 1311 2354
f 1311 1310 2354
f 2101 2093 2102
f 2099 2082 2833
f 2104 2102 2093
f 2093 2102 2104
f 2105 2093 2104
f 2104 2093 2105
f 2097 2095 2173
f 2173 2095 2106
f 2105 2093 2086
f 2106 2095 3952
f 3952 2095 2098
f 3952 2098 2095
f 2105 2086 2091
f 2173 2097 2104
f 2104 2097 2173
f 3952 2095 2104
f 3952 2104 2095
f 2104 2106 2173
f 2104 2173 2106
f 2104 3952 2105
f 2104 2105 3952
f 3952 2095 2105
f 2097 2835 2102
f 2173 2103 3954
f 3953 2097 2104
f 2097 2173 2104
f 3953 2104 2102
f 2173 3955 2104
f 2105 3952 2098
f 2102 2835 2837
f 2102 2837 3953
f 2835 2097 3953
f 3953 2102 2104
f 2104 3955 3952
f 2840 3953 2837
f 3953 2840 2102
f 2836 2099 2833
f 2173 3954 2174
f 3952 3953 2104
f 3955 2173 2174
f 2173 3955 2174
f 2173 2177 3955
f 3955 2106 3952
f 3952 2105 3955
f 3953 3952 3956
f 3956 3952 3955
f 2103 2175 3954
f 2840 2837 2835
f 3953 2840 2835
f 3956 3955 2177
f 2836 2102 3958
f 2840 3957 2102
f 3957 3958 2102
f 2844 2099 2836
f 3953 3957 2840
f 2177 3955 3956
f 3954 2175 2180
f 3958 2842 2836
f 3953 3956 2174
f 2174 3956 2177
f 2847 2837 2840
f 2180 2174 3954
f 2840 3957 3953
f 2840 3953 2847
f 3958 3957 2840
f 2842 3958 2840
f 3953 3957 2847
f 2180 2175 2179
f 3958 3959 3957
f 3957 3959 3958
f 1915 2181 2847
f 967 618 3964
f 3782 3783 384
f 3783 967 3964
f 3782 384 387
f 3541 3542 2502
f 660 659 2736
f 3966 1862 3575
f 3966 1863 1862
f 1863 3967 1864
f 1863 3966 3967
f 1654 3966 3575
f 3100 664 2649
f 3968 1311 2459
f 3968 2459 2462
f 3968 1315 1311
f 3968 2462 2465
f 3969 3968 2465
f 2465 2402 3969
f 3969 1315 3968
f 419 2572 420
f 2997 3227 3094
f 3094 1855 2997
f 2997 1855 3271
f 2997 3271 2996
f 3271 1855 3270
f 3970 3063 247
f 3970 1724 3063
f 3970 218 1724
f 1146 522 1144
f 1144 1146 3971
f 1146 524 522
f 1146 1145 526
f 1144 3972 1146
f 526 3971 1146
f 524 1146 526
f 524 526 1146
f 1146 526 524
f 526 1146 3972
f 526 3972 3971
f 3972 1144 3971
f 3971 1144 3972
f 3971 524 526
f 3971 3972 524
f 3971 3972 1144
f 524 3972 526
f 526 3972 3172
f 3172 3971 526
f 3971 3172 3972
f 3973 3757 3758
f 3910 3912 3919
f 3244 3493 3111
f 3113 3244 3111
f 3666 3973 3665
f 3666 1162 3973
f 3974 3294 3975
f 3102 3975 3105
f 3105 3975 3294
f 3974 3289 2710
f 3330 2710 3667
f 2710 2714 3974
f 3974 2714 3294
f 2714 2713 3294
f 2714 2710 2712
f 236 1859 903
f 236 903 238
f 915 916 3929
f 3797 364 365
f 3202 364 3797
f 3193 2401 2400
f 1056 2405 1055
f 1055 2405 1058
f 918 1057 1058
f 2406 1058 2405
f 2406 927 1058
f 927 918 1058
f 2827 3976 3977
f 2290 2289 2284
f 2286 2290 2284
f 2291 2284 2289
f 3519 3977 3976
f 2284 2291 2827
f 3520 3977 3519
f 3519 3976 3518
f 3848 3504 3587
f 3414 3504 3848
f 3414 3848 3849
f 3850 3414 3849
f 3979 2811 3978
f 296 298 295
f 296 3978 2811
f 296 2811 298
f 3781 3427 7
f 9 3781 7
f 3074 2479 3981
f 3981 3982 3074
f 3074 3982 3077
f 3983 3982 3981
f 3985 3077 3982
f 2415 422 1184
f 31 2415 1167
f 326 3986 325
f 325 3986 3987
f 326 3987 3986
f 326 333 3987
f 3987 333 3989
f 3989 3988 3987
f 3988 3990 3991
f 3991 3988 3989
f 3991 3990 3988
f 3988 3991 1147
f 3989 337 3990
f 3990 3991 3989
f 3990 3992 3991
f 1147 3991 3992
f 3894 3979 3881
f 2812 2811 3979
f 3894 2812 3979
f 3544 3993 3542
f 3993 3994 3380
f 3380 3994 3869
f 3869 3994 3868
f 595 594 968
f 594 3995 968
f 969 968 3995
f 3333 3335 3332
f 3334 3332 3335
f 3996 3335 3333
f 156 2850 2760
f 3998 3707 3997
f 3896 3110 3668
f 3668 3707 3896
f 2439 3426 3425
f 317 3798 313
f 3204 3797 3798
f 3204 3798 317
f 3350 3204 317
f 314 317 313
f 2274 2273 2261
f 2813 2812 3931
f 3931 2812 3894
f 2756 2755 3148
f 3936 3103 2903
f 3999 3103 3104
f 3999 2903 3103
f 3095 3999 3104
f 3999 3095 4000
f 3999 4000 2903
f 1077 4001 2454
f 4001 862 4002
f 4002 4005 4001
f 4006 4004 4005
f 4002 862 4006
f 4005 4002 4006
f 861 4005 4004
f 4007 2457 3502
f 4005 2457 4007
f 4005 858 4001
f 4006 2914 4004
f 861 858 4005
f 4006 864 2914
f 861 859 858
f 862 864 4006
f 862 860 864
f 860 864 862
f 862 864 860
f 860 863 864
f 865 864 863
f 31 1167 345
f 1845 2890 1432
f 2291 3976 2827
f 3976 2291 4008
f 2291 3494 4008
f 3518 3976 4008
f 214 4010 4009
f 4010 957 952
f 216 4010 214
f 216 214 213
f 4011 957 4010
f 216 4011 4010
f 3204 3202 3797
f 1115 3781 2159
f 9 2159 3781
f 3475 3482 2642
f 4012 667 3657
f 4013 4012 3373
f 4012 4013 667
f 3378 1102 4013
f 670 4013 1102
f 2151 1994 1991
f 2921 1241 1718
f 2658 2804 3436
f 2652 3295 3514
f 311 3436 2650
f 3296 3295 2650
f 2874 2606 2628
f 750 1186 752
f 750 752 751
f 523 4014 1143
f 524 523 522
f 524 525 523
f 525 4014 523
f 3972 525 524
f 3799 1099 4014
f 524 526 525
f 525 3972 524
f 3920 4014 525
f 4014 3920 3799
f 3920 525 530
f 3436 2804 2949
f 2804 2803 2949
f 372 2067 3129
f 2067 2195 3129
f 674 3562 3392
f 2849 2844 4016
f 4016 4017 431
f 431 432 4016
f 282 280 1216
f 640 281 282
f 2510 2508 2509
f 3821 1340 335
f 2509 4018 2507
f 2510 3822 1342
f 335 2508 2510
f 3821 335 2510
f 2682 4018 2509
f 4018 2510 2507
f 2686 2682 2684
f 2510 4019 3822
f 2510 1340 4019
f 4019 1340 3821
f 2686 4018 2682
f 4018 2686 456
f 2510 4018 456
f 3821 3827 4020
f 456 4019 2510
f 454 456 2686
f 3822 4019 461
f 456 461 4019
f 1553 460 458
f 461 456 457
f 457 459 461
f 459 457 461
f 457 459 461
f 454 455 456
f 457 456 459
f 2365 2643 2364
f 2186 2946 2185
f 2946 2186 2246
f 2246 1355 2946
f 2309 2203 2204
f 2073 2205 2022
f 2203 2309 3726
f 3726 2205 2203
f 2077 2022 2205
f 602 1096 599
f 1140 1096 602
f 2457 4005 4007
f 2457 4007 4003
f 839 2618 4003
f 4003 4007 839
f 841 2618 839
f 839 4007 851
f 4007 3502 851
f 850 839 851
f 851 852 850
f 850 841 839
f 1060 3238 2915
f 1059 3100 3238
f 3785 2288 2281
f 3786 2288 3785
f 2296 2288 3786
f 14 3604 2817
f 3604 2818 2817
f 14 16 3604
f 3881 3510 3511
f 3881 3978 3510
f 3979 3978 3881
f 4023 848 4025
f 4025 3109 4023
f 431 848 3109
f 431 3109 4025
f 439 430 3109
f 849 4025 848
f 3109 4025 439
f 431 4025 3109
f 4024 4026 445
f 4026 4024 445
f 4027 4025 849
f 846 825 849
f 4025 443 439
f 4027 849 825
f 446 4026 445
f 4027 443 4025
f 448 439 443
f 4028 4026 446
f 828 4027 825
f 4030 443 4027
f 4028 446 4029
f 448 443 4030
f 4029 446 447
f 3677 2920 633
f 3316 650 1148
f 2469 2470 1250
f 1249 1787 1251
f 261 1787 4031
f 2470 1249 1250
f 1249 2470 4031
f 4031 1787 1249
f 2862 2859 2860
f 3232 2862 2860
f 3214 2862 3232
f 3626 4032 3625
f 4033 3630 3627
f 4033 4034 3630
f 4035 4036 3984
f 4032 3626 3629
f 3627 3630 3626
f 3628 2512 3625
f 4036 4035 4032
f 2553 2512 3628
f 4036 4032 3629
f 4038 3630 4034
f 4038 4034 2540
f 3984 4036 4037
f 3629 4038 4036
f 4038 2540 3478
f 3630 4038 3629
f 4039 4036 4038
f 4036 4039 4037
f 4039 4038 484
f 484 4038 3478
f 483 4039 484
f 4037 4039 481
f 483 482 4039
f 3977 2826 2827
f 3977 4040 2826
f 3977 4041 4040
f 3520 3740 3977
f 3977 3740 4041
f 3740 3520 3446
f 4041 3740 1286
f 1286 1285 4041
f 2850 2324 2326
f 3372 2979 2981
f 2979 3372 2982
f 3372 2981 3371
f 1621 2251 2731
f 2186 2731 2251
f 2251 2188 2186
f 1624 2251 1621
f 2253 1624 3114
f 2251 1624 2253
f 2252 3115 2256
f 2251 2253 2247
f 3150 3152 2797
f 2796 3152 3150
f 2796 4042 3152
f 3152 4042 2796
f 3152 4042 2797
f 2796 2797 4042
f 2797 4042 3152
f 2797 2796 4042
f 4042 2796 2797
f 3937 3030 3033
f 3152 4042 2797
f 3937 3152 3030
f 4042 3152 3679
f 3152 3937 3772
f 3679 3152 3772
f 3936 3772 3937
f 3391 180 182
f 182 2388 3391
f 2631 4043 1261
f 1265 1261 4043
f 4045 1656 3577
f 748 4045 4044
f 2964 4045 748
f 2964 2965 4045
f 2965 1656 4045
f 2609 2866 3045
f 3731 935 936
f 917 915 4046
f 4046 4047 917
f 3929 4046 915
f 4048 4046 3929
f 2466 2976 4049
f 4049 814 2466
f 3111 3493 3110
f 1027 1030 2630
f 3135 2630 1030
f 651 663 3773
f 366 651 3773
f 163 8 161
f 3314 163 166
f 2649 1079 2758
f 419 422 2646
f 2749 2870 2750
f 2870 2749 4051
f 4051 2749 3890
f 2750 3890 2749
f 2870 4051 4052
f 4051 3890 3891
f 3891 4052 4051
f 3890 2750 3133
f 3133 2870 4052
f 3890 3133 3889
f 3892 4052 3891
f 3889 3891 3890
f 3133 4052 3892
f 4053 774 973
f 3901 4054 3900
f 3901 3900 3905
f 3900 4054 3905
f 3907 3905 4054
f 3900 3905 4054
f 1257 4053 973
f 774 4053 1258
f 3907 4054 3905
f 1258 4053 1257
f 3905 3907 4055
f 3907 3905 3900
f 1257 4055 3907
f 3909 3904 3905
f 3905 4055 3909
f 1260 1257 973
f 1260 973 1257
f 3907 4055 1257
f 4055 3907 3909
f 1260 1257 973
f 2240 2238 4056
f 2240 4057 2242
f 2244 2241 2236
f 2244 2236 2242
f 221 2237 223
f 4058 2238 2241
f 4057 2240 4056
f 2244 2242 4057
f 2244 4058 2241
f 4058 2244 4059
f 2244 4060 4059
f 4060 4057 4056
f 4060 2244 4057
f 4057 3805 4060
f 4060 4056 2780
f 4057 4060 3805
f 2780 4059 4060
f 4060 2779 2780
f 4060 2780 2779
f 2779 4060 3804
f 2779 3804 4060
f 3779 3872 3725
f 2630 3135 3136
f 3136 2631 2630
f 3136 4043 2631
f 346 2159 9
f 4063 4064 4062
f 4066 4064 4063
f 4065 4067 2224
f 4065 2224 2561
f 4063 4062 4061
f 2224 4068 2561
f 4061 4068 4063
f 2561 4068 2560
f 2571 4068 4061
f 2560 4068 2571
f 4063 4068 4071
f 2569 2560 2571
f 2227 4066 4063
f 2224 2575 4068
f 4072 4063 4071
f 2224 4072 2575
f 2226 2235 2575
f 2226 4072 2224
f 4072 2227 4063
f 3993 395 3542
f 357 393 356
f 3380 393 3993
f 393 395 3993
f 395 393 357
f 935 3434 933
f 3322 3035 3098
f 3098 3035 3948
f 3034 3035 3322
f 3948 3035 3038
f 3948 3038 3037
f 3036 3038 3035
f 4043 3136 1047
f 807 4043 1047
f 807 1265 4043
f 808 1265 807
f 3871 4073 4074
f 4075 3871 4074
f 4074 4073 4077
f 4074 4076 4075
f 4078 4074 4077
f 4078 4076 4074
f 4079 4078 4077
f 4080 4076 4078
f 23 1109 2422
f 4081 3966 1654
f 4081 3967 3966
f 1655 4081 1654
f 4082 3706 3998
f 3998 3706 3707
f 4083 4079 4084
f 4086 2534 521
f 615 1118 929
f 3535 3534 4087
f 1121 3535 1126
f 1126 1124 1121
f 3535 4087 1126
f 3650 2582 4087
f 1126 2584 1124
f 2582 2583 4087
f 4087 2583 1126
f 2583 2584 1126
f 1133 1124 2584
f 2582 3650 2581
f 2582 1135 2583
f 1135 1133 2584
f 2989 3331 2986
f 2989 2711 3331
f 2989 3154 2711
f 2989 3156 3154
f 3321 3156 2989
f 3111 3110 3896
f 3111 3896 3897
f 3112 3111 3897
f 4089 3676 3536
f 4090 3606 4091
f 592 4092 4091
f 4091 3606 592
f 589 592 3606
f 590 592 589
f 592 593 4092
f 592 590 591
f 2980 4094 229
f 1366 4095 3119
f 3119 4095 3121
f 3122 3120 2302
f 3122 2306 3120
f 3120 2306 2302
f 3122 2302 2306
f 1367 4096 1365
f 1367 1365 4096
f 1367 1366 1365
f 1366 4096 4095
f 4096 1366 4095
f 1366 4097 4095
f 4097 3122 4095
f 1367 4096 1366
f 4096 1367 1366
f 4097 1366 1367
f 4096 4095 4097
f 2308 2301 2304
f 4096 4097 4095
f 4097 4095 4098
f 4098 4095 3122
f 4097 2317 3122
f 2317 2306 3122
f 2310 2308 3121
f 2310 2301 2308
f 4095 4097 1367
f 4100 4095 4098
f 4098 3122 2306
f 4097 4095 4096
f 4095 1367 4096
f 4098 4095 4097
f 3121 4096 2316
f 3121 4095 4096
f 4097 4099 2317
f 4099 4097 1367
f 1367 4097 4096
f 4096 4095 2316
f 2316 4095 3611
f 3611 4095 4100
f 2316 2310 3121
f 1375 288 4096
f 288 2316 4096
f 2316 3611 4096
f 3611 1375 4096
f 4100 4098 2317
f 2317 4098 2306
f 4099 1367 1370
f 2316 288 1375
f 2319 3611 4100
f 2317 4099 1490
f 4100 2310 2319
f 1373 4099 1370
f 2316 1375 1377
f 2319 2310 2316
f 2319 2310 4100
f 3611 2319 2316
f 1370 1373 1372
f 1377 1375 290
f 2319 4100 2320
f 2320 4100 2317
f 1377 1375 3069
f 1377 3324 2316
f 3324 3611 2316
f 1355 1357 1742
f 4099 1373 3612
f 1490 4099 3612
f 66 3741 3872
f 268 2157 265
f 3850 3413 3414
f 3413 3850 3515
f 681 4102 679
f 3943 4102 681
f 182 2321 158
f 2322 2321 2323
f 682 3943 681
f 3944 3943 3421
f 3943 682 3421
f 4106 3577 3576
f 4106 4044 3577
f 1653 3577 1656
f 3577 4044 4045
f 4108 2938 4107
f 2939 4107 2938
f 4110 4108 4107
f 4110 4107 4111
f 4107 2939 3164
f 4107 3164 4112
f 4112 4111 4107
f 4112 4110 4111
f 4114 4113 3833
f 3833 3834 4114
f 3832 3834 3833
f 3126 3323 3384
f 3128 3126 3384
f 3421 682 3812
f 3421 3812 3422
f 2708 3422 3812
f 4115 1928 1966
f 1965 1963 1966
f 1963 4115 1966
f 1963 4116 4115
f 4115 4116 1963
f 3339 240 241
f 3339 241 1116
f 241 1117 1116
f 4122 3631 4123
f 3631 3621 4123
f 4122 4083 4121
f 4122 4121 4120
f 4124 4120 4119
f 4122 4120 3631
f 3631 3622 3621
f 3631 3619 3632
f 4120 4125 3631
f 4120 4124 4126
f 4125 4120 4126
f 3635 3631 4125
f 4126 3635 4125
f 3696 3699 3697
f 3699 3842 3697
f 2576 3015 418
f 2753 2752 4127
f 1186 367 2921
f 2921 1718 1186
f 752 1186 1718
f 2194 984 4128
f 984 2194 2066
f 3572 2425 2423
f 1085 1086 2415
f 2414 1085 2415
f 30 2414 2415
f 426 682 678
f 429 682 426
f 935 3731 2475
f 743 2475 3731
f 3226 3227 3225
f 2994 585 586
f 586 3227 2997
f 2997 2994 586
f 4129 1177 1174
f 1177 1181 1180
f 1177 4129 1181
f 929 1180 1181
f 1184 422 419
f 1184 419 421
f 1184 421 1765
f 1185 1184 1765
f 2415 1184 1167
f 2845 2623 2625
f 2845 2625 2623
f 4017 2844 2624
f 2844 4017 4016
f 2848 2845 2625
f 2625 2845 2848
f 2625 2622 847
f 2625 4017 2622
f 2625 847 4017
f 4017 2624 2622
f 847 2625 2848
f 2627 2625 2623
f 2627 2848 2625
f 2848 4023 4131
f 4023 2848 4131
f 4131 2848 430
f 4023 2848 2627
f 848 847 2848
f 848 2848 4023
f 4017 847 848
f 431 4017 848
f 848 2627 847
f 848 4023 3109
f 2627 848 4023
f 2533 242 521
f 3018 4132 4133
f 3238 2649 2758
f 395 2502 3542
f 3329 3513 3237
f 4136 4135 4134
f 3640 4136 4134
f 3640 3639 4137
f 4137 4136 3640
f 4136 4137 4090
f 3581 4137 3639
f 4137 3605 4090
f 4090 3605 3606
f 3581 3605 4137
f 3836 3837 4138
f 3836 4138 3837
f 2820 213 215
f 2820 217 213
f 4139 217 2820
f 4140 4141 4082
f 4141 3706 4082
f 3911 4082 3998
f 1112 2220 1113
f 1110 1111 1112
f 2950 1892 2533
f 3706 4141 3867
f 3866 3867 4141
f 3866 3644 3867
f 2220 607 2864
f 4142 4067 4065
f 4142 4065 4145
f 4064 4066 4144
f 4144 4143 4064
f 2234 2487 4143
f 4143 4144 4070
f 4146 4147 4145
f 2224 4067 4142
f 4143 4070 2233
f 2233 2234 4143
f 4142 4145 4147
f 4066 4070 4144
f 4069 4142 4148
f 4148 4142 4147
f 4069 2224 4142
f 4147 2230 4148
f 2227 4070 4066
f 2230 4069 4148
f 2230 4147 4148
f 2230 4147 2232
f 2231 2233 4070
f 2230 2232 4147
f 2227 2231 4070
f 2223 2224 4069
f 2223 4069 2230
f 2229 2233 2231
f 2229 2234 2233
f 3481 3107 1266
f 1266 1267 2639
f 4152 4150 4151
f 4153 4150 4152
f 770 4152 4149
f 4152 4151 4154
f 4154 4153 4152
f 4153 4154 4152
f 4152 770 4155
f 4155 4153 4152
f 4154 4155 4152
f 4054 4155 4154
f 770 4054 4155
f 4155 4054 4153
f 4155 4054 770
f 4054 4154 3900
f 4155 770 774
f 770 973 774
f 4054 770 4155
f 4054 4155 770
f 4054 3901 4153
f 4149 4159 4151
f 770 4149 767
f 4161 4158 4156
f 4152 4158 4149
f 4152 4156 4158
f 772 4156 4155
f 4155 4156 4152
f 4157 4164 4162
f 4161 2339 4163
f 4164 4163 2340
f 2339 2340 4163
f 774 772 4155
f 3056 3036 3040
f 3056 3040 3055
f 2108 2148 2107
f 1453 2148 2351
f 1453 2107 2148
f 2115 2107 1453
f 2354 1453 2351
f 2353 2355 1454
f 1310 1453 2354
f 1454 1452 2353
f 2355 1452 1454
f 2115 1453 1455
f 1452 1453 1310
f 1453 1454 1455
f 344 2363 347
f 811 2363 2364
f 2363 2365 2364
f 2365 2363 349
f 810 2364 2518
f 2518 2364 2641
f 3610 3352 3353
f 3353 4165 2280
f 925 2968 1239
f 2968 4166 1239
f 3273 4167 3272
f 3165 3272 4167
f 4168 1268 3273
f 3273 1268 4167
f 1167 1185 1114
f 1538 1537 1524
f 1523 1540 1525
f 4169 1606 1538
f 1606 1538 1524
f 1606 4169 1538
f 4169 1538 1606
f 1607 4169 1606
f 1607 1609 2692
f 2693 1525 1540
f 3540 4171 3583
f 4170 3583 4171
f 4171 3540 2530
f 2530 2531 4171
f 4172 4171 2531
f 3337 3677 4173
f 4086 184 4173
f 2929 3529 4174
f 4174 3529 3528
f 2929 4174 2932
f 4174 3528 4175
f 4175 2932 4174
f 3531 4175 3528
f 940 937 939
f 4177 531 2636
f 4176 531 533
f 4176 2636 531
f 4178 2636 4176
f 2636 3274 4176
f 785 2636 4176
f 3274 2636 785
f 3264 4176 3274
f 533 785 4176
f 3264 3274 4176
f 786 4176 3274
f 785 4176 3264
f 785 3264 4176
f 4176 786 3264
f 786 3274 785
f 4179 783 533
f 783 785 533
f 3264 785 786
f 3264 786 785
f 785 3264 786
f 784 785 783
f 1911 3264 785
f 1911 785 784
f 785 786 784
f 785 784 786
f 2920 634 633
f 610 1011 3590
f 1014 3590 1011
f 3590 609 610
f 2976 2466 191
f 636 149 3701
f 294 636 3701
f 1075 3615 3071
f 3071 3615 1075
f 3615 4181 1075
f 4181 3615 1075
f 3615 1076 1075
f 2448 2451 3616
f 2453 1075 4181
f 2453 2452 1075
f 3700 3480 4182
f 4182 1647 3700
f 4182 1643 1645
f 1645 1647 4182
f 1647 2528 3700
f 1644 1645 1643
f 1646 1647 1645
f 1646 1645 1647
f 2041 534 2716
f 2041 3072 534
f 2488 2264 2265
f 1894 2488 2265
f 127 106 3704
f 2411 127 3704
f 2411 2412 2410
f 4000 3095 3001
f 2913 2903 4000
f 2909 2903 2913
f 4000 3001 2913
f 3311 4132 3019
f 3019 4132 3018
f 3312 4132 3311
f 3019 3018 3017
f 3312 3313 4132
f 4133 4132 3315
f 3313 3315 4132
f 2483 2480 1004
f 2483 3019 3017
f 1655 2016 4081
f 2442 497 500
f 497 2442 2443
f 243 242 1074
f 3616 1501 3614
f 2619 1501 3616
f 2619 3616 4003
f 2451 4003 3616
f 2457 4003 2451
f 2619 4003 2618
f 151 39 152
f 2914 861 4004
f 865 2914 864
f 2118 2116 2113
f 2113 2116 3754
f 406 2116 412
f 406 3755 2116
f 3755 3754 2116
f 2421 5 28
f 28 25 2422
f 3308 916 924
f 3929 916 3308
f 2716 534 535
f 4184 4186 2719
f 503 218 1171
f 3419 4180 3945
f 3419 3637 4180
f 64 2413 2632
f 1279 3044 58
f 1305 4187 4180
f 4180 1307 1305
f 4180 4187 4103
f 4188 3235 3236
f 205 195 3235
f 201 195 205
f 4188 205 3235
f 205 4188 4189
f 3637 1307 4180
f 3637 3638 1307
f 3636 3637 3419
f 1279 2520 3444
f 1273 1264 1856
f 3107 1856 1264
f 3475 3476 3482
f 2365 2160 3476
f 4191 3476 2160
f 2160 346 11
f 2160 11 4191
f 1079 536 237
f 1079 1150 536
f 4167 1268 3144
f 3144 3145 4167
f 154 2263 153
f 2182 2263 154
f 2730 2183 2271
f 379 377 2523
f 380 2523 377
f 375 378 1327
f 1327 381 375
f 378 1410 1327
f 2522 2523 380
f 1296 380 1295
f 1296 2522 380
f 1326 2522 1329
f 1329 2522 1296
f 1328 381 1327
f 1325 1327 1324
f 4108 4110 4109
f 3333 4110 3996
f 4112 3996 4110
f 582 583 3224
f 3224 3878 2932
f 583 3878 3224
f 3878 1560 1556
f 583 1560 3878
f 85 84 3196
f 86 3196 84
f 221 223 1847
f 1028 1847 1026
f 4093 4192 4193
f 3571 4194 4196
f 4197 4196 4198
f 3571 4197 4198
f 4196 4194 4195
f 4198 4196 4197
f 4194 4192 4093
f 4198 4195 4199
f 4199 3965 4198
f 4197 3571 4196
f 4194 4199 4195
f 4196 4198 4200
f 4194 4093 4196
f 4200 4199 4194
f 4200 4198 3883
f 4194 4196 4200
f 4200 4197 4196
f 4200 3883 4201
f 4093 4200 4196
f 3319 4200 4201
f 3319 4199 4200
f 4201 3317 3319
f 4092 4200 4093
f 4200 3320 3317
f 3094 271 274
f 1853 274 273
f 1854 274 1853
f 3094 274 1854
f 481 482 495
f 4202 495 482
f 495 4202 482
f 2632 2413 2416
f 4094 2982 4012
f 4012 2982 3372
f 2362 1542 2378
f 220 971 1171
f 2747 1598 1599
f 1030 2748 4050
f 1599 2751 2747
f 2751 4050 2748
f 2747 2751 1599
f 2747 1599 2751
f 2751 1599 3132
f 2870 3133 2750
f 3132 1599 1601
f 4134 1307 3638
f 4134 1308 1307
f 4134 4203 1308
f 3640 4134 3638
f 3339 3220 240
f 4118 3339 1116
f 4118 3341 3339
f 4204 4205 4206
f 4204 4206 4207
f 4204 4207 2719
f 2719 4207 4208
f 2608 3045 3885
f 4170 3608 3583
f 4170 3609 3608
f 589 3609 594
f 4209 594 3609
f 3609 4170 4209
f 3995 594 4209
f 4171 4209 4170
f 3107 3481 4168
f 1268 4168 3481
f 3270 1855 1856
f 3107 3270 1856
f 4168 3270 3107
f 3273 3270 4168
f 3333 4210 4109
f 3333 3142 4210
f 4110 3333 4109
f 4205 1305 4211
f 3207 3147 3146
f 3450 3850 3873
f 3895 3850 3450
f 1243 3449 3895
f 3450 1243 3895
f 3196 170 4212
f 296 3702 3510
f 3978 296 3510
f 296 295 3702
f 2918 3243 2917
f 3329 3110 3493
f 2926 3885 3045
f 3427 1113 2610
f 3427 1115 1113
f 7 3427 2610
f 1005 1006 1004
f 4213 3311 3019
f 4213 3019 1006
f 2185 2946 2187
f 1430 2298 2150
f 1430 2150 2149
f 551 550 4215
f 550 553 4215
f 4215 4216 4214
f 4215 553 4217
f 4215 4217 4216
f 1301 2347 2298
f 4206 4218 4207
f 4218 4208 4207
f 4221 4222 4220
f 4223 4222 4221
f 4218 4223 4221
f 4225 4224 4221
f 4220 4222 3564
f 4220 4225 4221
f 4203 4226 1308
f 4226 4227 3570
f 4227 4192 3570
f 4203 4227 4226
f 4193 4192 4227
f 4135 4227 4203
f 4193 4227 4228
f 4135 4203 4134
f 4135 4228 4227
f 944 2352 2349
f 1309 944 2349
f 2352 944 949
f 945 944 1309
f 945 949 944
f 1312 945 1309
f 950 949 945
f 4228 4093 4193
f 4091 4228 4135
f 4091 4093 4228
f 4090 4135 4136
f 4090 4091 4135
f 4092 4093 4091
f 4229 3970 2723
f 4229 218 3970
f 1308 1306 1305
f 4226 1306 1308
f 3570 1306 4226
f 3374 3377 3375
f 167 4231 3315
f 2024 3440 3441
f 2024 1386 3440
f 2021 2024 3441
f 1397 1396 1388
f 2072 2021 3441
f 1386 2024 1402
f 1401 1396 1397
f 1397 1396 1401
f 2021 1402 2024
f 1401 1396 1397
f 1401 1397 1396
f 1284 2398 278
f 1284 2399 2398
f 1284 83 2399
f 3022 3021 3463
f 3463 3021 3025
f 2654 2655 3022
f 3028 3025 3021
f 2655 3021 3022
f 3028 3027 3025
f 2656 2655 2654
f 4205 4232 4206
f 4205 4211 4232
f 4222 4223 3566
f 1306 4211 1305
f 1306 4232 4211
f 1306 3565 4232
f 4222 3566 3564
f 3296 2409 3184
f 4050 2751 3132
f 3135 1030 4050
f 3132 3135 4050
f 4233 3887 3243
f 745 265 2157
f 279 3189 3187
f 3831 3189 279
f 3831 279 3379
f 3215 3379 279
f 3831 3228 3830
f 3231 3228 3831
f 3231 3831 3232
f 3379 3232 3831
f 392 3724 3125
f 278 392 280
f 2494 2493 2492
f 2494 2492 2495
f 4236 1145 2494
f 2493 1145 522
f 4237 2494 2495
f 4237 2493 2494
f 4235 2494 2493
f 4237 4235 2493
f 2494 2495 4237
f 2494 4237 2495
f 2494 4237 2495
f 4237 2494 4236
f 4236 2494 4235
f 4238 2495 4237
f 3545 2494 2495
f 3545 2495 4238
f 3545 4236 2494
f 4236 4235 3545
f 4236 4235 527
f 4236 526 1145
f 3545 4235 4236
f 4237 527 4235
f 526 4236 527
f 3545 4237 4236
f 4237 3545 4238
f 528 527 4237
f 529 530 527
f 526 527 530
f 4237 3216 528
f 4239 3474 2814
f 3473 2814 3474
f 2805 3665 2803
f 533 532 2099
f 4179 533 2099
f 2844 2849 2099
f 4179 2099 2849
f 3227 3226 3094
f 4021 3726 2309
f 1493 4021 2309
f 3726 4021 3728
f 3730 3728 4021
f 4240 4021 1493
f 3730 4021 4240
f 4240 1502 4241
f 4021 4241 3729
f 2171 3730 2170
f 2171 3727 3730
f 4240 4241 4021
f 4240 2170 3730
f 1502 4240 1493
f 4240 4021 4241
f 4241 4021 3729
f 4242 4240 4241
f 1502 4240 4242
f 2830 2170 4240
f 4242 4241 1502
f 1502 2830 4240
f 1378 1554 1513
f 1594 1513 1554
f 4244 4243 272
f 271 4244 272
f 3094 4244 271
f 3094 3226 4244
f 3223 4244 3225
f 4244 3226 3225
f 608 605 607
f 2937 2999 2939
f 2939 2999 3165
f 3165 3164 2939
f 3165 2999 3272
f 783 4179 2849
f 3960 2849 790
f 790 782 3960
f 782 2849 3960
f 3963 3960 4245
f 790 2849 782
f 4016 3963 2849
f 4246 3963 4245
f 3963 4016 4247
f 3963 4246 4247
f 4246 2849 3963
f 4246 434 2849
f 4247 4246 3963
f 791 783 2849
f 3963 4247 4130
f 4247 4016 432
f 436 4246 4245
f 434 791 2849
f 4130 4247 432
f 433 4247 432
f 434 433 4247
f 434 4247 433
f 434 4246 436
f 432 4247 433
f 431 432 433
f 435 434 436
f 2720 2719 4208
f 4208 4219 2720
f 4218 4219 4208
f 4218 4221 4224
f 4218 4224 4219
f 4219 4224 3437
f 587 585 2995
f 2994 2995 585
f 2934 587 2995
f 1135 2588 1133
f 1137 1128 1136
f 2588 1135 1136
f 2589 1136 1135
f 2589 2588 1136
f 1134 1133 2588
f 1134 2588 3792
f 2593 3792 2588
f 3237 3887 934
f 817 354 4248
f 2605 354 817
f 4248 354 355
f 815 816 4248
f 817 4248 816
f 4229 2723 2721
f 2721 275 4229
f 2659 348 343
f 348 3604 32
f 348 32 349
f 4249 3437 4224
f 4249 3085 3437
f 3569 4224 4225
f 4249 3439 3085
f 3569 4249 4224
f 3567 4249 3569
f 4249 3567 3439
f 3379 3215 3214
f 278 3215 279
f 3215 278 2398
f 2613 3835 3191
f 2612 3835 2613
f 4250 3724 3721
f 3723 3412 3720
f 3723 3722 3724
f 3188 3412 3723
f 3187 3723 3724
f 3187 3188 3723
f 392 3187 3724
f 3741 3743 3872
f 2472 2323 3316
f 667 665 3657
f 670 667 4013
f 1102 668 670
f 92 138 91
f 2400 1164 3666
f 3732 2400 3666
f 3732 3193 2400
f 3224 2932 4175
f 3224 4175 3223
f 3223 4175 3531
f 3531 4243 3223
f 1116 1119 4118
f 3347 3341 4118
f 1119 3347 4118
f 3393 3347 1119
f 2820 215 2819
f 2759 2568 3239
f 220 219 277
f 3501 3499 3918
f 3918 3917 4252
f 2415 2646 422
f 3882 4197 3883
f 3539 1009 1011
f 1011 2530 3539
f 4201 3883 4197
f 4200 4201 4197
f 4200 3317 4201
f 2263 2182 2378
f 2271 2424 2730
f 3066 924 926
f 3162 4104 3161
f 4104 4105 3161
f 2929 959 958
f 960 957 4011
f 2929 958 960
f 3529 960 4011
f 3529 2929 960
f 3076 1623 1622
f 3076 1625 1623
f 3076 1365 1625
f 1365 3076 1364
f 3118 1625 1365
f 3076 1363 1364
f 283 284 1363
f 3444 1988 1990
f 2520 1988 3444
f 1279 3444 1987
f 1987 3044 1279
f 2326 1652 2850
f 4212 2816 3196
f 4071 4068 2575
f 2226 2224 2223
f 2226 2575 2235
f 2225 4072 2226
f 2235 2575 4072
f 2223 2235 2226
f 2239 2227 4072
f 2226 4072 2225
f 4253 4071 2575
f 2226 2223 2235
f 4071 2239 4072
f 2239 4071 4253
f 2226 2235 2223
f 2235 2225 2226
f 2225 4072 2226
f 2235 4253 4254
f 4253 2235 4254
f 2235 4072 2225
f 2227 2239 2237
f 4253 4256 2239
f 2235 2225 2238
f 4253 3694 4255
f 4253 4255 3841
f 3841 4256 4253
f 4256 2243 2239
f 3841 4257 2243
f 4256 3841 2243
f 4255 3697 3841
f 3817 1299 1302
f 3820 1299 3817
f 3820 2277 1299
f 1994 2436 1995
f 1994 2156 2436
f 2156 2000 2436
f 3268 1912 3269
f 3267 1897 2373
f 1913 1911 1914
f 1904 1905 2429
f 1914 1911 788
f 1905 2431 2429
f 1908 3267 3268
f 788 2431 1914
f 1897 3267 1908
f 1905 2433 2431
f 2431 4258 1914
f 2431 2433 4258
f 2433 1905 4258
f 1909 2433 4258
f 4258 2433 1909
f 959 2930 749
f 2930 959 2929
f 2931 749 2930
f 4259 749 2931
f 2608 2609 3045
f 1003 4112 3164
f 3996 4112 1003
f 3750 1563 587
f 3750 587 4260
f 2935 4260 587
f 2934 2935 587
f 2935 2936 4260
f 7 2610 3153
f 7 3153 8
f 2213 2545 2484
f 2545 4261 2484
f 2484 4261 3663
f 647 3663 4261
f 645 647 4261
f 3045 2866 588
f 4209 4171 4172
f 3995 4209 4262
f 4209 4172 4262
f 969 3995 4262
f 3015 2576 1060
f 2483 1004 1006
f 1006 3019 2483
f 4264 4265 4266
f 4266 1867 1866
f 4264 1867 4266
f 4265 1867 4264
f 4266 4265 4264
f 4264 4267 4265
f 3012 1866 1867
f 4267 1868 4265
f 1866 3012 1872
f 1872 1867 1866
f 1923 531 2087
f 3012 1867 1872
f 1873 4265 1868
f 1923 2087 1921
f 531 1921 2087
f 2087 4265 4267
f 4267 4265 1873
f 4268 4265 2087
f 4265 4268 1867
f 2081 4269 4271
f 2081 2039 2090
f 2087 2081 4271
f 4267 4272 2087
f 1876 4267 1873
f 4268 1875 1867
f 2081 2090 2091
f 4272 4268 2087
f 2087 4272 4177
f 1876 4272 4267
f 1875 4268 1880
f 4269 2081 2091
f 1880 4268 4272
f 1879 1875 4270
f 2098 2091 2090
f 2096 2086 2087
f 2098 4269 2091
f 2096 2087 4177
f 2087 4271 4272
f 4270 1885 1879
f 1885 4270 1881
f 1881 4270 1875
f 2100 2086 2096
f 4271 2096 4272
f 4272 2096 4273
f 4273 4177 4272
f 4177 4273 4272
f 4272 1880 4273
f 4177 4272 1876
f 2091 2086 2100
f 2100 2098 2091
f 2098 4274 4269
f 4272 2096 1880
f 2096 4272 4273
f 4272 4273 1880
f 4274 4269 2090
f 4274 2090 4269
f 4269 4274 4271
f 4274 2096 4271
f 1880 2096 4273
f 276 933 277
f 933 3434 277
f 2634 1922 1921
f 2635 2634 1921
f 4177 2635 1921
f 531 4177 1921
f 2635 4177 2636
f 1876 2636 4177
f 2096 4177 2636
f 4275 4276 3884
f 3884 4276 4088
f 3319 3965 4199
f 3965 3319 4275
f 4275 3319 4277
f 4276 4275 4277
f 3572 2423 2424
f 3408 2424 3409
f 3409 2424 2271
f 1057 3445 3326
f 918 3445 1057
f 3430 209 206
f 206 210 4278
f 3430 206 4278
f 208 4278 210
f 194 4278 205
f 3429 209 3430
f 4278 194 4279
f 3430 4278 3431
f 4278 4279 3431
f 3431 3429 3430
f 3433 3429 3431
f 4279 4280 4281
f 4279 3433 3431
f 3433 3426 3429
f 4279 4281 3433
f 2931 3877 4259
f 3877 2970 4259
f 1558 2970 3877
f 1556 1557 3877
f 1557 1558 3877
f 1380 745 2933
f 3476 3760 3482
f 9 11 346
f 12 3476 4191
f 11 12 4191
f 4190 4046 4048
f 3832 4190 4048
f 3832 4048 3835
f 3191 3835 4048
f 2656 3032 3031
f 3103 3033 3032
f 3103 3032 3101
f 3936 3033 3103
f 3936 3937 3033
f 2413 1152 193
f 2135 2147 2137
f 2147 2135 2137
f 2138 2147 2135
f 399 2135 2147
f 398 399 2147
f 941 398 2147
f 606 1380 2933
f 2865 606 2933
f 2157 268 2933
f 2933 268 2865
f 215 2487 2234
f 215 2234 2819
f 4178 2100 2096
f 2090 4274 2098
f 1887 1880 4273
f 2106 4274 2090
f 2098 4283 4274
f 2100 4283 2098
f 2098 4274 4283
f 4284 4283 2100
f 4284 2100 4178
f 4178 2096 2100
f 2100 2096 4178
f 4285 4269 4274
f 4178 2096 2636
f 4284 4273 2096
f 2105 2098 3952
f 4284 4274 4283
f 4284 2096 4274
f 4178 3262 4284
f 4283 4274 2098
f 2105 2098 4274
f 4274 4285 4283
f 4273 4284 3262
f 4178 4176 3262
f 3262 1887 4273
f 4285 4274 4283
f 3261 1887 3262
f 4274 3955 2105
f 3955 4274 2106
f 4176 1911 3262
f 3264 3262 1911
f 1911 4176 3264
f 3264 1911 1912
f 115 120 140
f 4183 2719 2718
f 2717 4185 4183
f 2718 2717 4183
f 1895 1889 1891
f 1889 1895 3163
f 4277 4286 2581
f 2592 2581 4286
f 2581 2592 2591
f 931 932 4286
f 3849 3497 3495
f 3470 3498 3467
f 3498 3806 3495
f 3849 3495 3806
f 3807 3498 3470
f 3879 3807 3470
f 3469 3879 3470
f 4047 4046 4190
f 4047 4190 3236
f 4190 4188 3236
f 3305 3568 4287
f 3305 4287 3079
f 3439 3306 3085
f 3568 3305 3439
f 3439 3305 3306
f 3307 3306 3305
f 4210 3750 4260
f 4260 2936 4210
f 3145 3165 4167
f 4011 216 3529
f 3529 216 217
f 2480 2481 3996
f 2480 3996 1003
f 2611 2610 2608
f 3871 2476 3573
f 3871 2546 2476
f 1123 3254 1122
f 3254 1123 1129
f 4289 3254 1129
f 1125 1130 1131
f 1129 1134 537
f 537 4289 1129
f 2613 2615 2612
f 2969 2970 1558
f 4290 2967 2969
f 1558 4282 2969
f 2967 4290 2968
f 1558 2969 4282
f 2968 4290 4166
f 1558 4290 2969
f 4282 4290 1558
f 1558 4290 4282
f 1558 4282 4290
f 4290 4282 4166
f 1559 4282 1558
f 1559 1558 1557
f 3671 4166 4282
f 1559 3671 4282
f 1561 1559 1557
f 1561 3671 1559
f 1561 1562 3671
f 1562 1561 1563
f 4291 4141 4140
f 3866 4141 4291
f 3082 4292 4140
f 3082 4140 3911
f 3911 4140 4082
f 4210 2936 4109
f 2936 2938 4108
f 2936 4108 4109
f 3137 3750 4210
f 4210 3142 3137
f 3137 1562 1563
f 3082 3911 3083
f 3866 3554 3913
f 3554 3247 3913
f 3248 3913 3247
f 3983 3984 3982
f 3985 3303 3077
f 3303 3985 4293
f 4293 3985 3982
f 3984 4294 3982
f 4294 4293 3982
f 4294 3984 4037
f 4293 490 287
f 3303 4293 3304
f 486 4293 4294
f 486 490 4293
f 287 490 4293
f 285 291 287
f 481 4294 4037
f 4294 481 487
f 487 486 4294
f 490 3304 4293
f 3304 488 493
f 488 3304 490
f 490 492 287
f 487 481 4039
f 482 487 4039
f 481 485 487
f 487 485 486
f 490 486 492
f 287 492 291
f 2253 2255 2247
f 2255 2248 2247
f 2254 2199 2248
f 2254 2200 2197
f 2197 2198 2199
f 2255 2254 2248
f 2200 2254 2256
f 4295 2248 2255
f 2248 2199 2249
f 2255 2248 4295
f 2249 2199 2201
f 2201 2199 2198
f 2300 2256 3117
f 2305 2256 2300
f 2200 2256 2305
f 2304 2305 2300
f 2204 2200 2305
f 2300 2305 2304
f 2304 2305 2300
f 3168 3169 3553
f 3169 3532 3553
f 2980 2982 4094
f 1562 3137 3671
f 361 360 4297
f 4298 4297 360
f 352 2602 4297
f 351 4297 4298
f 352 4297 351
f 2602 352 353
f 646 3 5
f 646 5 2421
f 3942 2926 2927
f 2926 3942 3885
f 3885 2611 2608
f 2611 3885 3942
f 2611 3942 1282
f 2792 2796 4299
f 4300 4299 2796
f 4300 3683 4299
f 2571 4061 4299
f 2571 4299 3683
f 3683 3685 3684
f 3684 3686 3683
f 3683 3686 2571
f 2481 3335 3996
f 4301 4291 4302
f 4291 4301 4296
f 3553 4296 3168
f 3192 2902 2613
f 2758 2759 3239
f 2758 3239 2915
f 2797 2796 2793
f 2794 2798 2791
f 2798 2785 2558
f 2798 4303 2795
f 2564 2557 2795
f 4305 2798 2797
f 2796 4042 4300
f 4300 2796 2797
f 4304 2797 2798
f 4303 2564 2795
f 2565 2798 2558
f 4300 2797 4304
f 4305 4303 2798
f 2797 2796 4042
f 2796 4300 4042
f 2564 2798 2565
f 2797 3678 4305
f 3678 4300 3685
f 2564 4304 2798
f 2564 2565 2566
f 4042 3678 2797
f 3685 4305 3678
f 3681 4303 4305
f 4304 3685 4300
f 3681 4304 4303
f 3678 4305 3685
f 3681 4303 4304
f 4304 3684 3685
f 3684 4304 2564
f 3679 3678 4042
f 3680 3678 3685
f 3681 2564 4303
f 3678 3683 4300
f 3681 4305 3678
f 2573 2571 3686
f 3683 3678 3680
f 3685 3683 3680
f 2564 3681 3684
f 3883 3884 3170
f 4088 4087 3534
f 3965 4275 3883
f 3884 4088 3534
f 3883 4275 3884
f 4088 3650 4087
f 4088 4276 3650
f 2581 3650 4276
f 3924 3928 4306
f 4308 1445 1443
f 4077 3802 4079
f 4084 4079 3802
f 4309 4084 3802
f 4119 4084 4309
f 2416 2466 814
f 228 224 3652
f 2977 228 3652
f 1043 1046 3558
f 3557 2785 2770
f 1615 2772 1613
f 3558 2559 3557
f 2559 3558 1046
f 4310 2559 1046
f 2785 3557 2559
f 2562 1613 2772
f 2772 2771 2557
f 2558 2785 2559
f 2557 2562 2772
f 2826 387 386
f 387 2826 3784
f 3784 2826 4040
f 4233 934 3887
f 4089 934 4233
f 2734 1162 1163
f 1163 1153 2734
f 1163 1160 1153
f 605 2245 606
f 1045 4312 1042
f 1044 4311 1045
f 4311 1044 4062
f 1045 4311 4312
f 4312 4311 4064
f 4064 4311 4062
f 4310 4065 2559
f 2559 4065 2561
f 4302 4291 4140
f 4291 4296 3554
f 3554 3866 4291
f 3553 3554 4296
f 220 277 3434
f 3512 2042 64
f 3199 3201 3200
f 2756 3200 3201
f 1187 366 1186
f 1187 1186 750
f 588 267 579
f 1096 1140 1097
f 1143 1097 1140
f 4014 1097 1143
f 1099 1097 4014
f 3113 3111 3112
f 3112 2919 3113
f 4292 4302 4140
f 4302 4292 3081
f 3078 4313 3523
f 4292 3082 3081
f 4313 3078 3080
f 3081 3082 3079
f 1239 4166 1240
f 3672 1240 4166
f 3672 4166 3671
f 3717 3415 4314
f 4314 3721 3717
f 3415 3416 4314
f 4182 2552 3635
f 1643 4182 3635
f 2234 222 2819
f 3073 3599 2925
f 3874 630 4126
f 630 3635 4126
f 1643 3635 630
f 2554 2552 3480
f 4182 3480 2552
f 3447 3585 3740
f 1286 3740 3585
f 1286 3585 1287
f 3447 3448 3585
f 3065 3143 3068
f 3334 3068 3143
f 4188 4190 4189
f 4278 208 205
f 3832 205 4189
f 4189 4190 3832
f 205 3832 3833
f 3833 4113 205
f 3733 3335 2977
f 2481 2977 3335
f 2481 2978 2977
f 2978 2481 2981
f 651 3864 663
f 3696 3695 3699
f 2908 3698 2906
f 2907 2908 2906
f 3840 3698 2908
f 3699 3695 3698
f 3840 3699 3698
f 2908 2910 3840
f 3699 3840 3844
f 2910 3844 3840
f 2910 3840 3844
f 3210 3844 3840
f 2908 3844 2910
f 3844 2908 2910
f 2910 3844 3840
f 3210 3840 3844
f 3844 2910 2912
f 4133 3374 3018
f 3018 3374 3020
f 4231 3374 4133
f 3377 3374 4231
f 3315 4231 4133
f 166 167 3315
f 3017 3018 3020
f 2483 3376 3016
f 2483 3017 3376
f 3376 3020 3375
f 3020 3376 3017
f 3337 4173 184
f 521 186 4086
f 4317 186 521
f 1918 1404 1402
f 1408 1405 1399
f 1408 1397 1403
f 1405 1408 1403
f 1406 1407 1405
f 1404 1919 1839
f 3009 1407 1406
f 3009 3003 1407
f 1407 1578 1406
f 1918 1919 1404
f 1405 1407 3003
f 4318 3009 1403
f 1403 3009 3012
f 3012 3009 1406
f 4318 1403 3012
f 4318 3012 3009
f 2027 1923 1918
f 4263 2026 4318
f 1868 1406 1578
f 2027 2030 1923
f 4264 4263 4318
f 1919 1918 1923
f 3010 3012 3011
f 3012 1406 3011
f 1406 1868 3011
f 3012 3010 3009
f 4263 4264 2026
f 2026 4264 4318
f 3010 3012 1866
f 1921 1919 1923
f 4266 1868 4267
f 4267 4264 4266
f 1866 1868 4266
f 235 1719 234
f 3802 3644 3643
f 4309 3802 3643
f 3647 4309 3643
f 613 1042 2485
f 2485 612 613
f 1043 1035 1612
f 2485 614 612
f 1043 1612 1046
f 3377 1101 3375
f 3377 1100 1101
f 3377 1105 1100
f 3375 1101 3378
f 41 3803 60
f 62 3803 41
f 3198 3199 3200
f 3198 3200 3658
f 3108 1283 3725
f 224 2724 3065
f 3068 224 3065
f 224 225 2724
f 224 3068 3651
f 224 3651 3652
f 1612 4319 1046
f 4319 1612 1614
f 2485 1042 4320
f 1042 4312 4320
f 4320 2487 2485
f 2487 2486 2485
f 4319 4310 1046
f 4319 4065 4310
f 4319 4145 4065
f 4143 2487 4320
f 4064 4320 4312
f 4064 4143 4320
f 4065 4310 4067
f 4065 4067 4310
f 1385 3515 3416
f 3515 1385 3413
f 3123 4321 3416
f 3515 3123 3416
f 3445 3868 3326
f 301 3868 3445
f 301 299 3868
f 4321 3721 4314
f 4314 3416 4321
f 3721 4321 4250
f 4250 4321 3123
f 3125 3724 4250
f 3125 4250 3123
f 4009 3796 4323
f 4010 3796 4009
f 3796 4010 952
f 3373 3378 4013
f 3765 2164 2163
f 2278 3765 2163
f 2164 3765 3762
f 2278 2163 2276
f 3766 3765 4324
f 3766 2191 2601
f 2191 2190 2601
f 2189 4324 2260
f 2278 4324 3765
f 2191 3766 4324
f 4324 2190 2191
f 2189 2190 4324
f 3725 3872 3108
f 3872 4230 3108
f 4094 3656 229
f 3656 4094 4012
f 4012 3657 3656
f 1563 1561 1560
f 584 1560 583
f 584 587 1560
f 587 1563 1560
f 3750 3137 1563
f 3743 4230 3872
f 3145 3166 3165
f 3145 3164 3166
f 1002 3164 3145
f 1002 1003 3164
f 2041 2716 902
f 2221 2609 2608
f 2610 2221 2608
f 2221 2610 1113
f 2966 2963 748
f 749 4259 2966
f 4259 2970 2966
f 4119 4309 4124
f 3875 4309 3647
f 3875 3647 3649
f 3875 4124 4309
f 3939 3875 3649
f 4124 3874 4126
f 4124 3875 3874
f 177 49 53
f 54 49 178
f 53 49 48
f 49 54 50
f 48 49 44
f 2548 2547 3627
f 2548 3627 4326
f 2549 2512 2511
f 2548 4325 2547
f 3981 2479 2538
f 4325 4032 2547
f 4032 4327 2547
f 2539 4327 3981
f 2547 4033 3627
f 4327 3983 3981
f 2539 4033 2547
f 2539 2547 4327
f 2538 2539 3981
f 4325 3627 4032
f 3625 4032 3627
f 4032 4035 4327
f 4327 4035 3984
f 3983 4327 3984
f 4034 4033 2539
f 2539 2540 4034
f 3523 4313 3522
f 3522 4313 3997
f 4313 4328 3997
f 4313 3919 4328
f 3919 4313 3080
f 3112 3897 3046
f 3046 2919 3112
f 4085 4080 4078
f 4083 4085 4079
f 4085 4078 4079
f 4085 4083 4122
f 4329 4085 4122
f 4084 4083 4119
f 4084 4119 4083
f 4083 4084 4119
f 4122 4123 3619
f 3619 4123 3621
f 4122 3619 4329
f 4083 4119 4120
f 4120 4121 4083
f 3564 4225 4220
f 3564 3569 4225
f 902 2716 901
f 3100 73 84
f 3100 1059 73
f 3658 3148 3888
f 3888 4330 3658
f 3201 2752 2756
f 3888 655 4330
f 2563 4146 2562
f 4146 2563 4148
f 4147 4146 4148
f 2568 1616 4117
f 2563 2228 4148
f 2230 4148 2228
f 2230 2228 2223
f 338 3744 3821
f 3827 4020 3821
f 3821 4020 3827
f 3827 1348 3826
f 3828 3826 4331
f 4331 3826 1348
f 4020 1348 3827
f 4331 1345 3828
f 4331 1348 1346
f 4020 3827 1519
f 4331 1346 1345
f 4020 1347 1348
f 4020 1519 462
f 1345 1346 473
f 1347 1345 1348
f 1345 1346 1348
f 3653 2616 2617
f 3563 3864 3390
f 3392 3562 3563
f 3563 3390 3392
f 3897 3896 2496
f 3402 2985 3705
f 3402 3389 2985
f 2988 2987 3389
f 1383 3402 3705
f 3323 2988 3389
f 3403 3389 3402
f 3323 3389 3403
f 1384 3402 1383
f 3407 3572 3408
f 3128 3291 3229
f 3229 3043 3128
f 3830 3291 3290
f 3229 3291 3228
f 4334 4333 4332
f 3927 1826 1447
f 1826 3927 1837
f 4334 4332 4335
f 1837 1820 1826
f 4335 1825 1821
f 1447 1826 4336
f 1825 1826 1820
f 1451 1447 4336
f 1825 4335 2957
f 1825 2957 1828
f 2957 4335 4332
f 1827 1826 1825
f 1826 1827 4336
f 4336 2957 1451
f 2957 4336 2958
f 1827 2958 4336
f 1892 3046 1893
f 420 2572 4117
f 418 2572 419
f 3835 3834 3832
f 3834 2612 3483
f 2612 3834 3835
f 3927 1447 1446
f 1843 1841 4337
f 2546 4339 2549
f 4339 2548 2549
f 4329 4338 4080
f 4326 2549 2548
f 4338 2548 4339
f 4080 4085 4329
f 4340 4338 4329
f 4340 2548 4338
f 4340 4325 2548
f 4340 4326 2549
f 4340 2549 4326
f 4329 4341 4340
f 4340 4341 4325
f 4326 3624 3625
f 3625 2549 4326
f 4341 4329 3620
f 3624 4326 4341
f 3625 4326 3627
f 4341 3627 4325
f 2512 2549 3625
f 3624 4341 3620
f 3625 4341 4326
f 3620 4329 3619
f 3619 3621 3620
f 3624 3620 3625
f 3625 3627 4341
f 3625 3620 3622
f 3046 3897 1893
f 61 1303 38
f 38 1303 2261
f 3742 3741 62
f 3654 3655 2544
f 666 2544 3655
f 2544 2541 3654
f 666 2542 2544
f 2545 2542 666
f 672 2545 665
f 4261 2545 672
f 4261 672 669
f 669 645 4261
f 81 232 20
f 4165 1278 2297
f 4165 3353 1278
f 2532 610 611
f 611 4342 2532
f 4101 634 2983
f 633 634 4101
f 629 1643 630
f 3241 1643 629
f 2534 4101 2950
f 1646 1647 1645
f 4251 4230 3743
f 164 4230 4251
f 3378 1101 1102
f 1105 1104 1100
f 1105 1106 1104
f 1648 2525 1647
f 1648 2526 2525
f 2574 2569 2573
f 2574 2573 2570
f 2235 2228 2567
f 2235 2223 2228
f 2574 2570 2573
f 2235 2567 4254
f 2575 4254 4253
f 4254 2575 2235
f 3694 3691 3689
f 4255 3689 3691
f 4255 3694 3689
f 4255 3689 3691
f 3689 4255 3691
f 4254 3694 4253
f 3694 4254 2567
f 3692 3694 2574
f 3694 2567 2574
f 3691 3694 4255
f 418 2568 2572
f 3696 3697 4255
f 3694 3692 3696
f 3694 3696 4255
f 3043 3055 3040
f 3043 3229 3055
f 3230 3055 3229
f 2434 2435 1743
f 4344 1743 2435
f 689 685 687
f 685 689 2435
f 4344 2435 689
f 1749 1743 4344
f 4344 1658 1749
f 689 4345 4344
f 1658 4344 4345
f 691 4345 689
f 1152 2413 902
f 64 902 2413
f 4113 194 205
f 4279 194 4280
f 3424 4346 3423
f 4280 194 4113
f 4281 4280 4114
f 4346 4280 4114
f 4113 4114 4280
f 4346 4114 4280
f 3423 4346 3424
f 4281 4114 4346
f 3397 3395 3401
f 887 889 3395
f 889 3401 3395
f 886 889 887
f 4206 4232 4347
f 4232 4348 4347
f 4223 4206 4347
f 4223 4347 4349
f 3565 4348 4232
f 4206 4223 4218
f 4349 3566 4223
f 3566 4349 4287
f 3568 3566 4287
f 2968 923 3472
f 2018 911 2020
f 911 2018 922
f 1022 1020 913
f 1022 1021 1020
f 1021 1022 3234
f 1798 1022 913
f 3234 1022 4047
f 4047 1022 1798
f 3234 4047 3236
f 917 4047 1798
f 4350 413 410
f 417 4350 410
f 1463 413 4350
f 415 416 407
f 417 2474 4350
f 4350 2474 4307
f 1071 416 415
f 4351 1463 4350
f 2474 417 2473
f 1464 1471 1459
f 4351 4350 4352
f 1464 1463 1471
f 1463 1467 1471
f 4350 4307 4308
f 4352 4350 4308
f 1467 1469 1471
f 1459 1471 1460
f 4352 1469 4351
f 1463 4351 1469
f 4353 1471 4351
f 4351 1471 4352
f 4353 4351 4352
f 4352 4308 4353
f 1467 1471 1469
f 1469 1470 1471
f 415 1470 3505
f 4352 1471 4353
f 4352 4353 1469
f 1071 415 3505
f 1467 1460 1471
f 3505 1470 1469
f 3505 1469 1443
f 1469 4353 1443
f 4308 1443 4353
f 4359 4355 4356
f 4358 4355 4359
f 977 3941 2208
f 4355 4354 4357
f 4354 4363 4357
f 977 2208 4362
f 4363 4354 4358
f 4128 4356 4357
f 4363 4358 4359
f 4363 4359 4357
f 4359 4128 4357
f 4356 4128 4359
f 4363 4359 4357
f 4128 4359 4357
f 4359 4363 4357
f 4357 4359 979
f 4364 980 4360
f 4363 979 4357
f 4363 4357 979
f 981 4128 4357
f 979 4359 4128
f 982 4128 984
f 974 4357 4363
f 4363 4357 975
f 975 4357 979
f 981 979 4128
f 981 979 4128
f 4128 979 981
f 4128 982 979
f 979 2194 4128
f 4364 985 980
f 978 4364 980
f 4357 978 981
f 981 978 980
f 975 974 4363
f 978 4357 974
f 4364 978 980
f 980 978 981
f 974 975 2218
f 981 978 983
f 983 978 981
f 981 983 979
f 983 2194 979
f 4364 4360 4365
f 4360 4364 4365
f 980 4364 4360
f 980 985 4364
f 4366 451 1895
f 1762 4366 1895
f 448 4368 441
f 449 441 4368
f 4367 4369 447
f 447 4370 4029
f 4030 4368 448
f 447 4369 4370
f 4369 4367 4373
f 4373 4372 4369
f 4369 4371 4372
f 4375 4374 4370
f 4368 4030 4376
f 4376 4370 4369
f 1766 4369 4372
f 4371 1766 4372
f 4376 4377 4368
f 4377 4376 4369
f 1766 4377 4369
f 4378 4377 4376
f 4379 4371 4373
f 4375 4380 4374
f 4377 4381 4376
f 4383 2275 4374
f 4372 4371 4369
f 4371 4372 1771
f 4373 4371 4372
f 4372 4371 1771
f 4371 1771 1766
f 4379 1771 4371
f 1072 4386 1071
f 4332 4333 4386
f 4387 4332 4386
f 4387 4386 1072
f 4387 1072 1073
f 4387 2957 4332
f 1073 1451 4387
f 4387 1451 2957
f 1610 4389 4366
f 4366 1762 1610
f 686 440 4390
f 4390 692 686
f 1768 1770 692
f 692 4390 1768
f 1767 4390 440
f 1768 1769 1770
f 1767 1768 4390
f 4395 4394 4393
f 4395 4394 4396
f 2002 575 4397
f 4393 4392 4398
f 4395 4399 4394
f 4399 4397 4394
f 4400 4398 4392
f 4397 4399 2002
f 2044 4401 4392
f 4401 4400 4392
f 4398 4400 4402
f 4402 4400 4403
f 4402 4405 4398
f 4400 4401 4403
f 2127 4401 2044
f 4401 2127 4403
f 2127 4404 2123
f 2123 2127 4401
f 4404 2127 2044
f 2123 4401 2127
f 2129 4405 4402
f 2129 4402 4403
f 2124 2126 4399
f 2123 4401 2127
f 4401 2123 2127
f 2130 2131 4403
f 2129 4403 2131
f 4405 2129 2123
f 2127 2130 4403
f 2122 4405 2123
f 2127 2123 2129
f 2123 2145 2121
f 2127 2129 2122
f 2129 2126 2122
f 2122 2126 2125
f 2125 2126 2129
f 691 692 4345
f 4345 1667 1658
f 1658 1667 1660
f 1667 4345 4406
f 1667 4406 1672
f 4345 692 1770
f 1770 4406 4345
f 1770 1775 4406
f 1775 1672 4406
f 2606 819 776
f 598 776 819
f 4407 4408 3714
f 4407 3709 4408
f 3714 4288 4407
f 4288 3714 4407
f 4409 3714 4408
f 3714 4409 3713
f 3713 4409 3714
f 3714 4409 3710
f 3713 3714 3710
f 3714 3715 4407
f 3709 4407 3715
f 3713 3710 3714
f 3715 3714 3716
f 3320 4200 4092
f 3318 3319 3317
f 593 3320 4092
f 3320 593 930
f 2161 1433 1429
f 1298 2161 1429
f 1303 1301 1435
f 2276 2161 1298
f 3780 239 3370
f 239 240 3370
f 3780 3370 3369
f 3780 3369 1179
f 3370 240 3369
f 3369 240 3219
f 423 4117 4315
f 423 4315 605
f 423 420 4117
f 99 42 98
f 3641 3994 3544
f 3544 3994 3993
f 3641 3326 3994
f 3326 3868 3994
f 3917 4411 4252
f 3918 4252 4015
f 3501 3918 4015
f 3917 3617 4411
f 4411 3617 3618
f 3618 169 4411
f 3618 1865 169
f 23 151 2222
f 39 23 24
f 23 39 151
f 366 391 367
f 3935 3205 382
f 385 3935 382
f 3373 4012 3372
f 4298 360 393
f 393 3381 4298
f 351 4298 3381
f 1844 351 3381
f 1251 2956 3486
f 3770 4412 3485
f 3488 3491 3487
f 3486 3484 3490
f 3488 3491 3487
f 3491 3488 3487
f 3770 3487 3491
f 3485 4412 3491
f 3485 3491 4412
f 3491 4413 3770
f 3491 4412 4413
f 4412 3491 4413
f 4413 4412 3770
f 3490 3485 4412
f 3492 4414 3491
f 4413 3491 4414
f 3491 3492 4412
f 3491 3492 3488
f 3491 4412 3492
f 4414 3491 3492
f 4414 3492 3491
f 3492 4412 4414
f 4414 4412 4413
f 1246 4413 4414
f 4414 4413 1246
f 1248 2467 4413
f 3491 4414 3492
f 4412 3492 3490
f 1246 4414 3491
f 1247 4414 1246
f 1248 4413 2467
f 4413 1247 1248
f 2469 1248 2467
f 3492 4414 1244
f 1247 1246 4414
f 3486 3490 1247
f 1247 1251 3486
f 3490 3492 1247
f 1244 4414 3492
f 3492 4414 1247
f 4414 1244 1247
f 1246 1244 4414
f 1247 4413 1248
f 1250 1248 2469
f 1250 2469 1248
f 1245 1247 1244
f 1248 1247 1245
f 2359 3869 2358
f 89 70 93
f 93 80 230
f 3182 3176 3181
f 3178 4415 3182
f 3182 4415 3176
f 3176 4415 3178
f 3180 3552 3179
f 3552 3180 3182
f 3182 3180 3178
f 3459 3845 2653
f 1165 1160 1163
f 1169 1160 1165
f 1169 1161 1160
f 1166 1169 1165
f 2492 1161 1169
f 1169 4418 2492
f 3800 3560 4419
f 3845 4416 3552
f 4417 3847 3596
f 4417 3845 3552
f 4417 3552 3847
f 3846 3800 4419
f 4416 3464 3552
f 4416 3845 3459
f 4416 3459 3464
f 3464 3459 3461
f 3847 3552 3464
f 4419 3847 3846
f 3846 3466 3800
f 3465 3456 3800
f 4417 3595 3845
f 3466 3465 3800
f 1168 2401 506
f 2380 506 2401
f 2380 505 506
f 648 1187 750
f 537 538 4289
f 373 368 994
f 4420 3792 2593
f 3792 4420 4423
f 3242 596 970
f 970 3793 3242
f 3162 3242 3794
f 3803 3512 65
f 65 60 3803
f 4424 1154 4425
f 4426 4424 4425
f 4425 1154 1156
f 1155 1156 1154
f 4427 1652 2326
f 2326 2816 4427
f 4117 2572 2568
f 2369 2245 4315
f 605 4315 2245
f 86 84 73
f 751 752 1718
f 658 1718 1241
f 1019 1718 658
f 294 297 126
f 61 2348 1303
f 901 1024 1151
f 885 121 246
f 886 885 246
f 3411 3412 3188
f 3385 3411 3190
f 3188 3190 3411
f 3385 3190 3830
f 3188 3189 3190
f 3187 3189 3188
f 3922 3579 3584
f 277 4229 275
f 267 266 562
f 1113 2220 2221
f 1304 796 562
f 562 579 267
f 2051 2515 3471
f 2051 2050 2515
f 562 3336 1304
f 562 266 3336
f 3472 2016 1655
f 2017 2016 3472
f 2017 3472 922
f 534 796 535
f 535 1023 901
f 2633 60 65
f 542 245 869
f 1293 876 3388
f 3388 876 871
f 871 1322 872
f 3388 871 876
f 1293 3388 876
f 3388 876 871
f 871 876 877
f 876 3388 877
f 876 877 3388
f 881 871 875
f 3388 871 877
f 877 871 881
f 881 3388 877
f 2258 2975 3388
f 2277 2260 2278
f 2277 2279 2260
f 2278 2260 4324
f 2258 3388 2259
f 881 2259 3388
f 2260 2279 2257
f 2259 2260 2257
f 2189 2260 2259
f 828 825 827
f 4030 4027 828
f 4429 4030 828
f 827 830 828
f 4378 4030 4429
f 828 830 4429
f 4378 4376 4030
f 4376 4375 4370
f 4429 830 4378
f 832 830 829
f 4375 4376 4430
f 4431 4378 830
f 3858 837 838
f 833 831 837
f 837 2670 833
f 3858 2670 837
f 2666 833 2670
f 4433 2670 3858
f 4430 4434 4375
f 832 4435 830
f 4435 4431 830
f 4434 4375 4380
f 4430 4376 4436
f 4430 4436 4437
f 4438 4430 4437
f 4438 4434 4430
f 4438 4380 4434
f 4436 4438 4440
f 4438 4436 754
f 4440 4437 4436
f 4438 754 4440
f 4441 3053 3051
f 3455 4441 3051
f 4391 440 449
f 4368 4391 449
f 4377 4391 4368
f 440 4391 1767
f 4442 4377 4378
f 4377 4442 4391
f 4366 4389 451
f 451 4389 813
f 4389 812 813
f 4389 2043 812
f 146 147 3662
f 3662 147 673
f 3571 3170 3570
f 3170 3571 3882
f 3571 3570 4192
f 4195 3571 4192
f 3571 4197 3882
f 4196 4195 3571
f 4195 4198 3571
f 4194 4195 4192
f 4194 3571 4195
f 4198 4196 3571
f 4198 4197 3571
f 3883 4198 3965
f 3550 3552 3551
f 3310 3550 3551
f 3182 3551 3552
f 3181 3310 3182
f 3182 3310 3551
f 874 878 2594
f 4419 3338 4443
f 4419 3560 3338
f 3343 4443 3338
f 3222 3343 3338
f 3342 3222 3345
f 3346 3343 3342
f 3343 3592 4443
f 4443 3596 4419
f 3596 3847 4419
f 4443 3592 3596
f 3344 3343 3346
f 3344 3592 3343
f 3341 3594 3345
f 3591 3341 3347
f 3593 3594 3341
f 3595 4417 3596
f 3595 3596 3592
f 1769 1775 1770
f 1775 4444 1672
f 4444 1671 1672
f 1784 1775 1774
f 572 4444 1775
f 1775 1784 572
f 1670 1671 4444
f 4444 1674 1670
f 4444 1670 1674
f 566 1674 4444
f 4444 572 566
f 4444 1674 1670
f 1674 1532 1673
f 566 568 1674
f 567 568 566
f 1610 1594 1722
f 110 1086 72
f 1086 68 72
f 566 572 569
f 2001 574 2002
f 3157 1525 2693
f 4410 3157 2693
f 2693 2691 3053
f 3053 4410 2693
f 603 4445 4022
f 4446 744 936
f 2192 340 1957
f 1957 1970 2192
f 260 255 257
f 256 3947 3946
f 257 4447 260
f 3814 3819 3815
f 257 262 3819
f 4447 257 3819
f 3819 3814 3818
f 3814 3815 3818
f 4447 256 259
f 4447 3947 256
f 4447 3819 3818
f 260 4447 259
f 3947 2972 3817
f 4447 3818 3947
f 2972 3947 3818
f 263 3819 262
f 3816 3819 263
f 2972 2971 3818
f 3818 2971 2972
f 3398 3397 3401
f 3401 173 3398
f 173 175 3398
f 4239 2813 3931
f 2814 2813 4239
f 1162 2733 3757
f 2734 2733 1162
f 1162 3757 3973
f 2324 2850 158
f 2850 3893 158
f 4187 4102 4103
f 3943 4103 4102
f 4103 3945 4180
f 3943 3944 4103
f 3944 3945 4103
f 1652 114 2760
f 2816 4212 4427
f 4427 137 1652
f 137 114 1652
f 4212 91 4427
f 4212 170 91
f 38 40 61
f 36 40 38
f 1272 1028 1027
f 1272 1269 1028
f 1027 2630 1272
f 634 2919 2983
f 4101 2983 2950
f 1121 3555 3532
f 3555 3246 3245
f 1121 1120 3555
f 1122 3246 3555
f 3555 1120 1122
f 3400 4448 3661
f 3661 4448 171
f 3399 4448 3400
f 172 171 4448
f 175 176 4448
f 4448 3399 175
f 172 4448 176
f 4302 4449 4301
f 3081 4449 4302
f 4449 3079 4287
f 3079 4449 3081
f 4183 3148 2755
f 2755 4184 4183
f 3063 657 247
f 934 4089 936
f 935 2475 938
f 939 938 2475
f 4450 2020 4451
f 4451 2020 4453
f 4454 4453 2020
f 1830 4333 4334
f 1821 1830 4334
f 1830 1821 1791
f 1821 4334 4335
f 27 61 40
f 27 40 4
f 47 135 136
f 134 47 136
f 2821 1031 2822
f 1031 1014 2822
f 1031 3590 1014
f 4251 1107 4343
f 1107 6 4343
f 1106 4343 6
f 4297 2602 361
f 2871 361 2602
f 63 3742 62
f 63 62 41
f 1 63 41
f 1 1107 63
f 3 671 2
f 2367 263 264
f 633 4173 3677
f 2440 1276 1988
f 2412 1987 1275
f 1989 1987 2412
f 187 2016 2019
f 2019 2016 2018
f 4455 155 3474
f 156 4455 2850
f 156 155 4455
f 4456 1473 1510
f 1473 1472 1510
f 4457 1474 4458
f 1472 1473 1476
f 1577 1576 1573
f 4456 4458 1473
f 4458 1474 1473
f 1481 4456 1576
f 4457 1478 1474
f 4456 1481 4458
f 4458 1479 1478
f 4458 1481 4460
f 1580 3005 1577
f 3005 1576 1577
f 4457 4461 4458
f 1478 1479 4458
f 1576 3005 1481
f 4457 4461 4458
f 4457 4458 4461
f 4461 4457 4458
f 4465 4464 4463
f 1020 4465 4463
f 4463 914 1020
f 913 1020 914
f 1032 3590 1031
f 1037 238 904
f 1008 2709 1012
f 3435 1012 2709
f 1012 1013 1010
f 1012 3435 1013
f 147 169 1865
f 159 147 1865
f 146 169 147
f 2755 4186 4184
f 19 233 135
f 19 232 233
f 232 19 20
f 1931 3528 3530
f 4243 3531 3528
f 4243 3528 1931
f 4243 1931 272
f 3223 4243 4244
f 128 294 126
f 128 124 637
f 637 124 129
f 129 127 130
f 4315 4117 1616
f 3472 1655 1656
f 3706 3867 3870
f 4073 3870 3867
f 3522 3997 3668
f 3668 3997 3707
f 4328 3998 3997
f 4328 3911 3998
f 4328 3919 3912
f 3911 4328 3912
f 2540 2512 2553
f 2540 2539 2538
f 2553 3478 2540
f 2554 2553 2552
f 3478 2553 3477
f 2568 1038 190
f 4146 1614 1613
f 4146 4319 1614
f 4146 1613 2562
f 2568 190 1616
f 2170 2172 2171
f 2170 2830 2841
f 2841 2176 2170
f 2176 2172 2170
f 2176 2841 2178
f 1928 1808 1843
f 1641 1927 1640
f 1640 1927 1928
f 4115 1640 1928
f 1966 1928 1843
f 1018 1846 1806
f 1288 1382 3784
f 4040 1288 3784
f 4041 1288 4040
f 4041 1285 1288
f 2369 3093 1379
f 4315 3093 2369
f 4342 4466 4467
f 4466 4342 611
f 4468 4467 4466
f 614 4466 611
f 4469 4468 4466
f 4467 4468 4470
f 4468 4469 4471
f 4469 4466 614
f 2485 2486 614
f 2486 4469 614
f 4469 2486 212
f 212 211 4469
f 4009 4322 4471
f 211 4471 4469
f 214 4009 4471
f 211 213 4471
f 213 214 4471
f 4165 2281 2280
f 4165 3785 2281
f 4165 2297 3785
f 3787 2294 2296
f 3786 3787 2296
f 2291 2294 3787
f 3785 2297 2519
f 219 4229 277
f 4234 2051 3471
f 4472 2051 4234
f 3941 4234 2208
f 889 886 2537
f 886 246 2537
f 1987 1990 1275
f 1990 1988 1276
f 1652 2760 2850
f 3661 3879 3469
f 171 3879 3661
f 3399 3398 175
f 3661 4428 3400
f 3806 3498 3807
f 3808 3807 3879
f 3808 3879 171
f 936 744 3731
f 743 3731 744
f 4446 266 744
f 2050 2514 2515
f 1956 2514 1967
f 1967 3899 1956
f 1969 2514 2050
f 1969 1967 2514
f 1970 1957 1968
f 884 882 883
f 2389 884 883
f 884 2389 1991
f 4460 1481 1482
f 4477 1581 2267
f 4474 4473 1581
f 4473 4474 4478
f 4478 4475 4473
f 4474 1581 4477
f 4480 4475 4478
f 4477 2266 1581
f 4475 4480 4478
f 1481 4479 4474
f 4474 1481 4480
f 1482 4480 1481
f 4477 2267 4478
f 4478 4474 4480
f 4479 4480 4474
f 4480 1481 4474
f 1482 1481 4480
f 2269 2266 4477
f 4480 4477 4478
f 2267 1194 4478
f 1194 4475 4478
f 4480 4479 1195
f 4480 1195 4479
f 1191 1194 2267
f 1194 2216 4475
f 1190 1191 2267
f 1195 1193 1192
f 3162 3794 4104
f 3794 3795 4104
f 4461 1478 4457
f 4458 4461 4457
f 4460 4461 4458
f 4477 1581 4474
f 1481 3005 4479
f 4460 1479 4461
f 1479 1478 3669
f 3005 1581 2266
f 4461 4482 1478
f 4482 3669 1478
f 4477 4479 3005
f 4481 4482 4461
f 3005 2266 4477
f 4482 4461 1479
f 4461 4482 4481
f 4481 4482 1479
f 2269 4477 2266
f 4479 4477 4480
f 4481 1479 4482
f 1188 1227 1192
f 1227 1188 1192
f 1226 1227 1188
f 1188 1227 1192
f 1225 1226 1188
f 1193 1195 1192
f 1193 1192 1227
f 1992 1964 1960
f 1992 1960 1993
f 3795 4483 4104
f 3941 4472 4234
f 4472 3941 370
f 987 370 3941
f 4104 4483 4105
f 3576 3574 4483
f 1006 1005 3147
f 3147 4485 4213
f 3147 4213 1006
f 2291 3787 3494
f 4008 3496 3518
f 3495 4008 3494
f 3521 3518 3496
f 3495 3496 4008
f 955 746 4486
f 955 4486 954
f 955 747 746
f 3795 4486 4483
f 4486 4484 4483
f 746 4484 4486
f 954 4486 3795
f 747 748 746
f 4484 3576 4483
f 4106 3576 4484
f 4484 746 4106
f 4106 746 4044
f 748 4044 746
f 3760 3147 3207
f 3147 3760 4485
f 3760 3476 4485
f 3476 12 4485
f 3311 4213 4485
f 3313 4485 12
f 12 11 3313
f 3660 3661 3469
f 3749 3660 1279
f 3660 4428 3661
f 4428 3660 3749
f 3396 3400 1280
f 4428 3749 1280
f 4428 1280 3400
f 3574 4422 4105
f 3574 4487 4422
f 3574 3575 4487
f 4286 4488 2592
f 4488 4286 4489
f 4489 4286 932
f 4489 932 4488
f 4489 4488 932
f 3158 4489 932
f 3159 4488 4489
f 3158 3159 4489
f 2591 2592 4488
f 4420 2593 2590
f 2591 4420 2590
f 4420 2591 4488
f 3159 4420 4488
f 4422 4420 3159
f 4490 4422 3159
f 4491 970 969
f 970 4491 3793
f 4421 3792 4423
f 4422 4423 4420
f 4423 4422 4487
f 3575 4423 4487
f 2220 2864 2865
f 802 4388 806
f 4427 138 137
f 2357 1894 2265
f 2357 1892 1894
f 501 3063 1724
f 4183 3888 3148
f 4185 3888 4183
f 247 3888 4185
f 657 3888 247
f 3834 4346 4114
f 4281 4492 3433
f 3483 4346 3834
f 4346 4492 4281
f 4346 3483 3767
f 4492 4346 3424
f 3767 3424 4346
f 4492 3768 3433
f 3485 3424 3769
f 3767 3483 3769
f 3485 3769 3487
f 3424 3484 4492
f 3484 3486 4492
f 3768 4492 3486
f 3485 3484 3424
f 3487 3769 3483
f 450 451 813
f 4383 4374 4380
f 4493 4383 4380
f 4376 4381 4436
f 1778 4381 4377
f 4383 4382 4385
f 4383 4493 2275
f 4383 4495 2275
f 1772 4377 1766
f 4434 4380 4493
f 4434 4493 4375
f 4375 4493 4380
f 4436 4381 4496
f 4495 4384 2275
f 4384 4495 4497
f 4383 4385 4497
f 4384 4497 4385
f 4434 4380 4493
f 4496 4494 4380
f 4494 4493 4380
f 4383 4495 4385
f 4495 4383 4497
f 4385 4382 4383
f 4497 4383 4385
f 4385 4383 4497
f 4497 757 4385
f 4385 4495 4497
f 4496 4381 4436
f 4381 4498 4436
f 4381 1778 4498
f 4438 4496 4380
f 4436 4498 754
f 3586 3448 3588
f 3496 3588 3448
f 3496 3497 3588
f 3588 3587 3586
f 4465 1020 1021
f 1021 3233 4465
f 305 4214 306
f 307 306 4214
f 2700 2703 2706
f 2705 2706 2702
f 2702 2705 2700
f 545 2705 2702
f 545 543 544
f 2705 2700 2706
f 554 2705 545
f 2705 2700 2703
f 2703 2700 2706
f 2706 2700 2705
f 2704 2700 4500
f 4500 2700 2705
f 4500 2700 2705
f 4500 2705 2700
f 2703 2706 4499
f 2706 2705 4499
f 545 544 554
f 2705 2703 4499
f 554 4500 2705
f 4500 554 4501
f 3452 2706 2703
f 4501 3359 4499
f 4501 4499 3359
f 552 557 554
f 3454 3360 2703
f 2703 3360 3356
f 3452 2703 3356
f 3454 4500 3360
f 4500 3454 3360
f 3360 3454 4500
f 4500 4501 3360
f 558 557 552
f 3356 3355 3452
f 4501 557 3359
f 3359 3356 3360
f 4501 3359 3358
f 3359 3360 3358
f 3358 3359 557
f 557 3359 3358
f 3359 557 3361
f 3361 557 558
f 3774 4410 3053
f 3774 3053 1833
f 4441 1833 3053
f 4441 1830 1833
f 1791 1833 1830
f 920 3445 918
f 919 920 918
f 636 3186 149
f 3297 3185 638
f 638 3185 3932
f 636 635 3186
f 3514 3297 2652
f 358 3197 3198
f 3198 3658 390
f 666 665 2545
f 672 665 667
f 672 667 669
f 390 3658 4502
f 367 390 4502
f 4502 2921 367
f 503 903 502
f 903 503 1016
f 1154 4424 1220
f 4503 187 2807
f 187 4503 4081
f 4504 2062 2057
f 3746 3747 4504
f 4504 2059 4505
f 4504 4393 4505
f 2061 3746 2060
f 4505 2062 4504
f 2062 4505 2059
f 3746 3748 3747
f 3746 2046 2061
f 2046 3746 2061
f 2044 3747 3748
f 3746 2061 3748
f 4505 2144 4395
f 4506 4505 4393
f 4506 2144 4505
f 4506 4393 4398
f 4399 4395 2144
f 4505 2141 4506
f 4404 4505 4506
f 4404 2044 3748
f 4405 4506 4398
f 2143 3748 2061
f 2143 2061 2046
f 2141 4505 4507
f 4507 4506 2141
f 4404 4507 4505
f 4404 4506 2145
f 2141 2144 4506
f 4404 3748 2143
f 2145 4506 4507
f 2124 4399 2144
f 2141 4506 2142
f 4404 2143 2145
f 2143 2145 4404
f 4404 2145 2143
f 2145 2123 4404
f 4506 4405 2144
f 2121 4507 2145
f 2145 4507 2121
f 4404 2145 4507
f 2142 4506 2144
f 2122 2144 4405
f 2144 2141 2142
f 2121 2145 2140
f 2145 2143 2140
f 2142 2144 2122
f 2730 2424 2423
f 2423 2185 2730
f 1619 1621 2423
f 2423 1621 2185
f 1621 2731 2185
f 1838 1509 1359
f 1509 1838 4476
f 1510 4459 4456
f 1576 4456 1481
f 1581 1576 4473
f 1838 4473 4476
f 4459 1481 4456
f 4474 1576 1481
f 1838 1581 4473
f 4508 1481 4459
f 1581 1576 4474
f 1581 4473 1576
f 4475 4476 4473
f 2486 215 212
f 3239 418 3015
f 418 3239 2568
f 1503 2526 4509
f 4509 2526 1648
f 1507 1503 4509
f 4511 1507 4509
f 4511 1506 1507
f 2312 1490 1492
f 1492 1490 1491
f 1492 1493 2315
f 1508 2207 3471
f 3471 2206 1508
f 2514 2513 2515
f 2206 2515 2513
f 4234 3471 2207
f 2206 3471 2515
f 3323 3382 3384
f 1483 142 157
f 244 4317 520
f 4462 4317 244
f 1041 2661 1044
f 4062 1044 2661
f 4061 4062 2661
f 4299 2661 2792
f 4061 2661 4299
f 4512 1832 1814
f 1814 1812 1815
f 4512 1834 1832
f 1834 4512 1790
f 4512 4513 1790
f 1792 1790 4513
f 2273 1017 3327
f 2011 2273 3327
f 2012 2273 2011
f 1513 1594 1610
f 180 654 181
f 1437 1438 2206
f 3779 2040 2042
f 1149 649 751
f 1719 1149 751
f 1149 650 649
f 3401 2535 173
f 889 2535 3401
f 2536 2535 889
f 2976 1717 4049
f 2379 3193 3194
f 1174 1175 2383
f 2379 2383 2381
f 2379 3194 3934
f 2383 4129 1174
f 3934 2383 2379
f 3934 4129 2383
f 3935 385 3934
f 385 4129 3934
f 2966 748 747
f 747 749 2966
f 1017 2890 1845
f 2274 2890 1017
f 888 119 121
f 308 2158 306
f 4379 1772 1771
f 4379 4385 1772
f 1771 1772 1773
f 1773 1772 4385
f 2348 61 2633
f 61 60 2633
f 187 2810 2807
f 2810 187 2019
f 2810 2019 4514
f 541 3792 4421
f 4262 4172 4515
f 4342 4515 2532
f 4342 4467 4515
f 3676 4233 3243
f 3676 4089 4233
f 2531 4515 4172
f 2532 4515 2531
f 3860 4516 3863
f 3863 4516 4464
f 3863 4464 891
f 891 4464 4465
f 3233 891 4465
f 3863 3862 3860
f 3863 765 3862
f 3863 769 765
f 892 769 3863
f 892 3863 891
f 892 775 769
f 1651 4510 1648
f 3664 4510 1651
f 4510 4509 1648
f 1858 4509 4510
f 1858 4511 4509
f 4511 1858 779
f 779 778 4511
f 4517 2945 2943
f 2945 4518 2944
f 4518 2945 4517
f 4517 4520 4518
f 4518 4521 4522
f 4518 4523 4521
f 4523 4518 4520
f 4522 4519 4518
f 4525 4524 404
f 411 404 4524
f 3455 402 416
f 407 416 402
f 3755 406 411
f 4306 411 3923
f 3755 411 4306
f 4306 3923 3924
f 2606 2605 817
f 819 2606 817
f 2976 869 1717
f 812 1717 813
f 812 4049 1717
f 814 4049 812
f 2047 4526 4162
f 4157 4162 4526
f 2047 4162 4527
f 2047 1938 2048
f 4162 3865 4527
f 4527 3865 4162
f 4164 3865 4527
f 1938 3865 1939
f 4164 2340 1939
f 3865 4164 1939
f 4151 4150 4528
f 4150 4153 4528
f 2052 4154 4151
f 2052 2063 4154
f 2053 4528 2064
f 2064 2055 2053
f 4153 3902 4528
f 3902 2064 4528
f 3902 4154 2063
f 3901 3902 4153
f 2064 3902 3903
f 2063 3903 3902
f 3902 3900 4154
f 3901 3900 3902
f 3903 3902 3901
f 2674 2670 4433
f 2672 2671 4529
f 2675 2672 2671
f 2672 2675 2671
f 2671 2675 2672
f 4529 2671 2672
f 4433 767 2674
f 767 4149 2674
f 4149 2673 2674
f 4158 4159 4149
f 4157 4160 4158
f 4440 4438 4437
f 4440 4532 4531
f 4531 4159 2675
f 4159 4531 4530
f 4159 4530 2673
f 4531 4151 4530
f 4159 4530 4151
f 4532 4151 4531
f 4531 4533 4526
f 4531 4526 4533
f 2047 4526 4533
f 4526 2047 4533
f 4526 4160 4157
f 4533 4526 2047
f 4526 4533 2047
f 4159 2673 4150
f 4150 2673 4159
f 4149 4150 2673
f 4149 4151 4150
f 4537 4534 4439
f 2668 4530 4439
f 4537 4439 4530
f 4537 4530 4439
f 4534 2053 4535
f 2673 4530 2668
f 4530 4537 4439
f 4537 2053 4534
f 4530 2673 4537
f 4532 754 4538
f 4159 2673 4530
f 2673 4151 4537
f 4150 4159 2673
f 2673 4159 4151
f 4532 4538 2052
f 4159 4150 4151
f 4151 4150 4537
f 4537 4150 4528
f 2053 4537 4528
f 4150 4151 4159
f 4150 4159 4151
f 4150 4151 4537
f 4532 2052 4151
f 4151 4150 4537
f 4528 4150 4151
f 4498 4539 753
f 1786 1785 4540
f 4539 4536 4535
f 4539 4540 1785
f 4539 1785 4541
f 4539 1785 4540
f 759 753 4539
f 4542 1785 4539
f 755 759 4538
f 4539 4541 759
f 4542 4541 1785
f 755 4538 754
f 4535 2053 2056
f 4535 2056 4539
f 4541 4538 759
f 4542 4539 2056
f 2057 4542 2056
f 4541 2060 2056
f 2060 4541 4542
f 4541 2054 4538
f 4541 2057 2054
f 2056 2057 4541
f 2057 2056 2060
f 4542 2057 2059
f 2054 2052 4538
f 2054 2056 2057
f 2057 2056 2054
f 3422 3539 3292
f 1009 3539 3422
f 1779 1781 1783
f 1779 1783 4544
f 1779 1783 1781
f 1785 1786 1779
f 1785 1779 4543
f 1777 1785 1782
f 1779 4544 4543
f 1779 4547 1783
f 1785 4543 4542
f 1785 4542 1782
f 4545 4544 1779
f 1779 4544 4547
f 4546 4550 4545
f 4396 1784 1782
f 4547 4544 1783
f 4395 1782 4542
f 4545 4547 4544
f 4504 4543 4544
f 4544 4547 4504
f 4544 4549 4396
f 4549 1784 4396
f 4545 4550 4547
f 1782 4395 4396
f 4543 4504 4542
f 4542 4504 2060
f 4392 4548 4547
f 2059 4395 4542
f 3747 4547 4550
f 4393 4394 4396
f 4504 3747 4550
f 4504 4505 4395
f 4504 4547 4393
f 4393 4547 4392
f 2057 2060 4504
f 2060 3746 761
f 4395 2059 4504
f 4393 4396 4395
f 815 4248 355
f 1220 355 1223
f 1220 815 355
f 3742 4251 3743
f 4251 3742 63
f 63 1107 4251
f 1103 668 1100
f 1103 671 668
f 1103 2 671
f 1103 1104 6
f 2 1103 6
f 6 1107 1
f 2603 2871 2602
f 2605 2602 353
f 2605 353 354
f 425 426 1183
f 3975 2657 2499
f 3975 2499 3282
f 3102 2657 3975
f 3289 3974 3282
f 3974 3975 3282
f 4075 2546 3871
f 4076 4551 4075
f 2546 4075 4551
f 2546 4551 4339
f 4339 4551 4338
f 4076 4338 4551
f 4075 4076 4080
f 4076 4075 4080
f 4338 4076 4080
f 815 818 4552
f 4552 815 1220
f 815 4552 818
f 815 4552 597
f 4424 4552 1220
f 4552 4424 4553
f 4553 597 4552
f 1609 1606 4554
f 1608 4554 1606
f 1609 2698 2694
f 4554 2698 1609
f 2694 2698 543
f 4554 4555 2698
f 4555 1675 549
f 543 2698 4555
f 543 4555 546
f 547 548 1617
f 549 546 4555
f 548 550 551
f 11 9 10
f 4556 3793 3796
f 3793 4556 954
f 954 3795 3793
f 4556 3796 952
f 4556 952 953
f 953 954 4556
f 955 954 953
f 101 98 42
f 42 34 101
f 102 101 34
f 4421 540 541
f 3243 2918 3676
f 3537 3676 2918
f 4262 4515 4467
f 4467 4557 4262
f 4557 969 4262
f 4470 969 4557
f 4467 4470 4557
f 4470 4491 969
f 3940 540 1860
f 1860 628 3940
f 4421 1860 540
f 631 628 1860
f 1663 1664 1698
f 1663 1698 1664
f 1699 1698 1696
f 1698 4558 1664
f 1664 4558 1696
f 4558 1663 1664
f 1666 1568 1570
f 1663 4558 1698
f 1665 1669 1663
f 1663 4560 4558
f 4559 1697 2685
f 1669 4558 1663
f 1663 4558 1665
f 1665 4558 1669
f 4560 1663 4561
f 1669 4561 1663
f 1663 4558 1669
f 1669 1668 1665
f 4561 4558 4559
f 1669 4558 4561
f 1662 3930 1666
f 4560 4561 1543
f 1543 4561 2941
f 1544 2941 4561
f 1531 1544 1527
f 1568 2894 1569
f 1666 2894 1568
f 2894 1666 3930
f 1526 1528 3930
f 1528 2894 3930
f 145 4252 4411
f 3501 4015 1657
f 4411 169 145
f 4015 4252 1657
f 168 1657 4252
f 168 4252 145
f 105 972 104
f 972 1989 3704
f 3704 1989 2412
f 3579 3618 3578
f 1865 3618 3579
f 138 99 96
f 132 42 99
f 132 131 42
f 2815 2322 2325
f 2322 2815 2816
f 2212 2209 2210
f 2543 1255 1254
f 2212 2210 2543
f 2210 1255 2543
f 2213 2212 2543
f 2543 2541 2542
f 181 652 648
f 750 649 648
f 452 3163 1895
f 4323 3793 4491
f 4322 4323 4491
f 4009 4323 4322
f 3796 3793 4323
f 452 451 450
f 2537 2536 889
f 2537 103 2536
f 1988 2519 2440
f 2519 2297 2440
f 642 643 1284
f 1015 1284 643
f 643 134 1015
f 1015 134 232
f 171 51 3808
f 51 1242 3808
f 53 48 644
f 3589 3759 2913
f 3589 2738 3759
f 2801 3589 2913
f 3308 4048 3929
f 3308 3191 4048
f 185 4317 4462
f 1024 185 4462
f 2396 2393 2956
f 2396 2394 2393
f 2392 2393 2394
f 1251 2396 2956
f 1787 2396 1251
f 2469 2467 2468
f 4502 3658 4330
f 2916 4330 655
f 2921 2916 1241
f 3275 2497 3778
f 3283 3778 2497
f 2500 2497 2501
f 2501 3283 2500
f 188 971 1173
f 4348 4296 4301
f 3168 4296 4348
f 3539 3540 3292
f 234 1718 1019
f 2323 2321 183
f 3316 2323 183
f 1718 234 1719
f 4238 2492 4418
f 4238 2495 2492
f 2495 4238 4237
f 1170 4418 1169
f 4238 1170 4237
f 1170 4238 4418
f 1170 3216 4237
f 598 3788 776
f 599 3788 598
f 2629 428 427
f 3788 2629 776
f 3789 2629 3788
f 2916 4502 4330
f 2921 4502 2916
f 3839 3842 3841
f 3841 3697 3842
f 3839 3841 3842
f 3841 3839 4257
f 3839 4563 4257
f 2778 2243 4257
f 4058 4056 2238
f 2243 2778 2237
f 4257 4563 2778
f 3842 3839 3841
f 2237 2778 223
f 4058 2780 4056
f 2663 223 2778
f 4058 4059 2780
f 3839 3842 2776
f 3839 2776 4563
f 4056 2780 2779
f 2776 2777 4563
f 2777 2778 4563
f 2779 2780 4056
f 3409 2271 3410
f 3410 2271 2270
f 2496 3410 2264
f 3410 2270 2264
f 2488 2496 2264
f 3894 3881 3893
f 3931 3894 3893
f 2709 429 428
f 3790 2709 428
f 428 2629 3790
f 2040 2041 902
f 150 39 37
f 639 1277 312
f 1277 639 130
f 1277 315 312
f 92 99 138
f 99 92 133
f 93 133 92
f 99 133 132
f 230 133 93
f 1379 940 939
f 743 1379 939
f 939 2475 743
f 4289 3256 3254
f 3256 4289 3649
f 3647 3256 3649
f 1181 4129 3964
f 3964 929 1181
f 4129 385 384
f 3783 3964 4129
f 3783 4129 384
f 3964 618 929
f 538 3649 4289
f 538 3939 3649
f 627 3875 3939
f 1442 1957 340
f 340 1628 1442
f 3240 3336 3538
f 3538 3336 266
f 3336 3240 3337
f 2016 187 4081
f 184 796 1304
f 185 796 184
f 3337 3240 3677
f 4564 2806 632
f 2807 2806 4564
f 3967 4564 1864
f 4503 2807 4564
f 4081 4564 3967
f 4081 4503 4564
f 888 123 119
f 3395 58 55
f 57 885 56
f 887 3395 55
f 59 887 55
f 56 885 59
f 885 57 888
f 1862 1860 4421
f 4421 4423 1862
f 4423 3575 1862
f 2534 4086 4101
f 4101 4173 633
f 4086 4173 4101
f 535 796 185
f 1023 185 1024
f 535 185 1023
f 2020 914 4454
f 2020 911 914
f 914 4463 4454
f 912 914 911
f 913 914 912
f 2338 3816 263
f 2338 263 2366
f 781 4451 4452
f 4452 4562 781
f 4562 780 781
f 4452 4451 4453
f 4452 4453 4463
f 4452 4463 4562
f 4464 4562 4463
f 4454 4463 4453
f 65 64 2632
f 4455 3931 3893
f 2850 4455 3893
f 3474 4239 3931
f 3931 4455 3474
f 155 141 3474
f 987 994 368
f 170 3196 86
f 217 4139 3530
f 1931 3530 4139
f 1052 2820 2819
f 4139 2820 1052
f 4139 1052 1931
f 25 23 2422
f 2420 2422 1108
f 2422 1109 1108
f 2916 655 1241
f 536 1149 235
f 4127 2872 4565
f 2873 4565 2872
f 4566 4565 2873
f 2873 1182 4566
f 1098 3788 1096
f 3435 2709 3790
f 3435 3790 3949
f 1088 3949 3790
f 3435 3949 1089
f 4485 3312 3311
f 4485 3313 3312
f 3313 11 10
f 10 3314 3313
f 3644 4073 3867
f 4073 3871 3870
f 4073 3801 4077
f 3644 3801 4073
f 3802 4077 3801
f 2402 2403 3969
f 1952 2368 2416
f 1315 3969 1316
f 2395 3969 2403
f 1316 3969 2395
f 4337 2162 1843
f 2162 4337 1434
f 1843 2162 2164
f 1966 1843 2164
f 2207 2208 4234
f 4356 4355 4357
f 3161 4490 3159
f 3664 1858 4510
f 4567 1858 3664
f 1858 4567 4568
f 3199 4127 3201
f 4127 3199 2872
f 162 1283 3108
f 162 3108 4230
f 357 358 394
f 394 358 3198
f 389 394 3198
f 3198 390 389
f 650 3316 648
f 4433 3858 4432
f 4432 3858 3861
f 765 4432 3861
f 765 4433 4432
f 766 4433 765
f 767 4433 766
f 4442 1776 4391
f 1767 4391 1776
f 1772 1778 4377
f 4536 4540 4442
f 1773 1778 1772
f 1776 4442 1778
f 1778 4442 4540
f 1776 1778 4540
f 1777 1776 4540
f 4540 4498 1778
f 1786 4540 1778
f 1785 1777 4540
f 754 4498 755
f 755 4498 753
f 4539 4540 4536
f 4540 4539 4498
f 4442 4378 4431
f 4536 4442 4431
f 2668 4435 832
f 4534 4431 4435
f 4534 4536 4431
f 4435 2668 4439
f 4534 4435 4439
f 4535 4536 4534
f 3705 619 967
f 1382 3705 967
f 416 4333 3455
f 3455 4333 1830
f 1071 4333 416
f 4333 1071 4386
f 1610 1722 4389
f 2043 4389 1722
f 1781 4569 1783
f 4549 572 1784
f 4569 4548 1783
f 572 4549 4570
f 572 4570 575
f 572 575 574
f 4394 4570 4549
f 4396 4394 4544
f 4394 4549 4544
f 4397 575 4570
f 4394 4396 4549
f 4394 4549 4396
f 4396 4549 4394
f 4396 4394 4549
f 4548 4392 4547
f 575 2002 574
f 4394 4395 4396
f 2002 575 577
f 4397 4570 4394
f 577 575 2002
f 577 2002 575
f 2002 4399 3600
f 2002 3600 4571
f 4399 2126 3600
f 574 575 578
f 578 573 574
f 578 576 573
f 4571 578 575
f 2002 4571 575
f 2004 576 578
f 576 2004 3048
f 577 578 2001
f 3048 2004 578
f 3047 576 3048
f 2001 578 2004
f 2004 578 2001
f 2004 4571 4572
f 2004 578 4571
f 2004 3048 578
f 2004 4572 3048
f 2004 2003 2005
f 3047 3048 4572
f 4572 4571 3600
f 3047 4572 3052
f 2008 2004 2005
f 3601 4572 3600
f 3601 3052 4572
f 2003 2004 2008
f 4426 4553 4424
f 4425 4553 4426
f 4553 599 597
f 1159 4553 4425
f 4425 1156 1159
f 4553 1159 599
f 183 181 648
f 3316 183 648
f 3380 3381 393
f 3869 3381 3380
f 2359 3381 3869
f 1844 3381 2359
f 4462 244 542
f 1149 1148 650
f 4348 4301 4347
f 4347 4449 4349
f 4301 4449 4347
f 4348 3565 3167
f 4287 4349 4449
f 4348 3167 3168
f 149 3186 148
f 3932 3185 3186
f 4573 2541 1254
f 2543 1254 2541
f 3654 2541 4573
f 66 3512 3803
f 3803 62 66
f 235 1149 1719
f 2720 2828 2718
f 2720 4219 3438
f 3438 4219 3437
f 4491 4470 4322
f 4470 4468 4322
f 4322 4468 4471
f 1173 3093 188
f 940 1173 937
f 189 188 3093
f 940 3093 1173
f 3093 4315 1616
f 2496 2488 3897
f 2488 1893 3897
f 136 135 233
f 136 233 232
f 2581 4276 4277
f 3318 4277 3319
f 4277 3318 931
f 4277 931 4286
f 366 652 651
f 1859 1001 604
f 604 903 1859
f 925 923 2968
f 4508 1476 1480
f 1480 1475 1476
f 1476 1477 1480
f 1482 1480 4574
f 4365 1480 1477
f 1480 4365 1477
f 4365 1480 1477
f 3669 1478 1479
f 4574 4460 1482
f 1477 4365 1480
f 1477 1480 4365
f 4574 4508 1482
f 1479 4460 4574
f 4574 4365 1479
f 4365 4574 1480
f 1479 4365 4575
f 1477 4575 4365
f 4575 1478 3669
f 4575 1477 1478
f 4575 3669 1479
f 4575 1479 3669
f 3670 4482 1479
f 4446 4089 3536
f 3538 4446 3536
f 3860 778 780
f 778 3860 3856
f 780 4562 3860
f 3860 4562 4516
f 4516 4562 4464
f 3925 3924 3923
f 1829 3926 1971
f 1789 256 3946
f 3947 3817 1302
f 3712 3713 3710
f 1830 4441 3455
f 1991 1993 884
f 3044 972 55
f 105 55 972
f 57 56 105
f 56 55 105
f 58 3044 55
f 888 122 123
f 888 57 122
f 139 109 142
f 109 139 123
f 119 123 139
f 1162 3666 1164
f 3451 2616 3653
f 3654 3451 3653
f 2529 2468 2469
f 2470 2469 2468
f 250 251 2471
f 4576 2470 2468
f 2529 4576 2468
f 2470 4576 4031
f 4576 249 2470
f 4576 2471 249
f 4576 249 261
f 2529 4031 4576
f 4031 2470 4576
f 2470 4031 4576
f 2470 4576 4031
f 4576 2470 249
f 261 249 248
f 4031 2529 4576
f 2470 4031 4576
f 2211 4576 2529
f 250 2471 4576
f 4031 4576 261
f 250 4576 2211
f 2210 2211 2529
f 250 2211 2209
f 264 250 2209
f 2209 2211 2210
f 1219 2732 1154
f 2732 1153 1154
f 2734 2732 2733
f 2732 2734 1153
f 2900 600 601
f 4445 603 600
f 2900 4445 600
f 2900 601 600
f 603 4022 600
f 4022 2900 600
f 600 4445 4022
f 4022 4445 600
f 4022 2900 4577
f 4577 2900 4022
f 2900 4577 4445
f 4577 2900 4022
f 4577 1139 2900
f 2899 2900 1139
f 4577 1142 4445
f 1142 4577 4022
f 1142 4022 4445
f 1142 1095 4022
f 1142 1139 4577
f 4577 2900 2899
f 4022 1095 1142
f 4577 2899 1139
f 4577 1139 1142
f 1142 1141 4577
f 1138 1139 2899
f 1138 2899 2901
f 1139 4577 1141
f 4577 1139 1142
f 1139 1141 1142
f 3788 599 1096
f 189 1616 190
f 1616 189 3093
f 4578 1827 1796
f 1796 1629 4578
f 1631 1828 1961
f 1639 4578 1629
f 1639 1629 1630
f 1631 1961 1964
f 4578 2960 1827
f 2960 4578 4579
f 1639 1630 1640
f 1959 4579 1639
f 4579 4578 1639
f 1958 2960 1959
f 1959 2960 4579
f 1639 1962 1959
f 4115 1962 1640
f 1958 1959 1962
f 1962 4115 1963
f 1962 1639 1640
f 3781 1115 3427
f 4316 184 4086
f 4462 1151 1024
f 781 779 1858
f 4451 1858 4568
f 1858 4451 781
f 2976 542 869
f 1151 542 2976
f 1151 4462 542
f 2366 883 2338
f 2389 883 2366
f 1079 237 2758
f 838 3857 3858
f 3856 838 778
f 3856 3857 838
f 3201 4127 2752
f 2753 4127 4566
f 680 2753 4566
f 4127 4565 4566
f 4566 677 680
f 4566 1182 677
f 188 190 1016
f 190 1555 1016
f 1038 1037 1555
f 4105 4422 4490
f 4105 4490 3161
f 4483 3574 4105
f 108 126 4580
f 141 142 4580
f 632 3241 629
f 1861 632 631
f 1861 4564 632
f 1864 4564 1861
f 266 4446 3538
f 472 4214 305
f 2326 2322 2816
f 219 218 4229
f 3963 3962 3958
f 2180 2179 1915
f 3961 2847 3957
f 3962 3959 3958
f 2181 1915 2179
f 3959 3960 3958
f 3963 3958 3960
f 4581 2847 3961
f 4581 1915 2847
f 2848 3962 4130
f 4581 1916 1915
f 782 790 789
f 2848 4131 3962
f 4582 3959 3962
f 4245 3960 3959
f 3962 3963 4582
f 4131 4582 3962
f 4130 3962 4582
f 4246 4245 4247
f 3959 4582 4245
f 4130 430 2848
f 3963 4130 4582
f 4130 4131 4582
f 4130 4582 4131
f 4582 4131 4130
f 4582 4245 4247
f 4582 4130 4245
f 4247 4245 4130
f 4246 4245 4582
f 4246 4247 4245
f 4245 4246 4582
f 4582 436 4245
f 4131 4247 4130
f 4582 4247 4246
f 430 4130 432
f 4582 4246 4247
f 4131 430 442
f 442 4247 4131
f 442 4582 4247
f 430 432 431
f 442 436 4582
f 4573 1254 3451
f 3451 3654 4573
f 669 668 645
f 671 645 668
f 671 3 645
f 164 162 4230
f 4231 1105 3377
f 4343 164 4251
f 165 164 4343
f 4231 1106 1105
f 1106 4231 167
f 165 4343 167
f 167 4343 1106
f 4446 936 4089
f 559 4217 553
f 307 4214 4216
f 3951 4217 559
f 4216 4217 3951
f 4521 3951 3950
f 424 3951 4523
f 2758 237 1038
f 521 520 4317
f 2152 2155 2014
f 2014 2155 2222
f 2154 2222 2155
f 151 2014 2222
f 295 3701 3702
f 295 294 3701
f 3701 146 3662
f 17 14 79
f 300 299 301
f 302 301 303
f 149 143 144
f 3701 149 144
f 144 146 3701
f 43 35 47
f 3390 3864 653
f 91 138 4427
f 138 96 137
f 3980 4204 4186
f 4205 4204 4187
f 4186 4204 2719
f 4362 4476 4475
f 4583 4354 1475
f 1482 1481 4508
f 4583 4361 4508
f 4361 4583 4508
f 4574 4361 4508
f 4361 4355 4358
f 4361 4583 4355
f 1482 4508 4574
f 4574 4508 4361
f 4361 4354 4583
f 4354 4361 4358
f 2216 4362 4475
f 1482 4584 4574
f 1482 4574 4584
f 2216 2215 4362
f 977 4362 976
f 2215 976 4362
f 2217 2218 974
f 1203 2216 1194
f 2218 975 974
f 4086 186 4316
f 186 184 4316
f 185 184 186
f 185 186 4317
f 4567 2019 4568
f 4450 2019 4585
f 4450 4568 2019
f 4450 4451 4568
f 4450 4585 2019
f 2020 4450 2019
f 3664 1651 4567
f 4514 1651 2810
f 4514 4567 1651
f 4567 4514 2019
f 778 1506 4511
f 1757 1731 3851
f 1926 1930 2015
f 1930 1757 1758
f 2015 908 1018
f 3851 1731 777
f 1731 1732 777
f 1758 1852 1930
f 1930 4586 2015
f 908 2015 4586
f 4587 4586 1930
f 908 4586 910
f 4587 910 4586
f 906 907 908
f 2803 3758 3091
f 3758 2803 3665
f 3665 3973 3758
f 3473 297 298
f 297 4580 126
f 3473 4580 297
f 2814 3473 298
f 109 108 4580
f 109 4580 142
f 141 4580 3473
f 4184 2719 4183
f 4185 2717 247
f 247 2717 2723
f 2723 3970 247
f 2362 890 1078
f 450 890 452
f 113 2760 114
f 3980 2754 3898
f 3898 680 4588
f 679 4588 680
f 4102 4588 679
f 4187 1305 4205
f 86 90 170
f 1080 1085 2414
f 4589 1170 506
f 506 4590 4589
f 508 4590 506
f 4590 508 4589
f 508 511 4589
f 3218 1170 4589
f 3218 3216 1170
f 3216 3218 3217
f 511 3218 4589
f 651 653 3864
f 1891 1889 1628
f 1628 738 1891
f 4020 3827 3821
f 463 4591 467
f 4459 1472 4592
f 1475 4592 1472
f 4362 2208 1509
f 4459 1510 1472
f 4592 1475 4355
f 4476 4362 1509
f 4583 4592 4355
f 4459 4592 4508
f 4354 4355 1475
f 4592 4583 4508
f 1476 4508 4583
f 4583 1475 1476
f 1480 1482 4508
f 2753 3898 2754
f 2755 2754 4186
f 758 757 756
f 1780 758 1779
f 758 4546 1779
f 4546 758 760
f 4550 4546 760
f 761 4550 760
f 3746 4504 4550
f 761 3746 4550
f 183 2321 182
f 3898 4204 3980
f 2754 3980 4186
f 4204 3898 4187
f 4187 3898 4588
f 4187 4588 4102

